canton,cell,longitude,latitude,mu_normal,mu_hot,ratio_hot_normal
Bern,881f82241bfffff,7.10841810846652,46.9856343438977,1.12930364056749,0.62516628241548,0.553585643362775
Bern,881f822451fffff,7.08175168488196,46.9956816379232,1.04815290096766,0.637009360418106,0.607744690521791
Bern,881f822453fffff,7.09339093805925,46.9944122255018,0.951904903233747,0.547022798535411,0.574661183776974
Bern,881f822459fffff,7.07836172618233,47.003186450688,0.917944965073861,0.55813363671821,0.6080251626777
Bern,881f82245bfffff,7.09000193238856,47.001917775142,0.941287877651786,0.539865143812607,0.573538825507239
Bern,881f8224c9fffff,7.12831144646767,46.9905962486113,0.767610131400992,0.393302545274383,0.512372790802739
Bern,881f8224cbfffff,7.13995252911633,46.9893216758952,0.797396338049336,0.404822755881774,0.507680731105548
Bern,881f8224cdfffff,7.12005732457761,46.9843616150978,1.17250049004849,0.628222682338973,0.535797372940109
Bern,881f8224d9fffff,7.15985277858124,46.9942786271567,0.848037572868753,0.426178738721579,0.502547000694669
Bern,881f8224dbfffff,7.17149617905111,46.9930009185207,0.865232746243186,0.446941530103889,0.516556420274771
Bern,881f8224ddfffff,7.15159406679749,46.9880458126982,0.824104164974327,0.421110486404648,0.510991819120059
Bern,881f8225b3fffff,7.12238489741089,46.9055542739572,0.945617729035961,0.855488252096444,0.904687196345819
Bern,881f8225bbfffff,7.11900205762783,46.9130697921183,0.789186782748225,0.672750990464902,0.852461046195107
Bern,881f822605fffff,7.03665645727451,47.0219872613907,1.05497933672006,0.742121393266315,0.703446377986487
Bern,881f822607fffff,7.04829718463158,47.0207239294174,1.03372108205134,0.700402686060215,0.677554804890232
Bern,881f822621fffff,7.03180551128854,47.0082482566317,0.718741288577273,0.52829614152682,0.735029627381734
Bern,881f822623fffff,7.04344387165591,47.0069847392531,1.02781778220672,0.730000165088231,0.71024278595465
Bern,881f82262bfffff,7.04005046169313,47.0144864471587,1.0384374057097,0.734814860445766,0.707615939492832
Bern,881f822631fffff,7.06333047448839,47.0119570188585,0.836741665860483,0.539997647430487,0.645357664692326
Bern,881f822633fffff,7.07497117337968,47.0106903701702,0.845466795980038,0.515377096248273,0.609576980076271
Bern,881f822635fffff,7.05508269488269,47.0057199325793,1.01968280813817,0.692637824333308,0.679267924108667
Bern,881f822637fffff,7.06672198003591,47.0044538364457,0.837783574616528,0.539722712640337,0.644226897009028
Bern,881f82263dfffff,7.0516902369484,47.0132223777998,1.02401800358625,0.695323774507467,0.679015185350598
Bern,881f8226a1fffff,7.11328372124556,46.9993765540302,0.728809086920597,0.37852020254204,0.519368116198144
Bern,881f8226a3fffff,7.12492530202836,46.9981040081375,0.760243250197385,0.382531519253143,0.503169898784139
Bern,881f8226a5fffff,7.10503065000511,46.9931415232516,1.11535256186938,0.609585585187064,0.546540713696278
Bern,881f8226a7fffff,7.11667081978589,46.9918695310092,1.15955267553407,0.609198613996442,0.525373815998361
Bern,881f8226a9fffff,7.10989602882415,47.0068826839817,0.72021485464328,0.372377944118754,0.517037300352811
Bern,881f8226abfffff,7.12153856378222,47.0056108746653,0.752330031749698,0.374790080235551,0.498172430208455
Bern,881f8226adfffff,7.10164259772092,47.000647809644,0.901747014354158,0.489921920101344,0.543303068712939
Bern,881f8226b5fffff,7.13656733913498,46.9968301718027,0.792542186889271,0.392440771036672,0.495167042876294
Bern,881f8226b7fffff,7.14820983163085,46.9955550448633,0.822841521791602,0.407396908515473,0.495109808786062
Bern,881f8226bdfffff,7.13318155542124,47.0043377747834,0.786718030710935,0.383310588593009,0.487227410113661
Bern,881f8226e7fffff,7.09825395148154,47.0081532028956,0.692687190229185,0.376150143780084,0.54303031597225
Bern,881f8234d9fffff,7.03083986327194,47.1081599536034,1.15635877117746,0.767952327292411,0.664112511128745
Bern,881f823613fffff,6.95896089952936,47.1443777786626,2.56887922691414,1.90753602338393,0.742555743142253
Bern,881f823615fffff,6.93905959464625,47.1393882522018,2.62958296807301,1.93744668557232,0.736788574118314
Bern,881f823617fffff,6.95071273079503,47.138141153898,2.52377894805073,1.847393733822,0.731995064484096
Bern,881f823621fffff,6.90268164485172,47.121916621743,2.58185643914084,1.89461384499576,0.733818432455613
Bern,881f823623fffff,6.91433003381894,47.12067246721,2.48509907594157,1.80029851286062,0.724437319336459
Bern,881f823625fffff,6.89444344004742,47.1156760598263,2.54351844764263,1.87489498900802,0.737126554260184
Bern,881f823627fffff,6.90609040391695,47.1144324556375,2.44539215403387,1.77624355663486,0.726363480681333
Bern,881f823631fffff,6.93422172987545,47.1256657754927,2.43130067762509,1.74917146421682,0.719438562377001
Bern,881f823635fffff,6.9259788972222,47.1194270228492,2.38799442578783,1.71299618421001,0.717336759965372
Bern,881f823639fffff,6.93081462894902,47.1331503659908,2.5789037019385,1.88175069066912,0.72967078578958
Bern,881f82363bfffff,6.94246634098837,47.1319038193418,2.47717040612192,1.79428316494319,0.724327708949256
Bern,881f82363dfffff,6.92257144208474,47.1269117708274,2.53010322915716,1.83570239120053,0.725544463975113
Bern,881f823681fffff,6.99732998385891,47.1331398503698,1.85464125068031,1.32809005554627,0.716090001265261
Bern,881f823683fffff,7.00898546956231,47.1318862960712,1.71485598446114,1.21773418234147,0.710108716636123
Bern,881f823687fffff,7.00073196782073,47.1256517241198,1.71041864193583,1.20423166276814,0.704056675507941
Bern,881f823689fffff,6.9939274033923,47.1406270801809,2.00755457542627,1.46671190231685,0.730596278811209
Bern,881f82368bfffff,7.00558384272804,47.1393742642665,1.86302187031271,1.35124215467589,0.725295916386146
Bern,881f82368dfffff,6.9856749661943,47.1343921131344,1.99021876330259,1.43400059213174,0.720524104471884
Bern,881f8236b9fffff,7.01238649996485,47.1243974315065,1.57844398131401,1.1004524997554,0.697175517650809
Bern,881f8236c1fffff,6.97886730200772,47.1493641990615,2.48089525612603,1.86591556006345,0.752113800635468
Bern,881f8236c3fffff,6.99052422628797,47.148113413377,2.18028915701927,1.63091192852526,0.748025519126519
Bern,881f8236c5fffff,6.97061593085657,47.1431288372114,2.44772781914133,1.80788017376808,0.738595263587063
Bern,881f8236c7fffff,6.9822714324563,47.1418786044401,2.31376660911053,1.70008036487491,0.7347674385916
Bern,881f8236cbfffff,6.98712045241304,47.1555988497825,2.64766649832578,2.03530354294569,0.768715978478666
Bern,881f8236d1fffff,7.01043761423717,47.1530948798418,2.04073846205013,1.54757733407184,0.758341827162481
Bern,881f8236d3fffff,7.02209689648949,47.151840956607,1.86980982353628,1.40287491198123,0.750276789822423
Bern,881f8236d5fffff,7.00218161932912,47.1468613359162,2.03376465356373,1.51144223514351,0.743174601100001
Bern,881f8236d9fffff,7.00703515152266,47.1605808963442,2.20406514048303,1.72649781077598,0.783324312455491
Bern,881f8236dbfffff,7.01869538834869,47.1593277114592,2.04348700236017,1.58624230399923,0.776242913298282
Bern,881f8236ddfffff,6.99877879923257,47.1543475108446,2.195226583011,1.67753139786136,0.764172323186995
Bern,881f8236e9fffff,6.96236633872641,47.1368927647309,2.40949443732664,1.75404758703261,0.727973287615779
Bern,881f8236ebfffff,6.97402041750477,47.1356430845323,2.28465252534811,1.65472729593831,0.724279634464843
Bern,881f823711fffff,6.88961647826479,47.1019503106217,2.38581419397228,1.76394728529927,0.739348139413308
Bern,881f823719fffff,6.88620701350971,47.1094347907935,2.51234057740433,1.86812433635578,0.743579255598328
Bern,881f82371bfffff,6.89785255214391,47.1081917366085,2.41211942083433,1.76412629577757,0.73135943458694
Bern,881f82371dfffff,6.87797236500318,47.1031928151435,2.48815924024536,1.87335999268437,0.752910007680871
Bern,881f830025fffff,7.80432829408993,47.1649621801569,0.521306886447573,0.65892451422327,1.26398582361627
Bern,881f83002dfffff,7.80098718190051,47.1724885369728,0.514641181888519,0.638856943403488,1.24136381985435
Bern,881f830049fffff,7.80435054439537,47.2149624728156,0.573161633260335,0.535503720263649,0.93429791735627
Bern,881f830061fffff,7.79430317808812,47.1875385675021,0.506101535293133,0.59749961018884,1.18059236837282
Bern,881f830065fffff,7.78593974420361,47.1813484026179,0.51191682392177,0.650856071796559,1.2714098099187
Bern,881f830067fffff,7.79764547661164,47.1800139994808,0.509228658945459,0.617926613306738,1.21345608196203
Bern,881f830069fffff,7.79096028619473,47.195062240858,0.506325507251168,0.578874414251613,1.14328511197137
Bern,881f83006dfffff,7.78259646463577,47.1888722400893,0.515002635485022,0.636548533275958,1.2360102442514
Bern,881f830111fffff,7.79930693063832,47.15124410891,0.524478444421682,0.710454264882065,1.35459192353549
Bern,881f830115fffff,7.79094682047001,47.1450525503525,0.510582907614828,0.727442950094538,1.42473032145311
Bern,881f830117fffff,7.8026472449635,47.1437158004227,0.528624006998012,0.719150647501487,1.36041995441231
Bern,881f830119fffff,7.79596602353483,47.1587715235524,0.519804218913818,0.698062475184864,1.34293345414459
Bern,881f83011dfffff,7.78760552586997,47.1525801285314,0.508064413491308,0.721126939408169,1.41936124684022
Bern,881f83013bfffff,7.79428752234267,47.1375240784334,0.512540457261587,0.729811322463897,1.42390968776036
Bern,881f830153fffff,7.79262452351797,47.1662980441705,0.515459720052468,0.683066455728361,1.32515971501873
Bern,881f830157fffff,7.78426363840752,47.1601068127908,0.505896944740724,0.711939570980424,1.40728181575656
Bern,881f83015bfffff,7.78928243045262,47.1738236705853,0.512451531458281,0.666827224293909,1.30124935405368
Bern,881f8301a1fffff,7.83606080874858,47.1184437193879,0.548525962343443,0.684460651914855,1.24781815064991
Bern,881f8301a3fffff,7.84775949879468,47.1171008651998,0.548135151717707,0.661676906931211,1.20714189713558
Bern,881f8301a5fffff,7.82769948398157,47.1122526568851,0.537880117125975,0.692291233357509,1.28707347848549
Bern,881f8301a7fffff,7.83939679239138,47.1109103776928,0.542260495087715,0.673966476641116,1.24288323185353
Bern,881f8301a9fffff,7.83272423303636,47.1259761681068,0.551227741026371,0.689087467650513,1.25009577052028
Bern,881f8301adfffff,7.82436251970533,47.1197852688341,0.543228262653673,0.703593095375785,1.29520708649938
Bern,881f8301e1fffff,7.81768681455607,47.1348478133981,0.544179241018602,0.708563377262767,1.3020771904795
Bern,881f8301e3fffff,7.8293870651197,47.1335077236694,0.550418777083328,0.687686274093721,1.24938738052828
Bern,881f8301e7fffff,7.82102496327515,47.1273169877318,0.545223278688223,0.708982142541335,1.30035192966652
Bern,881f8301e9fffff,7.81434807341307,47.1423777456534,0.540567242375011,0.702646855263139,1.29983247260049
Bern,881f8301edfffff,7.80598696664543,47.1361865982699,0.531428086990699,0.723239930082839,1.36093659290443
Bern,881f830201fffff,7.80268955522493,47.2437115706645,0.350146391204457,0.264916760923779,0.756588580029342
Bern,881f830203fffff,7.81440574586641,47.2423785169688,0.443039767226761,0.327400042280593,0.738985676906561
Bern,881f830205fffff,7.79431885438472,47.237524449491,0.369775355095728,0.30154169592038,0.815472669459856
Bern,881f830207fffff,7.80603365724537,47.2361919723133,0.462764605408968,0.366079257874674,0.791070132840327
Bern,881f830209fffff,7.79934485900453,47.2512302731477,0.417275765265985,0.302133493634504,0.72406192447317
Bern,881f83020bfffff,7.81106203284709,47.2498979501465,0.335159709745514,0.237354217688608,0.708182430008759
Bern,881f83020dfffff,7.79097376959736,47.2450433170911,0.440851715501729,0.343092115175838,0.778248338640052
Bern,881f83021dfffff,7.82277961109421,47.2485643195958,0.313802673066069,0.218732949496018,0.697039790511806
Bern,881f830221fffff,7.78929480899169,47.2238166589057,0.553588261808019,0.513808188310827,0.928141407176392
Bern,881f830223fffff,7.80100724164823,47.2224840271753,0.578879643787669,0.517525581637891,0.894012403427537
Bern,881f830225fffff,7.78092804894251,47.2176278911483,0.658713540432499,0.666226538597243,1.01140556205936
Bern,881f830227fffff,7.79263909390292,47.2162958352055,0.61043897097137,0.593037258361421,0.971493116531767
Bern,881f830229fffff,7.78594993011815,47.2313365871231,0.392039396205323,0.346874863858097,0.884795934326019
Bern,881f83022bfffff,7.79766334502317,47.2300046861265,0.356247775638017,0.304306921746871,0.854200201536351
Bern,881f83022dfffff,7.77758278221666,47.2251479840584,0.607692734779559,0.585474190590222,0.96343786437171
Bern,881f830231fffff,7.82109138969453,47.227336963409,0.521915054994024,0.42072693631411,0.80612147951725
Bern,881f830233fffff,7.83280601754419,47.2260011413891,0.506515410619043,0.400616402244002,0.790926384163485
Bern,881f830235fffff,7.81272007922852,47.2211500887175,0.545194390800943,0.471448678735761,0.864735013218235
Bern,881f83023bfffff,7.82946447600103,47.2335230963927,0.505264819140048,0.383013418756778,0.758044898927776
Bern,881f83023dfffff,7.80937716520139,47.2286714782717,0.549487116027926,0.454570383769232,0.827263043135901
Bern,881f830245fffff,7.77591172836907,47.2538909971013,0.61583601398772,0.468392569796712,0.760580023184634
Bern,881f83024dfffff,7.77256447229157,47.2614073416108,0.670343964920096,0.484033418019379,0.722067242116627
Bern,881f830253fffff,7.82781231926945,47.2622684820468,0.497552712587388,0.317558974692308,0.638241871983632
Bern,881f830255fffff,7.80771772557683,47.2574164873525,0.399304466296774,0.271328346572748,0.679502408498205
Bern,881f830257fffff,7.8194362874593,47.2560835874397,0.325394610341179,0.217787015629289,0.669301238274776
Bern,881f83025dfffff,7.80437282391996,47.2649341284093,0.486047614053445,0.317264593194549,0.652743854760828
Bern,881f830263fffff,7.78260445714687,47.23885561968,0.413429206952201,0.348168949641008,0.842148894626263
Bern,881f830267fffff,7.77423692144432,47.2326671814117,0.437498756957021,0.400295399703179,0.9149635132392
Bern,881f830269fffff,7.76754341721835,47.2477028887373,0.654097531865565,0.536275810106295,0.819871324963987
Bern,881f83026dfffff,7.75917688337227,47.241514039693,0.689576982427117,0.610521286600841,0.885356243260872
Bern,881f830303fffff,7.75583842260209,47.1990571496306,0.566052792027094,0.729454451514467,1.28866858672707
Bern,881f830309fffff,7.74078454193222,47.2079060297136,0.463767651727294,0.579659976128233,1.24989307462325
Bern,881f83030bfffff,7.7524919946143,47.2065777356561,0.497272710557069,0.611705127979803,1.23012004277199
Bern,881f83030dfffff,7.73242588683148,47.20171389462,0.444918161896179,0.591494443586278,1.3294454896276
Bern,881f830311fffff,7.77590812500279,47.2039172306347,0.536447129183234,0.61721350194245,1.15055793640314
Bern,881f830313fffff,7.78761680079621,47.20258501937,0.510933973738123,0.563133883199399,1.10216566551519
Bern,881f830317fffff,7.77925259161393,47.1963951828211,0.522876421496778,0.625140658241983,1.19558012666256
Bern,881f830319fffff,7.77256306466711,47.2114383833517,0.468366471869784,0.515916320870109,1.10152274310007
Bern,881f83031bfffff,7.78427272175725,47.2101069028594,0.564224871062202,0.59691516505664,1.05793841369115
Bern,881f83031dfffff,7.76419985595662,47.2052481360133,0.57094593010925,0.682371363303283,1.1951593440253
Bern,881f830343fffff,7.7374365398049,47.2154249893312,0.746470920437718,0.877460703127209,1.17547874820453
Bern,881f830347fffff,7.72907749886655,47.2092330183366,0.490884664538316,0.613670368950093,1.25013147340274
Bern,881f830351fffff,7.75750717944725,47.2202880842928,0.470454602754497,0.507853913817325,1.07949611045116
Bern,881f830353fffff,7.76921741047156,47.218958640794,0.430943271806976,0.452177727608211,1.04927436437793
Bern,881f830355fffff,7.74914497273423,47.214097426437,0.472716155689177,0.550982373956794,1.16556704763668
Bern,881f830357fffff,7.76085381467383,47.2127685578274,0.709791002852755,0.808686948847549,1.13933107858132
Bern,881f83035bfffff,7.76587116228082,47.2264780027835,0.577687416903625,0.574762205998772,0.994936343047712
Bern,881f83035dfffff,7.74579735682657,47.2216162217953,0.755301700517224,0.828483662724938,1.09689103328855
Bern,881f830361fffff,7.71236474439909,47.196846862746,0.59521984909353,0.819466451598376,1.37674584079539
Bern,881f830363fffff,7.72406900722197,47.1955210216539,0.615556779059868,0.862618514023844,1.40136303159769
Bern,881f830365fffff,7.70401103044901,47.1906526791453,0.649499132647366,0.9243638690202,1.42319492445276
Bern,881f830367fffff,7.71571390289355,47.1893274113128,0.572569936861786,0.837483084073179,1.46267386769093
Bern,881f830369fffff,7.70901499194898,47.2043654189957,0.663291452402364,0.850907244254577,1.28285573584989
Bern,881f83036bfffff,7.72072023380142,47.203040309309,0.464991005140183,0.612924421285278,1.31814253288727
Bern,881f83036dfffff,7.70066089335864,47.1981713991171,0.383061586645622,0.508316047723445,1.32698256741076
Bern,881f830901fffff,7.67415428677954,47.008223375673,0.490814423841018,0.366730751186346,0.74718821080355
Bern,881f830903fffff,7.68582766900325,47.0068921196659,0.607591687387499,0.458518386885754,0.754648880825337
Bern,881f830905fffff,7.66582618325172,47.0020185405907,0.736918170040638,0.509574981402486,0.691494662663
Bern,881f830907fffff,7.67749818014325,47.0006878532461,0.657342037159185,0.457405505177291,0.695840946296462
Bern,881f83090dfffff,7.66248131736395,47.0095533321317,0.547579959197013,0.407100808532383,0.743454543386444
Bern,881f830917fffff,7.70917566808578,47.0042257084057,0.337198936098114,0.262746453873004,0.779203092730261
Bern,881f83093bfffff,7.70084341035836,46.9980225801529,0.363079012943647,0.260038138811379,0.716202615797403
Bern,881f830945fffff,7.64746233224573,47.018415158421,0.615582499510485,0.491638692182925,0.798656057594033
Bern,881f830947fffff,7.6591358601633,47.0170872324509,0.791567762060639,0.632115110375993,0.798560957978439
Bern,881f83094dfffff,7.64411531125936,47.0259474361716,0.628221052085326,0.537741442374168,0.855974884300967
Bern,881f8309a1fffff,7.7425406116735,46.9789339008744,0.329620400955469,0.227286601190297,0.689540454812453
Bern,881f8309a3fffff,7.75421312013878,46.9775939547994,0.310038591376023,0.220754787282487,0.7120235784285
Bern,881f8309a5fffff,7.7342067381206,46.9727314309328,0.344935773751063,0.217970577574625,0.631916415059729
Bern,881f8309a7fffff,7.74587786554189,46.9713920547553,0.31773748706253,0.208335760930575,0.655685178530964
Bern,881f8309a9fffff,7.73920276738825,46.9864748567683,0.344760874927021,0.250532933730741,0.726686094481499
Bern,881f8309adfffff,7.73086851023625,46.980272547046,0.360338856450452,0.240416968703962,0.667196902027744
Bern,881f8309e1fffff,7.72419028283471,46.995352108188,0.399076353323935,0.298791100277421,0.74870660160335
Bern,881f8309e3fffff,7.73586433255209,46.9940149222546,0.362272749951869,0.277995402256512,0.767364926822252
Bern,881f8309e7fffff,7.72752969185231,46.9878127728585,0.378627334695455,0.26736290134588,0.706137346266694
Bern,881f8309edfffff,7.71251664178758,46.9966879941043,0.319919259779234,0.233965115427836,0.731325508783958
Bern,881f830a49fffff,7.68736338141661,47.1282583016986,0.285053769537007,0.483193660647861,1.69509654768881
Bern,881f830a4dfffff,7.67902045601892,47.1220596273484,0.296044721093487,0.487710226250211,1.64742078307891
Bern,881f830a69fffff,7.67402818031048,47.1083351567935,0.454074390942989,0.715693225349654,1.57615853178453
Bern,881f830a6dfffff,7.66568918155395,47.1021348544788,0.497893054114911,0.751456150106494,1.50927220995749
Bern,881f830a81fffff,7.79093337238845,47.0950142972588,0.450872214010252,0.639719354202341,1.41884847707159
Bern,881f830a83fffff,7.80262613141053,47.09367504466,0.469567423205327,0.644707649941367,1.37298206408892
Bern,881f830a87fffff,7.794271887108,47.0874810340057,0.442788928358759,0.612657135884103,1.38363246379031
Bern,881f830a91fffff,7.82267669013091,47.0985271888141,0.509495924286013,0.665073826566142,1.30535651977619
Bern,881f830a95fffff,7.81431929386136,47.0923344884381,0.485240572057258,0.644388178244788,1.32797670959952
Bern,881f830a99fffff,7.81933992964057,47.1060608565976,0.51964811103386,0.687291515485948,1.32260947532082
Bern,881f830a9bfffff,7.83103585623882,47.104719152065,0.529155838069569,0.675342642917752,1.27626418217645
Bern,881f830a9dfffff,7.81098214551912,47.0998683190233,0.49598356169155,0.670569534903092,1.35199951509707
Bern,881f830b09fffff,7.64738184429393,47.0684754585829,0.738689967772097,0.899048268952382,1.21708471507191
Bern,881f830b0dfffff,7.63905069188344,47.0622719085677,0.583287975062957,0.670218666381526,1.14903563082916
Bern,881f830b25fffff,7.62909264168288,47.034803986191,0.669025885947673,0.612620958445248,0.915690964001298
Bern,881f830b27fffff,7.64076769861038,47.0334788222634,0.636357749563145,0.582025896955113,0.91462058465489
Bern,881f830b2dfffff,7.62574346508447,47.0423337489986,0.670022909738042,0.651367629226249,0.972157249788538
Bern,881f830b41fffff,7.63235089920913,47.0773263292988,0.775935584011225,0.960345422181352,1.23766127236595
Bern,881f830b43fffff,7.64403262502433,47.0760029541711,0.514547777744704,0.650449637377863,1.26411902939087
Bern,881f830b47fffff,7.63570109173913,47.0697995652671,0.570392375919182,0.682948627846512,1.19733126998051
Bern,881f830b4bfffff,7.64068281331649,47.0835295569856,0.494657769339874,0.644162847202147,1.30223942112906
Bern,881f830b5dfffff,7.65236592877494,47.0822056126406,0.454495948722379,0.606360791621841,1.33413904640155
Bern,881f830b61fffff,7.61904333571702,47.057390598149,0.919017875317446,0.989331126169974,1.07650912211935
Bern,881f830b63fffff,7.63072130934741,47.0560676287778,0.884092031424351,0.959486243544525,1.08527869208221
Bern,881f830b65fffff,7.6107171125556,47.0511850209315,0.674869223117918,0.690392188800069,1.02300144257644
Bern,881f830b67fffff,7.62239369647388,47.0498626197114,0.665991987498819,0.68354914099526,1.02636240949741
Bern,881f830b69fffff,7.61569238267976,47.0649176841309,0.899571344302015,1.0081743315279,1.12072748638981
Bern,881f830b6bfffff,7.62737132870741,47.063595446427,0.619983577465974,0.703460284305431,1.13464341617023
Bern,881f830b6dfffff,7.60736577983295,47.0587122676465,0.664202231375959,0.709785301080552,1.06862829956196
Bern,881f831101fffff,7.63870584861705,47.262237127794,3.11750420546774,1.72045432118584,0.551869126004182
Bern,881f831103fffff,7.65041628189982,47.2609223621106,2.25876642952711,1.31451465680643,0.58196130402099
Bern,881f831105fffff,7.63035464045294,47.2560419648775,2.34555391577352,1.31869919291755,0.562212270649369
Bern,881f831107fffff,7.64206367746822,47.2547277717737,2.18169846648267,1.28951407276872,0.591059714520345
Bern,881f831109fffff,7.6353474243979,47.2697455869191,3.43453294615783,1.78431962885996,0.519523223923665
Bern,881f83110bfffff,7.64705883596652,47.2684315537437,3.20280806869483,1.74263806753611,0.544096939360545
Bern,881f83110dfffff,7.62699583375084,47.2635505883343,3.32357314932777,1.75732841124522,0.528746722966113
Bern,881f831111fffff,7.67048291158648,47.2657995709634,2.37702867954351,1.44726998541945,0.608856762173097
Bern,881f831113fffff,7.68219557372478,47.2644816210519,1.69364728526499,1.09385083214769,0.645855156303426
Bern,881f831115fffff,7.66212713264322,47.2596062911306,2.34008292701577,1.44595075864403,0.617905776735872
Bern,881f831117fffff,7.67383839989099,47.2582889147005,3.25647235914473,2.14279130126697,0.658009976731306
Bern,881f831121fffff,7.62536380480181,47.2423363811752,2.23788846591533,1.38139899066588,0.617277854417496
Bern,881f831123fffff,7.63707046804739,47.2410220277665,2.0688388147748,1.34626004291666,0.650732204607832
Bern,881f831127fffff,7.62872180321637,47.234825800348,3.00748369628734,2.00390007530009,0.666304551467345
Bern,881f831129fffff,7.6220052112605,47.2498460654917,2.52812930597206,1.45558942290009,0.575757505544368
Bern,881f83112bfffff,7.63371285184003,47.2485324446293,2.08464181607249,1.25627263061656,0.602632366352223
Bern,881f83112dfffff,7.61365756082591,47.2436494301339,2.39330219896572,1.41793901560476,0.592461334894328
Bern,881f831131fffff,7.65712938804505,47.2459012885542,1.98771776365942,1.35304206630946,0.68070130027841
Bern,881f831133fffff,7.66883828175957,47.2445837530342,2.76620228634594,2.01752628824865,0.729348789207217
Bern,881f831135fffff,7.64877754960765,47.239706369754,2.5707833535759,1.78146937855333,0.692967525277984
Bern,881f831137fffff,7.66048504852746,47.2383894069842,1.20325154710916,0.893852410941416,0.742864127695427
Bern,881f831139fffff,7.65377313254759,47.2534122736553,2.00557709352584,1.25803832044044,0.627269988524242
Bern,881f83113bfffff,7.66548300473525,47.2520954703688,3.17576954183092,2.12568867269316,0.669346010374432
Bern,881f83113dfffff,7.64542091108667,47.2472175190347,2.17643307970893,1.38837807198939,0.637914432073908
Bern,881f831145fffff,7.61192585852449,47.2723697376101,3.79129923899776,1.85494903942837,0.489264740790741
Bern,881f831147fffff,7.62363643159856,47.2710583148232,3.63280541335754,1.82117013067067,0.501312325723358
Bern,881f831167fffff,7.61029799030322,47.2511583817757,2.67569026826098,1.48977283887502,0.556780751698618
Bern,881f83116bfffff,7.61528623825701,47.2648627438857,3.49581610724665,1.79208642758401,0.512637499400815
Bern,881f831181fffff,7.72068761479459,47.2530063514201,1.16240027623594,0.938751279728587,0.807597261391259
Bern,881f831183fffff,7.732400950214,47.2516824454479,1.00841094998941,0.834123620060288,0.827166365130259
Bern,881f831187fffff,7.72403858883088,47.2454918710607,1.03012518532949,0.900228286418254,0.873901831776217
Bern,881f831189fffff,7.71733604597047,47.2605199353957,1.96320013043503,1.46625136874463,0.746868006992095
Bern,881f83118dfffff,7.70897469109545,47.2543289511793,2.26668193687989,1.76361399801294,0.778059757444651
Bern,881f831193fffff,7.76419577349378,47.2552193983544,0.713253882040209,0.552415005106614,0.774499822596791
Bern,881f831195fffff,7.74411469639623,47.2503572331109,0.872551261165334,0.728904787403096,0.835371879962226
Bern,881f831197fffff,7.75582885238362,47.2490307142578,0.75459308286368,0.628101871187829,0.832371625782976
Bern,881f8311b9fffff,7.73575094358516,47.244167233557,0.901848406388141,0.80311915813391,0.890525671992217
Bern,881f8311bbfffff,7.74746370875142,47.2428412898182,0.788474855278733,0.704940274807246,0.89405549217932
Bern,881f8311c1fffff,7.70226899764574,47.2693537590278,1.47544733353919,0.979745825005026,0.664033071688764
Bern,881f8311c3fffff,7.71398388222304,47.2680326228105,1.42800831728347,0.988270660397564,0.69206225792688
Bern,881f8311c5fffff,7.69390865080627,47.2631623652551,1.89771049814898,1.29619518988087,0.683031047752105
Bern,881f8311c7fffff,7.7056221418739,47.2618418034206,2.55874240364401,1.83630548479539,0.717659379146662
Bern,881f8311c9fffff,7.69891525827552,47.2768648178242,1.6327966844614,1.00742472614717,0.616993368332007
Bern,881f8311cdfffff,7.69055452644893,47.2706735889255,1.67812434446383,1.06101364835354,0.63226163892673
Bern,881f8311e1fffff,7.68890399661127,47.2494579476789,0.975509154030041,0.743655614460769,0.762325613643465
Bern,881f8311e5fffff,7.68054759127446,47.2432649123218,0.94852283068599,0.7410215876915,0.781237481817469
Bern,881f8311e9fffff,7.68555008268674,47.2569702326671,1.5033523428752,1.05244522571578,0.700065577243823
Bern,881f8311ebfffff,7.69726218007385,47.2556502448776,2.58259739362695,1.91411698913727,0.741159653401925
Bern,881f8311edfffff,7.67719329307521,47.250777361761,2.86226001245008,2.04745860807449,0.715329354834495
Bern,881f831821fffff,7.59048241814568,47.1463424919422,0.721485469162943,0.776469335068508,1.07620924918884
Bern,881f831823fffff,7.60217248692115,47.1450270058778,0.42966342195461,0.487257382731587,1.13404436550585
Bern,881f831825fffff,7.58215024735999,47.1401394193217,0.744337921238285,0.794852037968636,1.06786449445746
Bern,881f831827fffff,7.59383892183543,47.1388245023535,0.675446173138677,0.756405882696122,1.11986108261039
Bern,881f831833fffff,7.63389200929774,47.1485927606762,0.560903246322405,0.731753068385296,1.30459767024541
Bern,881f831837fffff,7.62555388369422,47.1423921284113,0.592818846119664,0.756527422133829,1.2761527861095
Bern,881f83183dfffff,7.61050782605492,47.1512287778566,0.412089095380312,0.473304964394155,1.14855008225187
Bern,881f831883fffff,7.69735808148537,47.1556995935089,0.307463866087202,0.518971506046893,1.68791055889378
Bern,881f831887fffff,7.68901084342852,47.1495027126862,0.405516813221265,0.681259844687767,1.67997928193435
Bern,881f831889fffff,7.68231123417903,47.1645456061513,0.440612247748027,0.687439356756355,1.56019121181915
Bern,881f83188bfffff,7.69400895725217,47.1632213245189,0.328267110445518,0.53565049856013,1.63175195295427
Bern,881f83188dfffff,7.6739650030955,47.1583483164003,0.430649112105965,0.665999305830514,1.54650105412649
Bern,881f83189dfffff,7.70570709321841,47.1618957392687,0.325027033069284,0.544922006522568,1.67654364431407
Bern,881f8318a3fffff,7.68401467670464,47.1357821464712,0.287869116564518,0.484778465680834,1.68402387677521
Bern,881f8318a7fffff,7.67567136831099,47.129583634516,0.296793948709999,0.487012994030906,1.64091281560047
Bern,881f8318b1fffff,7.70405454990239,47.1406534486646,0.405856243991542,0.708863627221672,1.7465879550111
Bern,881f8318b5fffff,7.69570807930751,47.1344562423033,0.384386737167541,0.664795113839283,1.7294954522573
Bern,881f8318b9fffff,7.70070661232383,47.1481769681646,0.400827084971951,0.691966097179917,1.72634565657742
Bern,881f8318bdfffff,7.69235975797193,47.14197992452,0.405519712133157,0.69505021575686,1.71397393261275
Bern,881f8318c3fffff,7.67896053920332,47.1720657110927,0.488886860806283,0.722870393583087,1.47860466609987
Bern,881f8318c7fffff,7.67061392495222,47.1658685843175,0.473902090608821,0.697013211440122,1.47079581468963
Bern,881f8318d1fffff,7.699009019238,47.176937980496,0.491770493073411,0.75877608655337,1.5429475685116
Bern,881f8318d3fffff,7.71070952305388,47.1756125541422,0.511247070448524,0.81066172568891,1.58565549329741
Bern,881f8318d5fffff,7.69065923948945,47.1707421610158,0.461242091835757,0.719342279512927,1.55957639652948
Bern,881f8318d7fffff,7.70235835301904,47.1694173071913,0.348771061848322,0.564094801689263,1.61737845651479
Bern,881f8318d9fffff,7.6956590917404,47.1844577590044,0.426711869362285,0.621182322600605,1.45574184174664
Bern,881f8318dbfffff,7.70736057363576,47.1831330640942,0.411593443450832,0.621735064876667,1.51055628987671
Bern,881f8318ddfffff,7.68730892806224,47.1782621028209,0.514266649802586,0.758083007692284,1.47410493755194
Bern,881f8318e1fffff,7.6539260194267,47.1534721276172,0.477515273330363,0.681025070861768,1.42618489689776
Bern,881f8318e3fffff,7.66562054602741,47.1521502922607,0.431706589265457,0.656692073566881,1.52115369534719
Bern,881f8318e5fffff,7.64558472772836,47.1472727986878,0.495860714043712,0.691388823065725,1.39432062973389
Bern,881f8318e7fffff,7.65727786276303,47.1459515342303,0.443902803868074,0.660151737481401,1.48715379071495
Bern,881f8318ebfffff,7.66226908509729,47.1596707229931,0.470083769932508,0.682804968021922,1.45251763982397
Bern,881f831911fffff,7.5771771129526,47.1264173026607,0.823535618404732,0.900530649979898,1.09349326228817
Bern,881f831913fffff,7.58886342018466,47.1251022219912,0.762255478599947,0.869745057001989,1.14101516016582
Bern,881f831915fffff,7.56884886872726,47.1202126074883,0.809224398257779,0.873898734896853,1.0799213874153
Bern,881f831917fffff,7.58053378176127,47.1188980951848,0.793127156493879,0.890917584711992,1.12329728898757
Bern,881f83191bfffff,7.58550713058392,47.1326212677818,0.703342481318569,0.77823218765924,1.10647687055711
Bern,881f831931fffff,7.5638798237801,47.1064876523984,0.780607812679558,0.847785888248494,1.0860586769409
Bern,881f831933fffff,7.57556237061965,47.1051729756266,0.703052274119821,0.790916626980292,1.12497556169699
Bern,881f831937fffff,7.56723665653813,47.0989672282788,0.805385407839756,0.887192629569882,1.10157524699827
Bern,881f83193bfffff,7.57220591636452,47.1126932384879,0.719867969296838,0.795722479206762,1.10537280882773
Bern,881f831991fffff,7.6589900692997,47.1171844108782,0.481697941133724,0.736684769446887,1.52935004810904
Bern,881f831993fffff,7.67067930290347,47.1158602197507,0.315742885850422,0.502089926260253,1.59018603034531
Bern,881f831997fffff,7.66233992185898,47.1096600794036,0.487044013144837,0.743630276522815,1.52682356512547
Bern,881f83199bfffff,7.66732983257981,47.1233843891523,0.31434002662453,0.499234588335196,1.58819923029248
Bern,881f8319b1fffff,7.64566647513705,47.0972576024533,0.583858211055479,0.814030856693111,1.39422695661252
Bern,881f8319b3fffff,7.6573519542771,47.0959338200738,0.534838267489023,0.769979577844522,1.43964937561302
Bern,881f8319b7fffff,7.64901649826851,47.0897320540767,0.44098613282941,0.604150941155654,1.36999986208039
Bern,881f8319bbfffff,7.65400231267406,47.1034592068051,0.521311161400858,0.761418692194277,1.4605839056816
Bern,881f8319c1fffff,7.60888295341857,47.1299886677185,0.674810667484937,0.823171323992739,1.21985523296594
Bern,881f8319c3fffff,7.62057149434327,47.1286704155578,0.606075572203177,0.78025656014499,1.2873915332186
Bern,881f8319c5fffff,7.60055014832009,47.1237858402867,0.7192193896804,0.858718347115099,1.19395883847999
Bern,881f8319c7fffff,7.6122372964092,47.1224681573938,0.654507866108336,0.820234156909025,1.2532074851691
Bern,881f8319cbfffff,7.61721753180551,47.1361907639261,0.631656985321603,0.78801742808315,1.24754011495961
Bern,881f8319cdfffff,7.59719483184873,47.1313056184087,0.508146393679715,0.5892472094888,1.15960128187036
Bern,881f8319d9fffff,7.63724520979006,47.1410727367028,0.524326039838562,0.712719601123127,1.35930613200628
Bern,881f8319ddfffff,7.62890746539924,47.1348719421601,0.561757534173283,0.743291137531404,1.32315294822931
Bern,881f8319e1fffff,7.59557421905423,47.1100614483733,0.748443639846836,0.892100584752573,1.19194089876311
Bern,881f8319e3fffff,7.60725900117471,47.1087436022265,0.697847536238387,0.86551605606322,1.2402652601292
Bern,881f8319e5fffff,7.58724533920643,47.103856998513,0.784451881704216,0.913314992689632,1.16427153021223
Bern,881f8319e7fffff,7.5989287285918,47.1025397209041,0.745340893225968,0.898377005618643,1.20532364959919
Bern,881f8319ebfffff,7.60390487138396,47.1162651681663,0.703485643107501,0.859214365910685,1.22136730767566
Bern,881f8319edfffff,7.58388985713444,47.1113779937426,0.683120726671226,0.783804827063954,1.14738844315755
Bern,881f831a5bfffff,7.60195173707438,47.2449611747968,2.53109228497317,1.45569058724123,0.575123473720619
Bern,881f831a87fffff,7.66555182048024,47.2021371814218,1.04253529059067,1.1386064541856,1.09215147387529
Bern,881f831ab1fffff,7.68060652367478,47.1932993016427,0.519245131261577,0.663841389978403,1.27847398080654
Bern,881f831ab3fffff,7.69230857039126,47.191976642538,0.425131472456282,0.577793663471746,1.35909407067284
Bern,881f831ab9fffff,7.67725443044457,47.2008165583029,0.941621964992841,1.1078110581726,1.17649237099203
Bern,881f831abbfffff,7.68895745505556,47.1994946309188,0.41075930861424,0.516532500872783,1.25750650086394
Bern,881f831ac1fffff,7.64378391546333,47.2259985049044,1.73675165753423,1.33992931878661,0.771514633640246
Bern,881f831ac3fffff,7.65548904189778,47.2246813822751,1.10108854952077,0.912954382673741,0.829138022615064
Bern,881f831ac9fffff,7.64042748921012,47.2335107144658,2.75511123033093,1.94777224911786,0.706966828661907
Bern,881f831acbfffff,7.65213359316631,47.2321943241085,0.955557477062413,0.723061313126184,0.756690550262898
Bern,881f831ad9fffff,7.67219296385141,47.2370711393039,0.909289032117283,0.725854447956738,0.798265922405974
Bern,881f831addfffff,7.66384011413001,47.2308766291225,0.863124871954389,0.702587790679816,0.814004802212377
Bern,881f834001fffff,7.41813704089995,46.8869690015073,0.800599222622516,0.645536718120299,0.806316943458576
Bern,881f834005fffff,7.40985573454847,46.8807450498296,0.801493438623277,0.605345949438806,0.755272495403839
Bern,881f834007fffff,7.42149560047055,46.8794352769141,0.769750806017501,0.609294213746409,0.791547354005052
Bern,881f834009fffff,7.41477789065832,46.8945018366903,0.839066292404823,0.682134960010296,0.812969089790569
Bern,881f83400bfffff,7.42642011095554,46.8931922370414,0.806013147463482,0.691503742955608,0.857931095952672
Bern,881f83400dfffff,7.40649621392627,46.8882780414844,0.910597178019631,0.702868871340035,0.771876838964772
Bern,881f834021fffff,7.40493549175067,46.8669863453503,1.03305337727477,0.701781866139803,0.679327788454771
Bern,881f834029fffff,7.4015761916837,46.8745203825077,0.802876756847742,0.569341178513064,0.709126492524723
Bern,881f83402bfffff,7.41321466455434,46.8732111688731,0.786096942880664,0.575431389705193,0.732010720708971
Bern,881f83402dfffff,7.39329841208809,46.8682950000409,0.805897842872533,0.54081036969881,0.671065662331534
Bern,881f834031fffff,7.43649290559268,46.8705888650134,0.69631180965084,0.570989330221218,0.820019597983748
Bern,881f834033fffff,7.44813267188714,46.8692757744786,0.628345325285003,0.552611734320587,0.879471386327151
Bern,881f834039fffff,7.4331358978847,46.8781242115704,0.723651452856813,0.608131939894878,0.840365810769964
Bern,881f83403bfffff,7.44477662585394,46.8768118536435,0.718863452799379,0.645633767620844,0.898131300327808
Bern,881f83403dfffff,7.42485356950284,46.8719006630933,0.754086128316729,0.580413839756855,0.769691707567217
Bern,881f834041fffff,7.39977540030205,46.9033413561589,0.774730196968371,0.605312044895994,0.781319803029062
Bern,881f834043fffff,7.41141814961292,46.9020337822806,0.774868329877377,0.628385384346924,0.810957629983879
Bern,881f834045fffff,7.3914947475828,46.8971171580908,0.732953485148449,0.559950032521471,0.763963940232934
Bern,881f834047fffff,7.40313610255505,46.8958101436549,0.74603882679676,0.5824810388657,0.780765045924859
Bern,881f834049fffff,7.3964141070346,46.910871678814,0.806222187043657,0.623653254240988,0.773550101030917
Bern,881f83404bfffff,7.40805781763099,46.9095648380959,0.818776607676338,0.655220317447369,0.800243083772097
Bern,881f83404dfffff,7.38813308447365,46.9046476373807,0.94683549094975,0.72642396111215,0.767212433475102
Bern,881f834051fffff,7.43134653657526,46.9069472776849,0.859134264361531,0.764129894645316,0.889418483632685
Bern,881f834053fffff,7.4429915430474,46.9056365576813,0.779378968990151,0.735120106348558,0.94321265468718
Bern,881f834055fffff,7.42306133146888,46.9007249155902,0.852387476573139,0.727564670518327,0.853560957328188
Bern,881f834059fffff,7.42798753730514,46.914478909628,0.933893230880605,0.807616136119123,0.864784227376388
Bern,881f83405bfffff,7.43963350619457,46.913168922475,1.20855840377908,1.10758445501636,0.916450915034817
Bern,881f83405dfffff,7.4197019611238,46.908256704438,0.913791578106368,0.767662785880343,0.840085205721807
Bern,881f834061fffff,7.38657730092718,46.8833607189965,0.696352878458568,0.507909114514928,0.729384670081676
Bern,881f834065fffff,7.37830054592123,46.8771349339624,0.680112417607412,0.485000739863443,0.713118489395683
Bern,881f834067fffff,7.3899381518273,46.8758283041523,0.79779102780683,0.560412777780207,0.702455603343662
Bern,881f834069fffff,7.38321585925516,46.8908922443911,0.697605317726405,0.523500044290057,0.750424388959961
Bern,881f83406bfffff,7.39485581973242,46.8895857890605,0.718898049814635,0.541082984770127,0.752656075377646
Bern,881f83406dfffff,7.37493873510085,46.884666615559,0.670934038672912,0.498238252333889,0.742603927681758
Bern,881f834081fffff,7.49963486882148,46.8777695214311,0.449388445967263,0.47492580024648,1.05682690444845
Bern,881f834085fffff,7.49134382453518,46.8715494930175,0.465198706878937,0.496019187059618,1.06625229117136
Bern,881f834089fffff,7.49628245630418,46.8853074841106,0.389605226537875,0.413479324363333,1.06127766312996
Bern,881f83408dfffff,7.48799103863517,46.8790876125475,0.481325289687528,0.517961269561345,1.07611480356164
Bern,881f834091fffff,7.53121938762279,46.8813476439037,0.478094154530483,0.413979984006263,0.865896351342794
Bern,881f834093fffff,7.54286587826963,46.8800251089253,0.572290526857642,0.447726401038234,0.782341101287541
Bern,881f834097fffff,7.53456890729588,46.8738074856576,0.547403917954793,0.47394407893383,0.865803227540966
Bern,881f834099fffff,7.52786927793427,46.8888869133015,0.408964748796946,0.354292445123657,0.866315363771281
Bern,881f83409bfffff,7.53951673364046,46.8875651099948,0.572097137929836,0.446744777701809,0.780889726731336
Bern,881f83409dfffff,7.51957331978682,46.8826688846589,0.469626676428906,0.444258048264079,0.945981288035568
Bern,881f8340a1fffff,7.48640711152201,46.8577895817118,0.483596171844651,0.491899170418208,1.01716928101785
Bern,881f8340a3fffff,7.49804762626722,46.8564705877975,0.452147407168315,0.466393971941347,1.03150867293977
Bern,881f8340a5fffff,7.47811996446455,46.8515679613777,0.646990122904211,0.614901464098605,0.950403170512764
Bern,881f8340a7fffff,7.48975909053643,46.8502495283323,0.48109192499211,0.477823128872089,0.993205464589589
Bern,881f8340a9fffff,7.48305454262723,46.8653287466021,0.492076271152957,0.511006803406291,1.03847072773694
Bern,881f8340abfffff,7.49469602036825,46.8640104847064,0.45587996017587,0.478914287388579,1.05052717650458
Bern,881f8340adfffff,7.47476702288271,46.8591072826843,0.654791192332991,0.639552773048198,0.976727818786781
Bern,881f8340c1fffff,7.48128369610298,46.8941611845318,0.538312994820517,0.576797594411659,1.07149112126482
Bern,881f8340c3fffff,7.49292945353329,46.8928445577175,0.408694643700473,0.432579411807009,1.05844159808476
Bern,881f8340c7fffff,7.4846376625354,46.8866248431132,0.62250803556302,0.671188053559313,1.07819982267741
Bern,881f8340c9fffff,7.47792913920499,46.9016966366204,0.580952643580894,0.6132768901314,1.05564007136841
Bern,881f8340cbfffff,7.48957586037591,46.9003807420689,0.434574086438363,0.455179114846583,1.04741430529623
Bern,881f8340cdfffff,7.46963836558921,46.8954765176064,0.750229713369978,0.790659196905784,1.05388947253795
Bern,881f8340d1fffff,7.51287058076139,46.8977450707459,0.417727452903747,0.394796019886048,0.945104318956545
Bern,881f8340d3fffff,7.5245185780973,46.8964252936677,0.559827232165574,0.484757384831779,0.865905331108308
Bern,881f8340d5fffff,7.50457563694134,46.8915266370098,0.491546540972202,0.498627240603216,1.01440494244352
Bern,881f8340d7fffff,7.51622224538809,46.8902074222555,0.406127846702872,0.384690563441538,0.947215431211201
Bern,881f8340d9fffff,7.50951832577377,46.9052818299473,0.434316148057525,0.407691561176269,0.93869768140021
Bern,881f8340dbfffff,7.52116728797887,46.9039627848196,0.572893454880022,0.494819675677729,0.863720245820154
Bern,881f8340ddfffff,7.50122300787445,46.8990635534952,0.436454084148112,0.44025837698574,1.00871636439158
Bern,881f8340e3fffff,7.4797013837194,46.8728670228198,0.625472933552465,0.659524142076492,1.05444073867534
Bern,881f8340e5fffff,7.45977286744918,46.8679613913345,0.559479047781914,0.527096181540984,0.942119608644303
Bern,881f8340e7fffff,7.47141349134168,46.8666457154269,0.671708438006438,0.671054094082234,0.999025851266443
Bern,881f8340ebfffff,7.47634763466566,46.8804044101817,0.655160915072174,0.696422421042485,1.06297919338757
Bern,881f834101fffff,7.36020492203898,46.8433863287154,0.717276971252669,0.45434300762862,0.633427568203041
Bern,881f834105fffff,7.35193595551866,46.8371573780172,0.710405995544421,0.468417232805483,0.659365539907234
Bern,881f834109fffff,7.35684318698644,46.8509202557907,0.688067969151153,0.466111662760984,0.677420957897533
Bern,881f83410bfffff,7.3684756507376,46.8496145667665,0.717986823773745,0.447274677381013,0.622956665179638
Bern,881f83410dfffff,7.34857385270171,46.8446914604272,0.682894344436978,0.480636066150552,0.703822004188393
Bern,881f834121fffff,7.34703063099024,46.8233925891586,0.717710084459788,0.475999283531166,0.663219444505152
Bern,881f834123fffff,7.3586583905909,46.8220865477611,1.06742251023097,0.620580100675193,0.58138187524349
Bern,881f834125fffff,7.33876555524396,46.8171620597647,0.688243574669355,0.501240187916211,0.72828894647802
Bern,881f834127fffff,7.35039192097882,46.8158565748987,0.737162545295895,0.463186879496103,0.628337511790132
Bern,881f834129fffff,7.34366875095792,46.8309277151714,0.695619025208398,0.488842941262857,0.702745214762357
Bern,881f83412dfffff,7.33540330813776,46.8246973406777,0.672837188318873,0.514816927907308,0.765143391068515
Bern,881f834135fffff,7.37028658600647,46.8207792163292,1.12779263238337,0.585669476466682,0.519305996199837
Bern,881f834147fffff,7.34521115952112,46.8522246541144,0.656339284588463,0.492920146310318,0.751014235906035
Bern,881f834151fffff,7.37338714342932,46.8633757075891,0.690716813890559,0.460447900988226,0.666623269809647
Bern,881f834155fffff,7.36511428382273,46.8571483383446,0.689811069708853,0.459051458843882,0.665474184167025
Bern,881f834159fffff,7.37002555449624,46.8709084344577,0.670025068688045,0.47279456131934,0.705637122272312
Bern,881f83415bfffff,7.38166176602471,46.8696023630248,0.791060659456217,0.537475948257642,0.679437084669472
Bern,881f83415dfffff,7.36175232643373,46.8646812209818,0.66444358139496,0.470774213573677,0.708523984211442
Bern,881f834161fffff,7.32867704343134,46.8397652373567,0.636612459182699,0.542115726624867,0.851563174432448
Bern,881f834163fffff,7.34030628074959,46.8384619527536,0.672226847013181,0.501732138655047,0.746373253142639
Bern,881f834167fffff,7.33204047091096,46.8322317332695,0.655244967762942,0.528420466680442,0.806447195595429
Bern,881f834169fffff,7.32531302556669,46.8472978527564,0.617951251338651,0.555879999378965,0.899553157590955
Bern,881f83416bfffff,7.33694322023301,46.8459953017221,0.648718033139529,0.514699006219681,0.793409432028194
Bern,881f834183fffff,7.45326909187383,46.8328988013324,0.913101414050596,0.606622570088853,0.664353992617122
Bern,881f834187fffff,7.44498898981941,46.8266743166349,1.03298448254248,0.596865697862169,0.577807031905363
Bern,881f834191fffff,7.47318730310284,46.8378052583715,0.534814021566955,0.444286010794962,0.830729922699568
Bern,881f834193fffff,7.4848240782815,46.8364866538062,0.530083520511357,0.474775872716341,0.895662389689719
Bern,881f834195fffff,7.46490405097012,46.8315820488749,0.605526728557349,0.442782669392907,0.731235548342888
Bern,881f834197fffff,7.47653943758489,46.8302640044514,0.542668744558413,0.435744416680493,0.802965752219749
Bern,881f834199fffff,7.46983457898088,46.8453456242034,0.717211935647445,0.617260540309204,0.86063896824582
Bern,881f83419bfffff,7.48147231621991,46.8440277516904,0.646817424713268,0.596765117633166,0.92261756537822
Bern,881f83419dfffff,7.46155095485576,46.8391225706884,0.806453554857618,0.613996759455208,0.761354148365818
Bern,881f8341a1fffff,7.4284340676297,46.8142232032135,1.03839931897295,0.46826073766504,0.45094476576524
Bern,881f8341a3fffff,7.44006485832479,46.8129081283151,0.968274257030176,0.467618992131187,0.482940642835467
Bern,881f8341a5fffff,7.42015924706216,46.807996575489,1.12118421712175,0.462165763716519,0.412212156270778
Bern,881f8341a9fffff,7.42507889778271,46.8217634595964,1.23917524393679,0.589966747080317,0.476096298701082
Bern,881f8341abfffff,7.43671064847672,46.8204491170953,1.15861100716775,0.586414556221311,0.506135840755402
Bern,881f8341adfffff,7.41680370714564,46.8155369871475,1.08525371079666,0.471384513148933,0.434354205343283
Bern,881f8341b1fffff,7.45997543780739,46.8178165581979,0.774616642715215,0.473448846650627,0.611204072495882
Bern,881f8341b3fffff,7.47160847457356,46.8164983414939,0.633158377182974,0.431914955947259,0.682159427265134
Bern,881f8341b5fffff,7.45169607829612,46.8115917622983,0.884001915343387,0.468755665756013,0.530265441307248
Bern,881f8341b7fffff,7.46332772660883,46.8102741050092,0.796000052043522,0.471157450503471,0.591906306153997
Bern,881f8341b9fffff,7.45662255960654,46.8253581237002,0.931269928377685,0.591906896484645,0.635591119661486
Bern,881f8341bdfffff,7.44834282879665,46.8191334833471,0.860098499954639,0.474366638093158,0.551525945130907
Bern,881f8341d3fffff,7.46648126508639,46.8528851017635,0.635230046176764,0.565769811559188,0.890653417552218
Bern,881f8341d9fffff,7.45148812767123,46.8617388064174,0.609449311159552,0.520768724611249,0.854490627974332
Bern,881f8341dbfffff,7.46312736128672,46.8604236908683,0.542859976807126,0.49870257595146,0.918657844117776
Bern,881f834201fffff,7.39461057768146,46.9396801599667,1.52219349587904,1.05861190747126,0.695451603450673
Bern,881f834203fffff,7.40625856850225,46.9383749591769,1.58425746805793,1.14204139148697,0.720868554835942
Bern,881f834205fffff,7.38632667981741,46.9334573058661,1.38708919269322,0.985673112759597,0.710605430387488
Bern,881f834207fffff,7.39797327473784,46.9321526650713,1.47321990014746,1.07136908196773,0.727229575069206
Bern,881f834209fffff,7.39124728902426,46.9472067641781,1.6142529153193,1.07065027685665,0.663248160617304
Bern,881f83420bfffff,7.40289624187209,46.9459022967893,1.63839226067923,1.12244656523487,0.685090251079153
Bern,881f83420dfffff,7.38296302116396,46.9409840673067,1.47100902827284,1.00320552225378,0.6819846125837
Bern,881f834211fffff,7.42619544777868,46.9432894806554,1.42250040289335,1.07457788133455,0.755414816859716
Bern,881f834213fffff,7.43784569895925,46.9419811315987,1.48955184204146,1.18814597719891,0.797653323412049
Bern,881f834215fffff,7.41790699268778,46.937068464781,1.01966462920546,0.771227990041633,0.756354558108569
Bern,881f834217fffff,7.42955584929927,46.9357606766233,1.22702835941401,0.980188906294137,0.798831501141706
Bern,881f834219fffff,7.42283445475869,46.9508173940427,1.49289202606701,1.06556785397781,0.713760831575359
Bern,881f83421bfffff,7.43448566909984,46.949509778078,1.4022358854344,1.05597832922008,0.753067540339658
Bern,881f83421dfffff,7.41454562843655,46.9445965356671,1.66158513272918,1.19076915958243,0.716646493837227
Bern,881f834221fffff,7.3814079848457,46.9197059260105,0.906502267898849,0.679827948441864,0.749946219128182
Bern,881f834223fffff,7.39305222261989,46.9184011114381,0.956647179748493,0.725332391617019,0.758202613222267
Bern,881f834225fffff,7.37312798828107,46.9134814820538,0.885762940426488,0.680109271831864,0.767823128278991
Bern,881f834229fffff,7.37804454806142,46.9272337349867,1.25224592027044,0.915678987188828,0.731229363471256
Bern,881f83422bfffff,7.38968974692511,46.9259296538494,1.34747328066252,0.992600981735534,0.736638711861878
Bern,881f83422dfffff,7.36976418219471,46.9210094478275,1.13182885722708,0.857606420088666,0.757717401012163
Bern,881f834231fffff,7.41298144732701,46.9233176123018,0.917982873830407,0.7248936869177,0.789659270976356
Bern,881f834233fffff,7.42462794698911,46.9220096515797,0.887798326994853,0.739404114573252,0.832851439443566
Bern,881f834235fffff,7.40469689457972,46.9170950039541,0.864731657501798,0.675903800603665,0.781634157533154
Bern,881f834237fffff,7.41634199978745,46.9157876034026,0.858919372025177,0.702813469199326,0.818253135381285
Bern,881f834239fffff,7.40962030360958,46.9308467309539,0.973689732036066,0.736531943697818,0.756433922906498
Bern,881f83423bfffff,7.42126776549431,46.929539503358,0.95667294364816,0.761393385734878,0.795876365888842
Bern,881f83423dfffff,7.40133538032628,46.9246242796731,1.03789309724076,0.785319267138746,0.756647548024468
Bern,881f834241fffff,7.37623392868813,46.9560349177336,1.52881075965931,0.953916129636668,0.623959586632712
Bern,881f834243fffff,7.38788340863328,46.9547324775239,1.4799932110185,0.935690331827549,0.632226097296504
Bern,881f834245fffff,7.36795068823336,46.9498118183803,1.34134556932462,0.876934523961478,0.653772259748858
Bern,881f834247fffff,7.37959877083183,46.9485099379896,1.48522263051741,0.969218251429093,0.652574389532054
Bern,881f834249fffff,7.37286849459985,46.9635590063575,1.50823199837686,0.901159907094595,0.597494223743038
Bern,881f83424bfffff,7.38451893637553,46.962257299823,1.66313346470019,1.00380690456492,0.603563650104217
Bern,881f83424dfffff,7.3645848846894,46.9573360643954,1.37337901618504,0.860678972046877,0.626687143100283
Bern,881f834251fffff,7.40782112506798,46.9596500051025,1.27539749777137,0.82118867962115,0.643868818196756
Bern,881f834253fffff,7.41947287010623,46.9583444166038,1.72208920697783,1.16323535405378,0.675479150174338
Bern,881f834255fffff,7.39953332358612,46.9534287436097,1.57942345560177,1.02794961706586,0.650838515421571
Bern,881f834257fffff,7.41118367260764,46.9521237158347,1.71590760629036,1.16458416284445,0.678698642383305
Bern,881f834259fffff,7.40445798568456,46.9671754032892,1.1189991826518,0.685998601028615,0.613046561305733
Bern,881f83425bfffff,7.41611069368822,46.9658705481573,1.13325616102116,0.727096163229311,0.641599126691831
Bern,881f83425dfffff,7.39616981351128,46.9609542994568,1.79113928068197,1.10940739574805,0.619386447337388
Bern,881f834261fffff,7.36303479558299,46.9360627081133,0.850426480834225,0.611414020460195,0.718949884839462
Bern,881f834263fffff,7.37468051978648,46.9347606534946,1.20655748481873,0.853970552104831,0.707774443281603
Bern,881f834265fffff,7.35475545769723,46.9298380187696,0.768696148249998,0.58823284657892,0.765234544127847
Bern,881f834267fffff,7.36639978467295,46.9285365232412,1.34811762885035,0.998843051919702,0.740916838815835
Bern,881f834269fffff,7.35966921479202,46.9435880022623,0.86195906729409,0.597849167876491,0.693593455375198
Bern,881f83426bfffff,7.3713158998881,46.942286681353,1.33842374599273,0.911960668372734,0.681369163617401
Bern,881f83426dfffff,7.35138950814465,46.9373634698788,0.771350290268363,0.573471137734324,0.743463955312451
Bern,881f834281fffff,7.47615558122157,46.9305165832687,0.551695650822733,0.513106219756662,0.930053044629727
Bern,881f834283fffff,7.48780658587366,46.929202323975,0.63252298425762,0.58352600025815,0.922537227549167
Bern,881f834285fffff,7.46786192438822,46.9242976550815,0.769590327383076,0.738173452423831,0.959177144200766
Bern,881f834287fffff,7.4795115372549,46.9229839577644,0.606022558497832,0.586520269463691,0.967819202832183
Bern,881f834289fffff,7.47279903413663,46.9380483186056,0.727697259163457,0.647429280287438,0.889695916996729
Bern,881f83428bfffff,7.48445100327486,46.9367347918176,0.845717912951664,0.752647321109623,0.88995078569731
Bern,881f83428dfffff,7.46450500429836,46.9318295480258,0.849061477399631,0.777760294866458,0.916023533712138
Bern,881f834291fffff,7.50775622202882,46.93410385363,0.611302136650707,0.507236638496861,0.829764216555801
Bern,881f834293fffff,7.5194094697634,46.9327864419227,0.579756720706174,0.44950128622292,0.775327426433977
Bern,881f834295fffff,7.49945801731454,46.9278867699907,0.696045337483668,0.62098884169803,0.892167231437853
Bern,881f834297fffff,7.51110987460401,46.9265699211619,0.580145868719176,0.488470410052505,0.841978606399337
Bern,881f834299fffff,7.50440197850655,46.9416368959714,0.645910937852586,0.52690343984227,0.815752465183557
Bern,881f83429dfffff,7.4961033995524,46.9354199702104,0.67020396992149,0.582744745622824,0.869503571712785
Bern,881f8342a1fffff,7.46292673433496,46.9105450674139,0.730265191446317,0.736023749810164,1.00788557147636
Bern,881f8342a3fffff,7.47457399170853,46.9092311991965,0.633891885922478,0.653434332267824,1.03082930509026
Bern,881f8342a5fffff,7.45463697960205,46.9043245442725,0.886266991980411,0.881613902763929,0.994749788428785
Bern,881f8342a7fffff,7.46628284530079,46.9030112373036,0.772810506768905,0.80019960058955,1.03544089214723
Bern,881f8342a9fffff,7.45957003255889,46.918078007755,0.80760360353955,0.785282834683948,0.972361727018336
Bern,881f8342abfffff,7.47121825348062,46.9167648720776,0.697112987096808,0.69576385146339,0.998064681538875
Bern,881f8342adfffff,7.45127990551739,46.9118576417886,0.976657370003841,0.94427087096023,0.966839446423792
Bern,881f8342b1fffff,7.49451597828677,46.9141347181925,0.493979310984075,0.482648877031574,0.977062938263691
Bern,881f8342b3fffff,7.50616548029212,46.9128176996768,0.615584821035866,0.570981200966023,0.927542690226202
Bern,881f8342b5fffff,7.48622167669904,46.9079160369822,0.558207969837921,0.573875643949005,1.02806780798138
Bern,881f8342b7fffff,7.49786978836727,46.906599580617,0.461830902980948,0.460087323382996,0.996224636362145
Bern,881f8342b9fffff,7.49116157749991,46.9216689660393,0.627124456523876,0.597072459698385,0.952079692455197
Bern,881f8342bbfffff,7.50281204418342,46.9203526797521,0.569249812497801,0.519039814630871,0.911796197794752
Bern,881f8342bdfffff,7.48286690236971,46.9154504422748,0.553934739330095,0.554532984796807,1.00107999268548
Bern,881f8342c1fffff,7.45778939059389,46.9468906630084,0.915517836015494,0.756185963333161,0.825965299184367
Bern,881f8342c3fffff,7.46944189586693,46.9455791635933,0.78431987221859,0.665694478881615,0.84875380882366
Bern,881f8342c5fffff,7.44949638103888,46.9406714883415,1.10252331588277,0.924099242276276,0.83816752803669
Bern,881f8342c7fffff,7.46114749307796,46.9393605507288,0.842533827915327,0.733729213579274,0.870860242365263
Bern,881f8342c9fffff,7.45443069671309,46.9544198846831,0.860052425569712,0.673693986785079,0.783317349914819
Bern,881f8342cbfffff,7.4660841662794,46.9531091180499,0.740489805885453,0.599136659580422,0.809108585720494
Bern,881f8342cdfffff,7.44613731469153,46.948200867785,1.26177714234701,0.999639332355768,0.792247140011078
Bern,881f8342d1fffff,7.48939239081559,46.9504836998649,0.767470639334433,0.629126995100735,0.819740799004803
Bern,881f8342d5fffff,7.48109482957038,46.944266369385,0.823342466469876,0.704761489783574,0.855976119882746
Bern,881f8342d7fffff,7.49274819076383,46.9429522802291,0.718181261166725,0.60682119760472,0.844941563385969
Bern,881f8342d9fffff,7.4860359995745,46.958014228936,0.583467765820297,0.463936395800774,0.795136291974119
Bern,881f8342dbfffff,7.49769171808791,46.9567003095462,0.587168441576028,0.4611507808082,0.785380732606163
Bern,881f8342ddfffff,7.47773806462711,46.9517970564954,0.633973945887071,0.521287334281827,0.822253560518848
Bern,881f8342e1fffff,7.44456398454817,46.9269211671086,1.19008629336721,1.0580361547733,0.889041543180627
Bern,881f8342e3fffff,7.4562127398395,46.9256100581447,0.893955709178569,0.831976309804337,0.930668377932075
Bern,881f8342e5fffff,7.43627487837423,46.9207003973513,1.32639482486001,1.16977479852157,0.88192050858237
Bern,881f8342e7fffff,7.44792224054374,46.9193898494614,1.18465214602798,1.10281573579148,0.930919459766409
Bern,881f8342e9fffff,7.44120513739768,46.9344515945483,1.30316619872452,1.09954595824055,0.843749599488331
Bern,881f8342ebfffff,7.45285485604384,46.9331412184008,1.14731937312401,1.01548892419498,0.885096990413338
Bern,881f8342edfffff,7.43291565945343,46.928230982128,1.31995023306135,1.11119592633226,0.841846835206107
Bern,881f834301fffff,7.33666037323915,46.8961051463796,0.873474180958374,0.802919341737647,0.919225043213854
Bern,881f834303fffff,7.34829858948702,46.8948038584698,0.925301718877923,0.788489050860029,0.852142641446942
Bern,881f834309fffff,7.33329450247289,46.9036328477977,0.903528264148806,0.84739074420018,0.93786855134907
Bern,881f83430bfffff,7.34493367774003,46.9023322936647,0.902126365113932,0.786152302213837,0.871443660905035
Bern,881f83430dfffff,7.32502259538834,46.8974051428259,0.914028398326627,0.912101234732686,0.997891571424402
Bern,881f834311fffff,7.36821334077907,46.8997273099993,0.836942873219657,0.65499485302196,0.782604015136952
Bern,881f834313fffff,7.37985382667857,46.8984228801536,0.886405391062492,0.677478346607839,0.764298540418147
Bern,881f834315fffff,7.35993724319625,46.8935012789395,0.977152392001352,0.782131023256382,0.800418675386408
Bern,881f834317fffff,7.37157633343099,46.8921974076321,0.912029012975716,0.698839291724266,0.766246777001242
Bern,881f834319fffff,7.36484975701244,46.9072563224786,1.02978970899036,0.814241040805211,0.790686713701499
Bern,881f83431bfffff,7.37649120306478,46.9059526261019,0.896099258473338,0.690147130567342,0.770168175055884
Bern,881f83431dfffff,7.3565732908208,46.9010304477841,0.715663211382543,0.585951692982472,0.818753407556762
Bern,881f834331fffff,7.35502663970351,46.879744318703,0.91637947134819,0.723835364816137,0.789886054246961
Bern,881f834333fffff,7.3666633749014,46.878440272094,0.65309201430763,0.484695558697892,0.742155083938268
Bern,881f834337fffff,7.35838977843816,46.8722132144955,0.642406045664569,0.482196235647711,0.75060974114725
Bern,881f83433bfffff,7.36330060451226,46.8859712203154,0.730105154503402,0.565361205634461,0.774355861134832
Bern,881f834343fffff,7.3299280403603,46.9111596591073,0.894611716381063,0.845973391905036,0.945631916522643
Bern,881f834345fffff,7.3100174691226,46.9062300814499,0.862079594801916,0.942093790746857,1.09281532288597
Bern,881f834347fffff,7.32165576595518,46.9049321103403,0.874991818796614,0.886925571416575,1.01363870194395
Bern,881f834349fffff,7.31492033268677,46.919983374642,0.788842276931674,0.795212130139856,1.00807493892563
Bern,881f83434bfffff,7.32656098676885,46.9186855801266,0.917699206553609,0.864501601233622,0.942031544824181
Bern,881f834351fffff,7.34984361236102,46.9160861154068,0.996510894962494,0.825459214710297,0.82834941281938
Bern,881f834353fffff,7.36148558199837,46.9147844448879,1.03382768515453,0.816864140398931,0.7901356794066
Bern,881f834355fffff,7.3415681747238,46.9098598388244,0.938558997414019,0.826864702276765,0.880993847541815
Bern,881f834357fffff,7.35320874725325,46.9085587266672,0.960854455031925,0.795798895156955,0.828220019160461
Bern,881f834359fffff,7.34647788601136,46.9236126138212,0.996875428081371,0.816908322049031,0.819468811284965
Bern,881f83435bfffff,7.35812081560423,46.9223116770455,1.03953056814186,0.812191140728115,0.78130568317956
Bern,881f83435dfffff,7.33820208030567,46.9173864937673,0.933733104631527,0.821952420193753,0.88028625751479
Bern,881f834361fffff,7.30511651288432,46.8924748724832,0.84008817567416,0.966924289628572,1.15097952527736
Bern,881f834369fffff,7.30174835861942,46.9000012619569,0.767960703392483,0.89526566138754,1.165770146093
Bern,881f83436bfffff,7.31338525687001,46.8987038479658,0.770010901395428,0.833872492486628,1.08293595710849
Bern,881f834401fffff,7.63930814166999,46.9119990805908,0.573007817899384,0.199733933316045,0.348571044018664
Bern,881f834405fffff,7.63099505363633,46.9057880457449,0.587802086958023,0.209197913347189,0.355898554953801
Bern,881f834407fffff,7.64265056419763,46.9044562128059,0.568709419140297,0.194675590599859,0.342311176934866
Bern,881f83440dfffff,7.6276516621631,46.9133301827823,0.590295355728161,0.214356299257591,0.363133975521746
Bern,881f834417fffff,7.67428006371398,46.9079979934035,0.471600407839815,0.156165105671737,0.331138614546705
Bern,881f834425fffff,7.61771772414461,46.8858204629074,0.720818382445506,0.284269483534951,0.39437046898071
Bern,881f83443bfffff,7.66596282698211,46.9017886571634,0.506114832517643,0.166125205787135,0.328236192882855
Bern,881f834481fffff,7.72091505277707,46.9026450501347,0.327486088385819,0.120972935184185,0.369398699591979
Bern,881f834489fffff,7.71757883323418,46.9101921408957,0.324020109036106,0.120855110356359,0.372986450488761
Bern,881f83448dfffff,7.70925569123465,46.9039852321516,0.357278845107527,0.126299319612533,0.353503492697759
Bern,881f8344c9fffff,7.6992423493794,46.9266216479809,0.36337894831005,0.13628424116983,0.375047156153765
Bern,881f8344cdfffff,7.69091982470334,46.9204144893112,0.40031733196817,0.141903266999301,0.354476950327457
Bern,881f8344edfffff,7.6776195773196,46.9004529341602,0.468289156366017,0.153444398573415,0.327670193698619
Bern,881f834505fffff,7.57285278197071,46.8622905619543,0.568394357953369,0.370545761241439,0.651916677314799
Bern,881f834509fffff,7.57780787767953,46.8760497371287,0.623344168494656,0.353165525532936,0.566565861016735
Bern,881f83450bfffff,7.58945605017307,46.8747220237367,0.658109916470305,0.338429871046842,0.514245208250273
Bern,881f83450dfffff,7.56950674792567,46.869833803042,0.58584158069053,0.374155846811782,0.638663862627787
Bern,881f834511fffff,7.6127536485541,46.872062711855,0.702426790842132,0.306775283576282,0.436736308432217
Bern,881f834519fffff,7.60941030160185,46.87960710023,0.70778175633192,0.302817813707257,0.427840659918406
Bern,881f83451bfffff,7.62106069310587,46.8782762322007,0.71551427174708,0.286280798258719,0.400104944880699
Bern,881f83451dfffff,7.60110464077809,46.8733930153624,0.685202551406608,0.322997915883186,0.471390416191715
Bern,881f834521fffff,7.56789961044217,46.8485294639743,0.551763537742295,0.414114045359694,0.750528110382511
Bern,881f834523fffff,7.57954308166417,46.8472014151939,0.565429040383305,0.389309275495571,0.688520128417277
Bern,881f834525fffff,7.55960275503847,46.8423117756444,0.52490557347703,0.436457584579073,0.831497333297363
Bern,881f834527fffff,7.57124484171332,46.8409842897056,0.551646392429853,0.425365546573878,0.771083709439771
Bern,881f834529fffff,7.56455378984698,46.8560737502789,0.551522896692315,0.404293156650064,0.733048725764167
Bern,881f83452bfffff,7.57619822650589,46.8547464326104,0.567190047559889,0.379285396200734,0.668709540712958
Bern,881f83452dfffff,7.5562565587585,46.8498562187465,0.581764419633705,0.474055613051088,0.814858380905397
Bern,881f834541fffff,7.56281291077395,46.8849176197141,0.52550161366375,0.327738244239924,0.623667436442226
Bern,881f834543fffff,7.57446163032132,46.8835919324359,0.622118496359378,0.347987504412326,0.559358878491381
Bern,881f834545fffff,7.55451279078784,46.8787012795714,0.54653527177885,0.383653457417504,0.701973829006128
Bern,881f834547fffff,7.56616012423775,46.8773761556898,0.58451543843936,0.367813314359192,0.629261932484185
Bern,881f834549fffff,7.55946510740118,46.8924581949318,0.578973703441377,0.35981559849641,0.621471400786759
Bern,881f83454bfffff,7.57111479313426,46.8911332390114,0.619083393842234,0.344259788957919,0.556079830895366
Bern,881f83454dfffff,7.55116461156697,46.8862420121831,0.54435238571135,0.380158116017148,0.698367686072256
Bern,881f834553fffff,7.60606636506214,46.8871506000993,0.595918667496548,0.251756798380187,0.422468387234481
Bern,881f834555fffff,7.58611076926878,46.8822649501966,0.659125840763527,0.333539438274309,0.506033017743529
Bern,881f834557fffff,7.59776032667585,46.8809366728451,0.688669306220196,0.31861194574206,0.462648680381563
Bern,881f83455dfffff,7.58276489861594,46.8898069880001,0.657513947518753,0.330001126905699,0.501892207991963
Bern,881f834561fffff,7.54956239785368,46.8649424406492,0.576737865687609,0.456823424907483,0.792081554005199
Bern,881f834563fffff,7.56120737979484,46.8636171484358,0.550569857003478,0.395889944865716,0.719054884370858
Bern,881f834567fffff,7.55290977307453,46.8573997738094,0.579395135792192,0.464499635006959,0.801697505402527
Bern,881f834569fffff,7.54621443296304,46.8724842190823,0.57414138047219,0.451164972086305,0.785808143135849
Bern,881f83456bfffff,7.55786038015278,46.8711596582611,0.548816543068754,0.388963665339481,0.708731670449578
Bern,881f834691fffff,7.7292126502231,46.9589860651357,0.254906746659215,0.139491817658861,0.547226856436829
Bern,881f834699fffff,7.72587462943255,46.9665282313171,0.263109442038328,0.151694783946909,0.576546332855707
Bern,881f83469bfffff,7.73754437563929,46.9651894247012,0.238104415812536,0.142894636907877,0.600134341987092
Bern,881f83469dfffff,7.71754428540109,46.9603243025259,0.285120445989343,0.149768530371889,0.525281622130624
Bern,881f8346a3fffff,7.69590338925723,46.9341653417339,0.368823060676468,0.143562227213757,0.389244172938768
Bern,881f8346a7fffff,7.68758048314743,46.9279583420924,0.405589413311175,0.148528516289249,0.366204125193219
Bern,881f8346abfffff,7.69256383916047,46.9417081460867,0.376903131281319,0.153577446440961,0.407471930304373
Bern,881f8346b1fffff,7.71589268813918,46.9390337842577,0.298160095811731,0.129976568679606,0.435928786264134
Bern,881f8346b9fffff,7.71255449201729,46.9465771594652,0.303552851972949,0.138322700891449,0.455679134596884
Bern,881f8346bdfffff,7.70422805881089,46.9403716143578,0.334451706261456,0.140161162291209,0.419077432308385
Bern,881f834701fffff,7.55772154343495,46.9212895743347,0.604168257827337,0.3477581530815,0.575598185730711
Bern,881f834703fffff,7.569375515856,46.9199662489856,0.638427482561785,0.332659180819717,0.521060245534659
Bern,881f834705fffff,7.54941815649793,46.9150745859136,0.574210394838277,0.362551112070897,0.63139071554601
Bern,881f834707fffff,7.56107074126881,46.9137518245165,0.606995529324975,0.343775022321088,0.566355114185753
Bern,881f834709fffff,7.55437175510637,46.9288264345066,0.492160785109234,0.289071597080668,0.587351950473887
Bern,881f83470dfffff,7.54606799215804,46.9226116040742,0.576042652253576,0.368011748218478,0.638861977978114
Bern,881f834715fffff,7.58102990847967,46.9186416278749,0.54926618403394,0.261270772802247,0.475672416028623
Bern,881f834717fffff,7.59268472036425,46.9173157108507,0.57269513162598,0.251183677570885,0.438599289045344
Bern,881f834721fffff,7.54446648302533,46.9013208105784,0.543363619976248,0.379416701302041,0.698274023790232
Bern,881f834723fffff,7.55611671398634,46.8999978811595,0.576193788047627,0.358578304032918,0.622322405189274
Bern,881f834725fffff,7.53616699894252,46.8951042221077,0.466392125353514,0.364071700507457,0.780612880698831
Bern,881f834727fffff,7.54781584235716,46.8937818559132,0.543049061511278,0.378683884836657,0.69732904755014
Bern,881f834729fffff,7.54111653343838,46.9088588759959,0.492982140490994,0.345419557809173,0.700673573012496
Bern,881f83472dfffff,7.53281667404275,46.9026424450809,0.471059361085158,0.367783063484269,0.780757360679605
Bern,881f834731fffff,7.5760713875321,46.9048883969047,0.649093345264813,0.327618085938499,0.504731851479451
Bern,881f834735fffff,7.56776736598526,46.898673656672,0.615039463734466,0.342188985785871,0.556369153465584
Bern,881f834737fffff,7.57941843808145,46.8973481369639,0.653847010278655,0.327967150606789,0.501596161565404
Bern,881f834739fffff,7.5727237468347,46.9124277676396,0.643836624984255,0.329122306725025,0.511189165004514
Bern,881f83473bfffff,7.58437717225429,46.9111024151306,0.678563042591934,0.316161078097366,0.465927346838274
Bern,881f834743fffff,7.55102137614977,46.9363624048497,0.492392207891421,0.296114258827436,0.601378848165552
Bern,881f834745fffff,7.53106314181528,46.931467734935,0.570896021358592,0.406795199209371,0.712555673870872
Bern,881f834747fffff,7.54271723724337,46.930147732514,0.580111429324143,0.375925308020113,0.648022585002477
Bern,881f834755fffff,7.56267728252169,46.9350405427808,0.514128726995846,0.282696770137636,0.549856009387937
Bern,881f83475dfffff,7.55932727989945,46.9425763548649,0.512041120331955,0.290947873633598,0.568211930801529
Bern,881f834761fffff,7.52611425310541,46.9177162228772,0.543121457968561,0.423581889043695,0.779902695481817
Bern,881f834763fffff,7.53776599346318,46.9163960519829,0.551337969674397,0.388182316971915,0.70407325147797
Bern,881f834765fffff,7.51781540744592,46.9114993865743,0.591463387882864,0.508139718257567,0.859122861478285
Bern,881f834767fffff,7.52946575880808,46.9101797787317,0.479012889222028,0.373951546765802,0.780671157665804
Bern,881f834769fffff,7.52276215680157,46.925251777335,0.559562543516712,0.435428338098176,0.778158479589461
Bern,881f83476bfffff,7.53441486296653,46.9239323383568,0.559663356672333,0.396326382585527,0.70815138754486
Bern,881f83476dfffff,7.51446293636531,46.9190350987492,0.615583361370903,0.524399763851663,0.851874492974966
Bern,881f834811fffff,7.35738192460875,46.7506153806015,0.622033169883681,0.44145478652687,0.709696536937767
Bern,881f834813fffff,7.36899924557061,46.7493045874018,0.681325600915051,0.412848604433294,0.605949055603987
Bern,881f834819fffff,7.35402402656872,46.7581579153293,0.629024161269307,0.446094550559633,0.709185080680301
Bern,881f83481bfffff,7.36564230360582,46.7568478549349,0.686934304540403,0.414557682666649,0.603489562140896
Bern,881f834825fffff,7.30449646689449,46.7207491137637,0.540356185994448,0.96565118371124,1.78706417866596
Bern,881f834827fffff,7.31610639454686,46.7194423812263,0.557706166307041,0.879032178630704,1.57615646327059
Bern,881f83482dfffff,7.30113578512188,46.7282916821392,0.579479235088777,1.02901898266764,1.77576506690527
Bern,881f834841fffff,7.30755528228856,46.7633852742865,0.652752664632563,0.880627236471633,1.34909788069167
Bern,881f834843fffff,7.31917181191715,46.7620803666289,0.742223863345245,0.865901504864025,1.16663118450727
Bern,881f834847fffff,7.31091700112665,46.7558456720586,0.695290951535246,0.938547106879339,1.34986239186195
Bern,881f834849fffff,7.30419297413545,46.770923989477,0.665211559122822,0.89672172893575,1.34802487515131
Bern,881f83484bfffff,7.31581045851397,46.76961981521,0.696785150211574,0.815868881435251,1.17090451940246
Bern,881f834853fffff,7.35066553951964,46.7656995633173,0.636993821104333,0.453749482807535,0.712329488566916
Bern,881f83485bfffff,7.34730646332961,46.7732403243809,0.644954583602465,0.463816828408598,0.719146495273974
Bern,881f83485dfffff,7.32742838149128,46.7683143528651,0.802423584875318,0.802035857257064,0.999516804309391
Bern,881f834867fffff,7.29777451454058,46.7358333642516,0.588294589419375,1.03717861653684,1.76302593154986
Bern,881f834881fffff,7.40720729285482,46.737818125081,0.913600543219012,0.398009896552573,0.435649802867029
Bern,881f834883fffff,7.41882538753426,46.7365014449588,0.988050776584459,0.41025162160333,0.41521309564829
Bern,881f834885fffff,7.3989434808124,46.7315870111887,0.839206852521665,0.409841405297984,0.488367562855909
Bern,881f834887fffff,7.41056018748995,46.7302708875754,0.92430638295626,0.418288106716183,0.452542700590631
Bern,881f83488bfffff,7.41547286185858,46.7440485286107,0.977951460493667,0.391049129742898,0.399865581820899
Bern,881f83488dfffff,7.39558962920766,46.7391335164239,0.831258869109595,0.394349678043859,0.474400566055034
Bern,881f834893fffff,7.45033259705619,46.740092949909,1.47136679181571,0.636825527971073,0.432812220252173
Bern,881f834895fffff,7.43044391231452,46.7351834759036,1.04319105315254,0.430511060314509,0.412686687652754
Bern,881f834897fffff,7.44206286626394,46.7338642177619,1.494602315552,0.639869810191231,0.428120446176955
Bern,881f83489bfffff,7.44698235740425,46.7476413434826,1.45582010426581,0.596845688499003,0.409972143364512
Bern,881f83489dfffff,7.42709234438393,46.7427312916434,1.03207107631261,0.406113973944845,0.393494191694445
Bern,881f8348a1fffff,7.39403505695296,46.7178076427121,1.14465853785825,0.663165724325671,0.579356814623954
Bern,881f8348a3fffff,7.40564941900714,46.7164913430227,1.27567287569313,0.676363523189654,0.530201383189368
Bern,881f8348a5fffff,7.38577512602753,46.7115749562325,1.04896062496685,0.704277979007189,0.671405543968296
Bern,881f8348a7fffff,7.39738810019522,46.7102592123261,1.17409607666833,0.70883335920042,0.60372687830781
Bern,881f8348a9fffff,7.39068142551489,46.7253551874337,0.764583503978459,0.427870808734597,0.559612921947962
Bern,881f8348abfffff,7.40229674403493,46.7240396199931,0.85154420971111,0.431570455566775,0.50680921864666
Bern,881f8348adfffff,7.38242112674568,46.7191226543163,1.02365622380968,0.666264912543374,0.650867837313364
Bern,881f8348b1fffff,7.42552867394016,46.7214046198545,1.48934196185788,0.688234812159863,0.462106641581042
Bern,881f8348b3fffff,7.43714528346339,46.7200851868493,1.06698545803286,0.500406219564994,0.468990665053266
Bern,881f8348b5fffff,7.41726421197778,46.7151737550942,1.40366840127075,0.704938354805532,0.502211458324023
Bern,881f8348b7fffff,7.4288794349342,46.7138548787731,1.51236134085299,0.747894482976224,0.494521026671048
Bern,881f8348b9fffff,7.42217732485081,46.7289534753116,1.00005101518724,0.435806856541751,0.435784624907515
Bern,881f8348bbfffff,7.43379489196369,46.7276347742438,1.05480802120039,0.461684167486183,0.437694972172072
Bern,881f8348bdfffff,7.41391249382032,46.7227227641846,0.938342548962778,0.445325688204383,0.474587546623177
Bern,881f8348c5fffff,7.38061700070766,46.7479925057574,0.750513339008825,0.393868274255017,0.524798499617854
Bern,881f8348c7fffff,7.39223518908888,46.7466791355137,0.827342290449695,0.384317890052916,0.464521026531864
Bern,881f8348cdfffff,7.37726101516803,46.7555365059677,0.753467692995474,0.392219298613257,0.520552244322456
Bern,881f8348e1fffff,7.37571136323126,46.7342153930796,0.679512920689917,0.422203310579507,0.621332277465512
Bern,881f8348e3fffff,7.38732720574923,46.7329018463053,0.75521598585511,0.410939499660648,0.544135065143454
Bern,881f8348e5fffff,7.36745208599322,46.7279824578275,0.618126204549573,0.452474617498925,0.732010088180361
Bern,881f8348e9fffff,7.37235559873513,46.7417604333884,0.678435943480025,0.415143280703598,0.611912273654204
Bern,881f8348ebfffff,7.38397239752409,46.7404476191416,0.75074484048353,0.39985564376239,0.532611910465954
Bern,881f8348edfffff,7.36409595418918,46.7355276516657,0.615469379458445,0.443905385610986,0.721246905900633
Bern,881f83499bfffff,7.38912853716819,46.7040263725947,1.08246716766129,0.753648675824629,0.696232364675701
Bern,881f8349c9fffff,7.32771676020311,46.7181343618159,0.679670195866119,0.933334285772674,1.37321643857475
Bern,881f8349cbfffff,7.33932756293443,46.7168250553769,0.72175943095319,0.856280224379734,1.18637898953241
Bern,881f8349d1fffff,7.36255047590613,46.7142025807921,0.848967063066503,0.74690316348307,0.879778728735631
Bern,881f8349d3fffff,7.3741625842879,46.7128894123365,0.939589153118179,0.717049628949784,0.763152306058598
Bern,881f8349d5fffff,7.35429507874518,46.707968075569,0.795192243919631,0.823180183823227,1.03519644478125
Bern,881f8349d7fffff,7.36590579792455,46.7066554619945,0.872255495679892,0.782326739137547,0.896900900037037
Bern,881f8349ddfffff,7.35093880181184,46.715514461754,0.77722429443411,0.793639443290327,1.02112022098868
Bern,881f834a03fffff,7.31398089402065,46.798466207669,0.84496003848195,0.884977507175821,1.04736019086271
Bern,881f834a11fffff,7.33386426452083,46.8033944957062,0.965775363895532,0.759325987012859,0.786234579385062
Bern,881f834a15fffff,7.32560307723711,46.7971623903758,0.900147250974855,0.808560906084324,0.898254041445615
Bern,881f834a19fffff,7.33050224064643,46.8109308193852,0.911806364560652,0.742405187615801,0.814213649378861
Bern,881f834a1bfffff,7.34212721236172,46.8096258907138,0.949758536651277,0.6613293868704,0.696313179981683
Bern,881f834a1dfffff,7.32224068697846,46.8046988685201,0.901358218270948,0.830173407168359,0.92102494917155
Bern,881f834a27fffff,7.29257592928605,46.7722268758224,0.59987043332183,0.913004882331445,1.52200347210915
Bern,881f834a31fffff,7.320705816872,46.7833920551501,0.763455383387102,0.777334277343458,1.01817905048332
Bern,881f834a33fffff,7.33232608864997,46.7820867710655,0.685460079890073,0.592691091613446,0.864661719918825
Bern,881f834a35fffff,7.3124485157402,46.7771583766437,0.709226853983223,0.83389019306303,1.17577357425154
Bern,881f834a37fffff,7.32406739389468,46.7758536476364,0.814878377970049,0.821271722343535,1.00784576514278
Bern,881f834a39fffff,7.3173436502913,46.7909295752223,0.773057315939084,0.797089811364471,1.03108759846117
Bern,881f834a3bfffff,7.32896487775028,46.7896250244963,0.826050831390313,0.726616451907585,0.879626802971226
Bern,881f834a53fffff,7.32713962683901,46.8184662550358,0.899963147605537,0.762281450194588,0.847014071879201
Bern,881f834a57fffff,7.31887770684229,46.8122344587455,0.85448777104616,0.810274529772745,0.948257607924238
Bern,881f834a5bfffff,7.32377642296645,46.8260008024745,0.884369683135917,0.78212541227148,0.884387408553078
Bern,881f834a91fffff,7.41524150677769,46.7942277801429,1.33864365706734,0.502286717085215,0.375220630548992
Bern,881f834a95fffff,7.40697057549731,46.7879995713925,1.35246029683317,0.502524708477239,0.371563372066387
Bern,881f834a97fffff,7.41859623773729,46.7866854385405,1.36780467614034,0.500434054719506,0.365866606138259
Bern,881f834a99fffff,7.41188618655763,46.8017692344216,1.30440121215142,0.507954911849009,0.389416160547116
Bern,881f834a9dfffff,7.40361488589952,46.795541180511,1.32617376028816,0.507841658025157,0.382937495245577
Bern,881f834aa5fffff,7.36228477270889,46.7643902358028,0.694002618149981,0.419579054457645,0.604578489309056
Bern,881f834aadfffff,7.35892665274785,46.771931729821,0.701257530440949,0.427283740493011,0.609310733853134
Bern,881f834ab9fffff,7.39870140347365,46.7817706504619,1.32000173269194,0.506817157266689,0.383951887876022
Bern,881f834abbfffff,7.41032567588916,46.7804570750598,1.37269691475997,0.500886496772849,0.364892272567273
Bern,881f834ac1fffff,7.36537846579591,46.8070121648128,0.805297877854897,0.420365446155727,0.521999942773313
Bern,881f834ac3fffff,7.37700474564934,46.8057033672716,1.19421510167086,0.55510558158262,0.464828807478615
Bern,881f834ac5fffff,7.3571127313533,46.8007818823711,0.763287500527897,0.438146056211481,0.574024932818179
Bern,881f834ac9fffff,7.36201872311071,46.8145498002817,0.786799777629087,0.432029813986543,0.549097529346546
Bern,881f834acbfffff,7.37364596070662,46.813241735758,1.16409074433808,0.56989170207152,0.489559516595562
Bern,881f834acdfffff,7.35375262105578,46.808319672575,0.752634056334672,0.450497987967482,0.598561789990487
Bern,881f834ad1fffff,7.39690173855726,46.8106217363685,1.25520939363156,0.527718948004098,0.420423039121232
Bern,881f834ad3fffff,7.40853027694486,46.8093098011924,1.26526488174633,0.517073191538215,0.408667939020443
Bern,881f834ad5fffff,7.38863145968299,46.8043932797961,1.25333717758241,0.531747056065739,0.424264966823564
Bern,881f834ad7fffff,7.40025860696357,46.803081902231,1.29364059740147,0.51638405932116,0.399171192028466
Bern,881f834addfffff,7.38527363283331,46.8119323811721,1.2183995473978,0.544925835521892,0.447247240599949
Bern,881f834ae1fffff,7.35220864510566,46.7870120565702,0.711352231207303,0.448505952973289,0.630497710272291
Bern,881f834ae3fffff,7.36383118313863,46.7857036390583,0.770244264742278,0.415730669680361,0.53973874095572
Bern,881f834ae5fffff,7.34394679786671,46.7807801983358,0.651870739940522,0.475695358664938,0.729738780280797
Bern,881f834ae7fffff,7.35556794359077,46.7794723368049,0.707458086455861,0.43710462388859,0.617852325468982
Bern,881f834ae9fffff,7.34884875716046,46.7945508889328,0.711852345854828,0.460995695386181,0.647600163250982
Bern,881f834aebfffff,7.36047225200355,46.7932432044709,0.768990890575188,0.42643290480193,0.554535703905371
Bern,881f834c11fffff,7.57805903209839,46.775704626843,0.526962678442255,0.560897455207612,1.06439692629784
Bern,881f834c13fffff,7.58969202029202,46.774371856361,0.606223016228752,0.615268351739713,1.0149208051638
Bern,881f834c15fffff,7.56976869876305,46.7694842527806,0.539282131981362,0.594072963024493,1.10159956689428
Bern,881f834c17fffff,7.58140030550276,46.7681520440309,0.548653889338795,0.589974902704433,1.07531344289828
Bern,881f834c19fffff,7.57471717053731,46.7832563233863,0.508969539434652,0.534347215000471,1.04986089264597
Bern,881f834c1bfffff,7.58635112267257,46.7819242835202,0.583990385480725,0.586213297896834,1.00380641954281
Bern,881f834c1dfffff,7.56642646184385,46.7770361049221,0.519018863511303,0.564226067329896,1.08710127318447
Bern,881f834c41fffff,7.52818555422201,46.7885715590233,0.543061590361628,0.529757942746261,0.975502506803127
Bern,881f834c43fffff,7.53981782759414,46.7872446883863,0.51941332076678,0.535040171591802,1.03008557963426
Bern,881f834c47fffff,7.5315312680779,46.7810227862479,0.561708780750664,0.555790193327895,0.98946324567891
Bern,881f834c49fffff,7.52483925175848,46.7961194450418,0.526172036537507,0.507755613768094,0.964999236959449
Bern,881f834c4dfffff,7.51655370288117,46.7898971377311,0.577717808588519,0.52215820121289,0.903829159237151
Bern,881f834c51fffff,7.55974022316324,46.7921371499858,0.488459011955236,0.513212454460233,1.050676601105
Bern,881f834c53fffff,7.57137472068692,46.7908071334756,0.494690828411564,0.510354179978433,1.03166291078645
Bern,881f834c55fffff,7.55145052206158,46.7859165256686,0.505819682328275,0.537598349603734,1.06282607890856
Bern,881f834c57fffff,7.56308363668811,46.7845870707189,0.502110943788495,0.537289369271871,1.0700610610435
Bern,881f834c5bfffff,7.56803168241469,46.7983570569256,0.535790892124403,0.54136769116423,1.01040853646787
Bern,881f834c5dfffff,7.54810614520956,46.7934658739828,0.491777713110912,0.513674341863218,1.04452545971185
Bern,881f834c81fffff,7.62793089901933,46.7628102848098,0.789902200801049,0.621678186045605,0.787031844467776
Bern,881f834c83fffff,7.63956458435429,46.7614716132005,0.832225746184007,0.593403567000768,0.713031974463291
Bern,881f834c85fffff,7.619635420526,46.7565920036541,0.762638897987013,0.662073959546798,0.868135576738012
Bern,881f834c87fffff,7.6312677271952,46.7552538948451,0.828756496931164,0.652230584289859,0.786999060284933
Bern,881f834c89fffff,7.62459348314033,46.7703657889959,0.730143499636325,0.573786786930054,0.785854817876007
Bern,881f834c8bfffff,7.63622813372215,46.7690278474024,0.671824565602136,0.477936524779064,0.711400787124691
Bern,881f834c8dfffff,7.61629762752977,46.7641476635481,0.726265388064772,0.63061565377895,0.868299197706926
Bern,881f834c91fffff,7.6594986737101,46.7663480846123,0.766189490365347,0.456897905132868,0.596324944257592
Bern,881f834c93fffff,7.67113456124074,46.7650062631184,0.792213157196564,0.442601284013428,0.558689640525132
Bern,881f834c95fffff,7.65119868259742,46.7601316485713,0.75668634491327,0.492364808887528,0.650685468552974
Bern,881f834c97fffff,7.66283319281132,46.7587903907735,0.796333771925702,0.479478908355932,0.60210796685974
Bern,881f834ca3fffff,7.62630924369788,46.741478027045,0.83587232693246,0.723413137216022,0.86545889115728
Bern,881f834ca5fffff,7.60638768988949,46.7365964313857,0.848165063428999,0.872509919081331,1.02870296915309
Bern,881f834ca7fffff,7.61801627484645,46.7352587170675,0.81030852702718,0.767694368209812,0.947409958804568
Bern,881f834ca9fffff,7.61134169803233,46.7503730044349,0.610881077224111,0.5805533495592,0.950354121619346
Bern,881f834cabfffff,7.62297262587121,46.749035458091,0.799903742455392,0.693399143328234,0.866853230614685
Bern,881f834cadfffff,7.60304973132827,46.7441532876521,0.811057622004277,0.834212090890325,1.02854848811953
Bern,881f834cb1fffff,7.64623572288373,46.7463564878767,0.980176356096418,0.702593298132482,0.716802944452344
Bern,881f834cb3fffff,7.65786789018398,46.7450150637086,0.957558167745095,0.632583277476656,0.660621253919534
Bern,881f834cb5fffff,7.63793962096789,46.7401384583242,0.946608334410355,0.74539571372175,0.787438359272485
Bern,881f834cb7fffff,7.64957041104625,46.7387975971267,0.932747894556247,0.672369751850747,0.720848319009742
Bern,881f834cb9fffff,7.64290044736394,46.7539144932966,0.879685623934629,0.628524109377743,0.714487189828681
Bern,881f834cbbfffff,7.65453358009523,46.7525737988597,0.786738564415531,0.515126978834945,0.654762588405252
Bern,881f834cbdfffff,7.63460396780052,46.7476966192879,0.866558381728046,0.6818184096273,0.786811857116485
Bern,881f834cc1fffff,7.60962027805383,46.7792563255859,0.64322792823223,0.554002692533909,0.861285196456664
Bern,881f834cc3fffff,7.62125547942558,46.7779204072178,0.696925777654178,0.545339016648627,0.782492245421334
Bern,881f834cc5fffff,7.60132542548812,46.7730377933257,0.642892449654613,0.608010672291187,0.945742437351434
Bern,881f834cc7fffff,7.6129592467499,46.7717024375872,0.692574511499945,0.599990091518895,0.866318470512962
Bern,881f834cc9fffff,7.60628072130889,46.7868093273585,0.618879824545802,0.52769611923553,0.852663309266557
Bern,881f834ccdfffff,7.5979854921571,46.7805909509701,0.617323736329083,0.5790601318622,0.938016955747696
Bern,881f834ce1fffff,7.59637205143339,46.7592643436497,0.598519180756717,0.614141249385212,1.02610119964534
Bern,881f834ce3fffff,7.60800352829319,46.7579288198725,0.705935997290565,0.671309366825694,0.950949334503736
Bern,881f834ce7fffff,7.59971118522037,46.7517092584688,0.773532539502724,0.795128610365012,1.02791876199051
Bern,881f834ce9fffff,7.59303232983478,46.766818543009,0.571312301942134,0.58394730012405,1.02211574674475
Bern,881f834cebfffff,7.60466477082265,46.7654837495646,0.672727563574692,0.638941707680554,0.949777803492087
Bern,881f834cedfffff,7.58474099088298,46.7605985751355,0.573645384927258,0.621358130338969,1.08317463482734
Bern,881f834d45fffff,7.46195336533874,46.7387718448355,1.42001039288332,0.681558957225204,0.4799675837874
Bern,881f834d4dfffff,7.45860408455564,46.7463209701849,1.40387048628248,0.63452680015442,0.451983859162591
Bern,881f834d65fffff,7.44876232145873,46.7187644650159,1.60077299988771,0.792778968948858,0.495247589136292
Bern,881f834d69fffff,7.45368224845059,46.7325436703806,1.48517885438458,0.686208346194836,0.462037514316203
Bern,881f834d6dfffff,7.44541288789713,46.7263147842185,1.07962307474315,0.494852872915625,0.458357073401154
Bern,881f834d91fffff,7.60143560205816,46.7228179459087,0.877712500873667,0.971179606611573,1.10648943206901
Bern,881f834d93fffff,7.61306184490174,46.7214800632479,0.82113276308519,0.845848933543769,1.03010009047223
Bern,881f834d97fffff,7.60477276207493,46.7152591644158,0.90438632401839,1.00543770152587,1.11173474744563
Bern,881f834d99fffff,7.5980978548118,46.7303758424341,0.846157735158825,0.932438730075908,1.10196797988367
Bern,881f834d9bfffff,7.60972506103652,46.7290386898555,0.882950221191855,0.908573228427476,1.02901976421846
Bern,881f834dd3fffff,7.59475952020352,46.7379328538055,0.811672114510106,0.891032531359531,1.09777398463088
Bern,881f834e05fffff,7.5147968113967,46.8187577807085,0.483970381456849,0.464407769929432,0.959578907559324
Bern,881f834e13fffff,7.56629337991795,46.8272202260583,0.528714106854798,0.461990092023721,0.873799442901186
Bern,881f834e19fffff,7.55130766008237,46.8360933681201,0.563414984903145,0.508936954119157,0.903307451445663
Bern,881f834e1bfffff,7.56294836204735,46.8347664446869,0.526653703755185,0.448373556361716,0.851363150329504
Bern,881f834e21fffff,7.50985858456681,46.8049905600653,0.541283985935509,0.48623091952987,0.898291714079643
Bern,881f834e23fffff,7.52149236055475,46.8036664441185,0.510652583193444,0.489601567528487,0.958776247574601
Bern,881f834e27fffff,7.51320643813365,46.7974442924068,0.558792664833063,0.502089088996187,0.898524838628983
Bern,881f834e29fffff,7.50651014204809,46.8125359405222,0.525350855274206,0.474472327395812,0.903153240605579
Bern,881f834e2bfffff,7.51814488047836,46.8112125560689,0.496556935364692,0.475177169210461,0.956943978360652
Bern,881f834e41fffff,7.50474906879391,46.8413881289196,0.456820441520618,0.454031543890695,0.993894980661025
Bern,881f834e45fffff,7.49646127945518,46.8351667568393,0.489680042710318,0.463661862493782,0.946866978542707
Bern,881f834e4dfffff,7.49311047980326,46.8427085866469,0.483413883124153,0.468492253832469,0.969132807698342
Bern,881f834e61fffff,7.49152583385382,46.8214017941816,0.551855706358152,0.469558886544394,0.85087257617239
Bern,881f834e63fffff,7.50316111044498,46.820080433593,0.511211099272467,0.466767431394661,0.913062005224346
Bern,881f834e65fffff,7.48324193815961,46.815178833082,0.569113010424247,0.432027381599706,0.759124064441348
Bern,881f834e67fffff,7.49487582762978,46.813858032809,0.567202993233203,0.473731570338729,0.835206400513398
Bern,881f834e69fffff,7.48817525078191,46.8289446679086,0.53925545984923,0.46986316260188,0.871318322364782
Bern,881f834e6bfffff,7.49981148962487,46.8276240390934,0.499166025110395,0.46313605177787,0.927819660153038
Bern,881f834e6dfffff,7.47989098255962,46.8227218626269,0.659502827887172,0.513587083041273,0.77874887161081
Bern,881f834e85fffff,7.5962585214541,46.8094630134677,0.574038567286379,0.461668545214815,0.804246563775733
Bern,881f834e8dfffff,7.59291661118677,46.8170124684843,0.567418636786461,0.443813614784073,0.782162562191441
Bern,881f834ea1fffff,7.59130386097488,46.7956946071672,0.580106986580844,0.528043368142769,0.910251695562333
Bern,881f834ea3fffff,7.60294057638242,46.7943614427199,0.599341813920136,0.503520270736286,0.840122045620167
Bern,881f834ea5fffff,7.58300963684382,46.7894758243013,0.566187000201457,0.55969628290318,0.988536089143751
Bern,881f834ea7fffff,7.59464497069687,46.7881432223123,0.596421726596095,0.552376839755668,0.926151438023897
Bern,881f834ea9fffff,7.58796216285842,46.8032451053496,0.568178850124429,0.506029943737416,0.890617353367867
Bern,881f834eabfffff,7.59959984314174,46.8019126714846,0.584517950396159,0.481525577705557,0.823799469937924
Bern,881f834eadfffff,7.57966756267317,46.797026478519,0.552649302282152,0.535701431880533,0.969333408489555
Bern,881f834eb5fffff,7.61457770795815,46.7930269850268,0.643893954508245,0.493634295519917,0.766639121339345
Bern,881f834ebdfffff,7.61123793994008,46.8005789442431,0.624827876193787,0.470861828265616,0.753586461497087
Bern,881f834ec1fffff,7.58623102438181,46.8321087168794,0.563062383443231,0.413464917228764,0.734314579319523
Bern,881f834ec5fffff,7.57793353681502,46.8258912780128,0.552628115377653,0.452400356387486,0.818634347038834
Bern,881f834ec7fffff,7.58957411220694,46.8245610363498,0.564006685306316,0.427798677266943,0.75849930224604
Bern,881f834ec9fffff,7.58288734757851,46.8396555098889,0.563800027002132,0.400673333505435,0.710665686974008
Bern,881f834ecdfffff,7.57458948379332,46.8334382276571,0.551712672251979,0.438097974618846,0.794069080977638
Bern,881f834ee1fffff,7.57298164877548,46.8121251265245,0.536076344444242,0.494744682181534,0.922899671490715
Bern,881f834ee3fffff,7.58461987621477,46.8107947166745,0.560095022273069,0.486204742934664,0.868075457913319
Bern,881f834ee5fffff,7.56468805558797,46.8059060935516,0.526691702616545,0.520088931098992,0.987463687989101
Bern,881f834ee7fffff,7.57632490002794,46.8045762459884,0.542873366474237,0.514107482687597,0.947011797662016
Bern,881f834ee9fffff,7.56963780878306,46.8196731199427,0.531611154068903,0.477419818962582,0.898062080354135
Bern,881f834eebfffff,7.58127700091122,46.8183434409571,0.555158048102185,0.468387977821245,0.843702040207172
Bern,881f834f0dfffff,7.45347580480506,46.7827352985173,1.19910446979812,0.52875599591287,0.440959073400746
Bern,881f834f21fffff,7.45190375792283,46.761416562504,1.36500359324257,0.566017887499155,0.414664027480381
Bern,881f834f25fffff,7.44363152936265,46.755188850916,1.43840041488646,0.565238982559486,0.392963584207603
Bern,881f834f27fffff,7.45525421546105,46.7538692094695,1.3856234541736,0.596319913776398,0.430362168004762
Bern,881f834f29fffff,7.44855271180881,46.7689630291033,1.3418229504896,0.542774587340469,0.404505368716806
Bern,881f834f2dfffff,7.44028011279933,46.762735472024,1.41902677769266,0.541032543526693,0.381270143757551
Bern,881f834f51fffff,7.47831054089339,46.8014110836678,0.669268293639865,0.437349386042196,0.653473935936274
Bern,881f834f59fffff,7.47495980232767,46.8089551562944,0.774812229622348,0.515275985527094,0.665033366572241
Bern,881f834f5bfffff,7.48659230451737,46.8076349160008,0.697405204267884,0.51943308038157,0.744808150559839
Bern,881f834f61fffff,7.43357551357896,46.7778260545241,1.37302116051071,0.51149407279836,0.372531820709963
Bern,881f834f63fffff,7.44520107698689,46.7765086090825,1.31577335302668,0.525854704400385,0.399654471790875
Bern,881f834f67fffff,7.43692810758215,46.7702812066217,1.3974181010645,0.52336050501274,0.374519626312315
Bern,881f834f69fffff,7.43022233065762,46.7853700155465,1.3451543391804,0.504845391585656,0.375306666960803
Bern,881f834f6bfffff,7.44184885332477,46.7840533022567,1.2865099961623,0.514650116826222,0.400035847650962
Bern,881f834f6dfffff,7.42195037956863,46.7791422097986,1.3920833284882,0.502804822755488,0.361188739543009
Bern,881f835001fffff,7.28948432170025,47.0014119003567,0.831192161791498,0.509401730706554,0.612856754578414
Bern,881f835003fffff,7.30113597121983,47.0001208919753,0.821317805478457,0.491077246930799,0.597913796164109
Bern,881f835005fffff,7.28120764381013,46.9951862344821,0.761300678668466,0.489272696268241,0.64267996860845
Bern,881f835007fffff,7.29285789032011,46.9938957844814,0.820163053289088,0.517987132587487,0.631566041057582
Bern,881f83500dfffff,7.2778331155258,47.0027016155064,0.778868329972958,0.484607425722197,0.622194287626282
Bern,881f835015fffff,7.31278806314611,46.9988285902031,0.833374777087278,0.483162739052244,0.579766453624793
Bern,881f835017fffff,7.32444059654036,46.9975349948814,0.868767806549172,0.487598850312008,0.56125335980024
Bern,881f835027fffff,7.27968074598734,46.9739260995684,0.57811535165737,0.433094679175091,0.749149244927458
Bern,881f835031fffff,7.307880595559,46.9850862985674,0.741091340858041,0.471239744103881,0.635872689536861
Bern,881f835033fffff,7.31953076681587,46.9837925276691,0.7687831531251,0.471488624694708,0.613292087343627
Bern,881f835037fffff,7.31125201856735,46.9775676637335,0.742773149240684,0.491538085906054,0.661760709051666
Bern,881f835039fffff,7.30450857982081,46.9926040413747,0.740719100099443,0.455168785342278,0.614495812624746
Bern,881f83503bfffff,7.31615971137392,46.9913110050032,0.760372213074842,0.451941512280743,0.594368790060269
Bern,881f835041fffff,7.27108227937696,47.0177296997809,0.830788608472031,0.497001486341095,0.598228576165927
Bern,881f835043fffff,7.28273540510998,47.01644145455,0.785264884305257,0.464199381553889,0.591137322999713
Bern,881f835045fffff,7.26280627281514,47.0115037910279,0.943623850471347,0.574582783916545,0.608910832032845
Bern,881f835047fffff,7.2744579940924,47.0102161039992,0.886427163028423,0.538482145643607,0.607474779770868
Bern,881f835049fffff,7.26770597124648,47.0252424026719,0.868141912398329,0.515764590558213,0.594101705253881
Bern,881f83504bfffff,7.27936005687359,47.0239548925087,0.811631263885028,0.477036112395319,0.587749799227662
Bern,881f835063fffff,7.26955784122884,46.996475391536,0.881980616302569,0.569769210095641,0.646011034215493
Bern,881f83506bfffff,7.26618235363472,47.0039900375838,0.909474482169903,0.567932824719359,0.624462627433302
Bern,881f835081fffff,7.37105512601622,46.992347674933,1.22981963104485,0.647179553386027,0.52623940702279
Bern,881f835083fffff,7.38270985266273,46.9910476094915,1.18867451598915,0.634264936128952,0.533590085088306
Bern,881f835085fffff,7.36276863933773,46.9861259236998,1.16894176421083,0.629457263040084,0.538484706691132
Bern,881f835087fffff,7.37442196707144,46.9848264186299,1.29531017909856,0.698869525456512,0.539538356706864
Bern,881f83508dfffff,7.35940083614108,46.9936464460353,1.11389910073053,0.586105213259777,0.526174419994944
Bern,881f835095fffff,7.39436501514059,46.9897462495535,1.27474968737323,0.698984116898125,0.548330487013856
Bern,881f8350a1fffff,7.35785150140192,46.9723818826647,1.16326192679196,0.673691773814141,0.579140224826273
Bern,881f8350a3fffff,7.36950246843406,46.9710822036803,1.47100502113564,0.844593672447679,0.574160971793038
Bern,881f8350a5fffff,7.34956892088439,46.9661585385591,0.83007991283552,0.51034587943149,0.614815358786564
Bern,881f8350a7fffff,7.36121848912325,46.9648594192172,1.35074971351754,0.81246211597002,0.601489756273393
Bern,881f8350adfffff,7.34620097196059,46.9736802680046,0.811457390230987,0.480579349721927,0.592242248955458
Bern,881f8350b3fffff,7.40109425432428,46.9746999102139,1.56683207727079,0.9194104690874,0.586795791600646
Bern,881f8350b5fffff,7.38115387211801,46.9697812308942,1.62879602546339,0.941880518912454,0.578267937904924
Bern,881f8350b7fffff,7.39280571151464,46.9684789641494,1.06270534941048,0.628643284861795,0.591549939228712
Bern,881f8350b9fffff,7.38607573122346,46.9835256193475,1.25148795023942,0.686490664892101,0.548539572243399
Bern,881f8350bbfffff,7.39772993085401,46.9822235256955,1.3366184754085,0.755542752952084,0.565264334477478
Bern,881f8350e1fffff,7.33946329688326,46.9887210518313,0.958220701296123,0.533788815358465,0.557062495765791
Bern,881f8350e5fffff,7.33118137883276,46.9824974634734,0.819402805809859,0.484541056074092,0.591334387237293
Bern,881f8350e7fffff,7.34283243067121,46.9812011058222,0.893513042267882,0.511869765684874,0.572873300635506
Bern,881f8350e9fffff,7.33609357046372,46.9962401058516,0.928172916872291,0.505752349331624,0.544890224804104
Bern,881f8350ebfffff,7.34774698397709,46.9949439229556,1.0109231170586,0.538524899919229,0.532706088951782
Bern,881f8350edfffff,7.32781128404098,46.9900166752082,0.887016645126631,0.509467222842813,0.574360386179767
Bern,881f835101fffff,7.23158473469301,46.9578172302932,0.817896444351156,0.650037935857605,0.794768017818302
Bern,881f835103fffff,7.24322655995597,46.9565301234748,0.774457285077442,0.649990057351917,0.83928458015205
Bern,881f835105fffff,7.22332044079604,46.9515865660964,0.993052391437916,0.803528026111271,0.809149681365534
Bern,881f835107fffff,7.23496086198967,46.9503000152915,1.02227950864306,0.879106214653443,0.859947017641325
Bern,881f835109fffff,7.22820801472014,46.9653335535899,0.834574170562769,0.615597946515783,0.737619217355689
Bern,881f83510bfffff,7.23985079706236,46.9640471819413,0.791355966470166,0.615598368411766,0.777903237600692
Bern,881f83510dfffff,7.21994335685067,46.9591030458755,0.855789139071129,0.641129305226058,0.749167377751414
Bern,881f835111fffff,7.26313770133015,46.9614705639204,0.703941755714552,0.590880986475962,0.839389028537134
Bern,881f835113fffff,7.27478182138358,46.9601803172288,0.669132808700016,0.569396027835358,0.850946210426559
Bern,881f835115fffff,7.25486883170397,46.9552417252606,0.730186514275899,0.640365245504489,0.87698859535843
Bern,881f835117fffff,7.26651154900129,46.9539520354907,0.68980835118562,0.622159681232536,0.901931210550275
Bern,881f83511bfffff,7.2714083393504,46.9676986888561,0.591985089206593,0.471265347914202,0.796076381832209
Bern,881f83511dfffff,7.25149402624434,46.9627595187714,0.746175077474075,0.607091984610917,0.813605282376923
Bern,881f835121fffff,7.21843477012976,46.9378376622612,1.07443295696937,0.958388099357487,0.891994324206872
Bern,881f835129fffff,7.21505791514774,46.9453551898503,1.09307009209361,0.899351795611116,0.8227759611358
Bern,881f83512bfffff,7.22669693212211,46.9440691947205,1.05222650736601,0.922690961652888,0.876893858112945
Bern,881f83512dfffff,7.20679715752416,46.939123102054,1.10508080603958,0.92509158475878,0.837125737505253
Bern,881f835131fffff,7.2499763080745,46.9414933318246,0.947132171167431,0.929742874779916,0.981640053081419
Bern,881f835135fffff,7.24171133908461,46.9352629108951,0.909272425033022,0.917465747104765,1.00901085510368
Bern,881f835137fffff,7.25335029356459,46.9339735990021,0.859523878954051,0.909304031871065,1.05791596270436
Bern,881f835139fffff,7.24660173024916,46.9490121733758,0.966995708334248,0.877852519118459,0.907814286612142
Bern,881f83513bfffff,7.25824304463912,46.9477230401896,0.911927722510526,0.862646882674058,0.945959708626032
Bern,881f83513dfffff,7.23833639674267,46.9427819087653,1.00188447505444,0.933817836829389,0.932061390389996
Bern,881f835143fffff,7.22483070193839,46.9728489850014,1.08683223921732,0.748482947525069,0.688683055688599
Bern,881f835147fffff,7.21656568015342,46.9666186338774,0.871230081327271,0.60753982441334,0.697335683689647
Bern,881f835151fffff,7.24474263722091,46.9777924303909,0.998191097515845,0.707775509651653,0.709058126658376
Bern,881f835155fffff,7.23647444143566,46.9715633485948,1.03220599611908,0.747901243692641,0.724565877842816
Bern,881f835159fffff,7.2413660533917,46.9853075481393,1.02614838109757,0.686098459855102,0.668615253401508
Bern,881f83515dfffff,7.23309749294321,46.9790786232551,1.05781145827135,0.718670722723473,0.679393966764083
Bern,881f835163fffff,7.21168046760339,46.9528718259507,1.02902848249359,0.782908337232193,0.760822805735187
Bern,881f835169fffff,7.19666194716881,46.9616708039733,0.902236835757962,0.603596865319818,0.669000467945582
Bern,881f83516bfffff,7.20830242736424,46.960387570382,0.884452735215263,0.62498853495555,0.706638704445226
Bern,881f835181fffff,7.31308685496081,46.9487803576718,0.815895165722784,0.680938194693635,0.834590304368829
Bern,881f835183fffff,7.32473178596066,46.9474842077387,0.666924602760848,0.528523836050804,0.79247914061483
Bern,881f835187fffff,7.31645627579452,46.9412579996279,0.753090328757737,0.656332281591739,0.871518669844551
Bern,881f835189fffff,7.30971684198471,46.956301824519,0.642449819541915,0.510883888192302,0.795212128095198
Bern,881f83518bfffff,7.32136273254263,46.955006408875,0.666852441454437,0.505856501924494,0.758573367177298
Bern,881f83518dfffff,7.30144236482821,46.9500752152551,0.803856383921257,0.70130307396397,0.872423343263101
Bern,881f835191fffff,7.34465583357143,46.9524116995268,0.768447983346827,0.530383874991778,0.69020140137761
Bern,881f835193fffff,7.3563030421672,46.951112405507,0.859919838100704,0.573304649179893,0.666695456690643
Bern,881f835195fffff,7.3363771568907,46.9461867652979,0.713181761530686,0.536268595766396,0.751938179988528
Bern,881f835197fffff,7.34802296681366,46.9448880301916,0.778927846335245,0.559125605358989,0.717814375220507
Bern,881f835199fffff,7.34128810828513,46.9599344777034,0.980604670342793,0.649571574847433,0.662419417827533
Bern,881f83519bfffff,7.35293627757562,46.9586359176663,1.08622058333888,0.695147268167884,0.639968786110739
Bern,881f83519dfffff,7.333009063384,46.9537097005969,0.711026614994918,0.513363000229901,0.722002509334437
Bern,881f8351a1fffff,7.29991055635072,46.9288034396453,0.61203823579793,0.637318154535957,1.04130447619023
Bern,881f8351a3fffff,7.31155172858632,46.927507671066,0.789589986399136,0.779462667026763,0.987173951611826
Bern,881f8351a5fffff,7.2916403466309,46.922575088772,0.617830227209022,0.693784709955353,1.1229374663157
Bern,881f8351a7fffff,7.30328011899552,46.9212798774711,0.608969685111602,0.652508701614579,1.07149619688375
Bern,881f8351a9fffff,7.29654040180825,46.93632611102,0.616646349192514,0.616881026095105,1.00038056967806
Bern,881f8351abfffff,7.30818253266486,46.9350310767636,0.734567199383652,0.702081272818977,0.955775419060458
Bern,881f8351adfffff,7.28826982579503,46.93009791657,0.623588409078159,0.674040331109577,1.08090580468935
Bern,881f8351b1fffff,7.3314681167331,46.9324371322759,0.659505503416986,0.560766183590829,0.850282796254806
Bern,881f8351b3fffff,7.34311156807159,46.9311382217288,0.706299319295647,0.566933387950442,0.802681487100701
Bern,881f8351b5fffff,7.32319334156584,46.9262106106741,0.628845003485608,0.58326487901463,0.927517712284691
Bern,881f8351b7fffff,7.33483539435299,46.9249122583117,0.65949355054046,0.573547744641162,0.869679080517368
Bern,881f8351b9fffff,7.32810024731322,46.9399611154786,0.787268482113864,0.648571999856241,0.823825689191552
Bern,881f8351bbfffff,7.33974465840896,46.9386629389481,0.909958260659151,0.709334359275434,0.779524061643893
Bern,881f8351bdfffff,7.31982510461863,46.9337347505683,0.75089304893945,0.678317516793962,0.90334771077187
Bern,881f8351c1fffff,7.29469982811509,46.9651157886684,0.63586302597208,0.496742738174605,0.781210288827858
Bern,881f8351c5fffff,7.28642638546827,46.9588887785373,0.645477741499074,0.546277877929141,0.846315593564002
Bern,881f8351c7fffff,7.29807139264757,46.9575959476869,0.63588257665623,0.525494380899735,0.826401603363677
Bern,881f8351c9fffff,7.29132767109793,46.9726347380191,0.563270824151902,0.416276074877743,0.739033617628813
Bern,881f8351cbfffff,7.30297503907423,46.9713420839002,0.562211591141868,0.403977455117087,0.718550562603303
Bern,881f8351cdfffff,7.2830538620084,46.9664078849046,0.655086414509221,0.521158857201705,0.795557419080577
Bern,881f8351d1fffff,7.32627109987399,46.9687528973193,0.60844407004353,0.403193212035372,0.662662735798422
Bern,881f8351d3fffff,7.33791979082188,46.9674563645406,0.658684858257806,0.418907980641237,0.635976332823607
Bern,881f8351d5fffff,7.31799308692627,46.9625277187067,0.665974165117219,0.482373405942054,0.724312490195699
Bern,881f8351d7fffff,7.32964037775607,46.9612317446643,0.901351560016064,0.623450566001726,0.691684125992543
Bern,881f8351d9fffff,7.32290122960489,46.976273158381,0.687010517191043,0.437100371594986,0.636235342338199
Bern,881f8351dbfffff,7.33455088104872,46.9749773598574,0.738642877936884,0.452064042700178,0.612019767878688
Bern,881f8351ddfffff,7.31462284897881,46.9700481370531,0.576708171136727,0.398832185643571,0.69156673271587
Bern,881f8351e1fffff,7.28152700806819,46.9451408993679,0.933979007125852,0.906270535424751,0.970332875268397
Bern,881f8351e3fffff,7.29316965523547,46.9438478914142,0.908320311715152,0.864620353647167,0.951889264718227
Bern,881f8351e5fffff,7.27325746713113,46.9389123043491,0.95948208957531,0.992983233435092,1.03491586161302
Bern,881f8351e7fffff,7.28489871298499,46.9376198534957,0.920561703731582,0.947004916832578,1.0287250849061
Bern,881f8351e9fffff,7.27815471091193,46.9526610540058,0.720294593630208,0.655364795477023,0.909856607661117
Bern,881f8351ebfffff,7.28979831649971,46.9513687806469,0.812106021017639,0.730394964156113,0.899383756865716
Bern,881f835201fffff,7.26585272788105,47.0539997125726,1.44299576098139,0.890841401497218,0.617355522161307
Bern,881f835203fffff,7.27751109967991,47.052713849291,1.0219283848575,0.621579468091125,0.608241709792414
Bern,881f835205fffff,7.25757348503423,47.0477751522084,1.47746021179336,0.897702485023757,0.607598416429849
Bern,881f835207fffff,7.26923045080245,47.0464898476805,0.949540706232306,0.57385945427313,0.604354769107429
Bern,881f835209fffff,7.26247441095553,47.0615086837506,1.56539656505314,0.991029687475872,0.633085385262891
Bern,881f83520dfffff,7.25419480191289,47.0552842817449,1.59862143325388,0.989071036329201,0.618702474366314
Bern,881f835211fffff,7.29745374304709,47.0576494164688,0.826288442264134,0.489827794461689,0.592804848049791
Bern,881f835213fffff,7.30911440839609,47.0563604048258,0.778897001598956,0.44635894922093,0.573065435230363
Bern,881f835215fffff,7.28916991636965,47.0514266917399,0.846854727237292,0.502551187824487,0.59343258254455
Bern,881f835217fffff,7.30082917701018,47.0501382397595,0.792304785320001,0.455944522206224,0.575466071458946
Bern,881f835219fffff,7.29407771517675,47.0651596995011,0.966248581085697,0.593178506573104,0.613898450341418
Bern,881f83521bfffff,7.30573934230071,47.0638714228565,0.809149668589443,0.479886846319475,0.593075502528527
Bern,881f83521dfffff,7.28579352106372,47.0589371333974,0.993420089878303,0.607234465542446,0.611256478230508
Bern,881f835221fffff,7.25267446967379,47.0340396939426,1.40842182574296,0.835653716240472,0.59332630392862
Bern,881f835223fffff,7.2643290695679,47.0327542124929,1.29335500147428,0.769092007664434,0.594648806234759
Bern,881f835225fffff,7.24439913697576,47.0278135428127,1.4373349814528,0.843223619997388,0.586657690015372
Bern,881f83522bfffff,7.26095157420818,47.0402651290647,1.37620606352305,0.824827412960377,0.599348771105427
Bern,881f835235fffff,7.2759841151656,47.0314674374695,0.846562129194321,0.498675314812889,0.589059323132588
Bern,881f835239fffff,7.28088786204585,47.0452032491684,0.869041080316947,0.516427332722223,0.594249621127091
Bern,881f83523dfffff,7.27260757985292,47.0389790892531,0.891888641607015,0.53044010828903,0.59473804637009
Bern,881f835241fffff,7.24743565329552,47.0702998592818,1.90208823873946,1.2289944643418,0.646129048753423
Bern,881f835245fffff,7.2391570855929,47.0640750571666,1.91026495796093,1.18614917499969,0.62093437355717
Bern,881f835247fffff,7.25081552471108,47.0627925174955,1.74035455584068,1.09964167947279,0.631849226229424
Bern,881f835249fffff,7.24405518753307,47.0778063069253,2.08152897721382,1.37494298653857,0.660544725338856
Bern,881f83524dfffff,7.23577625418073,47.071581663329,2.07862196555289,1.31179622103636,0.631089367270992
Bern,881f83525bfffff,7.28732387718102,47.0801775838198,1.72219439065049,1.14543274163851,0.665100727221548
Bern,881f835281fffff,7.3474706402709,47.044971484357,0.578684774031848,0.300881295720003,0.519939886483766
Bern,881f835283fffff,7.35913210655652,47.0436765578418,0.727368208104998,0.377049632948005,0.518375189823496
Bern,881f835289fffff,7.34409905522838,47.0524856000173,0.679372635631581,0.360371779243992,0.530447887276135
Bern,881f83528bfffff,7.35576148463042,47.051191407925,0.703318802682376,0.370695410845793,0.527065975532012
Bern,881f835291fffff,7.37908765847222,47.0485991370556,0.769970825038852,0.415402303373602,0.539503952442148
Bern,881f835293fffff,7.39075140102816,47.0473010579626,0.802396725659531,0.445381800220324,0.555064329125024
Bern,881f835295fffff,7.37079401114787,47.042380335944,0.766222413750989,0.400849516383634,0.523150340149021
Bern,881f835297fffff,7.38245635310336,47.0410828185056,0.806184728419069,0.430713348361376,0.534261358691334
Bern,881f83529dfffff,7.3674243526923,47.0498959203237,0.735110114571142,0.389652427305151,0.530059945553153
Bern,881f8352c1fffff,7.32906392394737,47.0612909844098,0.670138787259976,0.372654571986609,0.556085663255364
Bern,881f8352c3fffff,7.34072687658757,47.0599988222892,0.672273631662383,0.36592611605278,0.544311272699966
Bern,881f8352c5fffff,7.32077551616994,47.055070098309,0.75461605855926,0.418614527381555,0.554738429739739
Bern,881f8352c7fffff,7.33243706542775,47.0537784967591,0.66752017240048,0.360463449230529,0.540003829298912
Bern,881f8352c9fffff,7.32569018865782,47.0688025784208,0.682428772317528,0.393007582309347,0.5758953875504
Bern,881f8352cbfffff,7.33735410421506,47.0675111509938,0.674319389068748,0.378708267287086,0.561615568862837
Bern,881f8352cdfffff,7.31740141220464,47.0625818512125,0.684790923162151,0.392353269374367,0.572953373217334
Bern,881f8352d5fffff,7.35239026918367,47.0587053646922,0.919168004050145,0.495186449891238,0.538733341140346
Bern,881f835303fffff,7.21958376766145,47.0091307983665,1.49462774527014,0.848022140296737,0.567380167389751
Bern,881f83530bfffff,7.21620385284915,47.0166416103636,1.55743942940897,0.861166155290793,0.55293717304794
Bern,881f835311fffff,7.23950416792784,47.014075286131,1.39007799936537,0.821070114797913,0.59066477936689
Bern,881f835319fffff,7.23612557589033,47.0215866761742,1.46188406394023,0.847565922641472,0.579776429299749
Bern,881f83531dfffff,7.22785378619362,47.0153590945258,1.48121428582787,0.848975858783744,0.573162078509957
Bern,881f835339fffff,7.22296308894421,47.0016190934776,1.43956205806193,0.844442833041714,0.586597033669103
Bern,881f835353fffff,7.23274639020915,47.0290971731108,1.54591297803871,0.886108361659396,0.573194205784852
Bern,881f835401fffff,7.5107707111336,47.0267245761219,0.89725713082611,0.735472817729254,0.819690133921922
Bern,881f835403fffff,7.52243822793577,47.0254114999809,0.606939580233266,0.505964246071028,0.833631983395399
Bern,881f835405fffff,7.50246206490305,47.0205118093224,0.933627251293537,0.738286708699856,0.79077244979403
Bern,881f835407fffff,7.51412818803265,47.019199297899,0.884207671062837,0.71208371308148,0.805335371299754
Bern,881f83540bfffff,7.51908112672888,47.0329366186588,0.616297852938192,0.524753103785783,0.851460217302444
Bern,881f835415fffff,7.53410616984177,47.0240971262718,0.60304114846274,0.506563943918157,0.840015553183195
Bern,881f835419fffff,7.53906361556548,47.0378337298462,0.740643871185919,0.665342056706675,0.898329254573227
Bern,881f83541dfffff,7.53075003704168,47.0316229774628,0.69803192473027,0.603695034734159,0.864853043745006
Bern,881f835421fffff,7.4975134149734,47.00677272193,0.980154984242402,0.744336845040731,0.759407294771915
Bern,881f835425fffff,7.48920868138603,47.0005583490402,1.20452408750061,0.894023488629139,0.742221345265283
Bern,881f835429fffff,7.49415518782156,47.0142983187588,0.992888146193443,0.759602475380228,0.765043351854294
Bern,881f83542bfffff,7.50581991711703,47.0129863717158,0.920940386367338,0.71878859677315,0.780494163806217
Bern,881f83542dfffff,7.48585007967321,47.0080841049299,1.21985820632993,0.905962374642961,0.742678427658115
Bern,881f835439fffff,7.52579473685916,47.0178854891902,0.372558432002721,0.302729310759789,0.81256867314059
Bern,881f83543bfffff,7.53746171043843,47.0165703830417,0.603469659891696,0.490075498934732,0.81209633475639
Bern,881f835451fffff,7.52403599429604,47.046672003006,0.467013659645074,0.420840896985409,0.901131879751107
Bern,881f835453fffff,7.53570726687529,47.04535852895,0.684095067466941,0.630044149546957,0.920989171694917
Bern,881f835457fffff,7.52739331190436,47.0391479364343,0.455871832165098,0.403673487486784,0.885497762758437
Bern,881f83545bfffff,7.53235032566043,47.0528824355475,0.699841622466215,0.656127964993215,0.937537785593611
Bern,881f835463fffff,7.49079636841434,47.0218230236146,1.00928864689075,0.777386095361599,0.770231685213584
Bern,881f835465fffff,7.47082701187308,47.0169183224548,0.841572969569318,0.604703912350092,0.718540084123133
Bern,881f835467fffff,7.48249088575913,47.0156089689535,0.996215684111283,0.741020834455792,0.743835743879952
Bern,881f835493fffff,7.63578921937921,47.0197417850142,0.914737832639908,0.733688635659168,0.802075315439576
Bern,881f83549bfffff,7.63244122640311,47.0272733314693,0.663664218107169,0.569786749580283,0.858546737995559
Bern,881f8354d3fffff,7.61741800145217,47.0361278506336,0.956037217034445,0.878483605014201,0.918880132866784
Bern,881f8354dbfffff,7.61406785305064,47.043656881867,0.95365646814976,0.927427314027398,0.972496223746848
Bern,881f835501fffff,7.45264733208653,46.9832200269365,0.91308172254256,0.627764361532651,0.687522645601298
Bern,881f835503fffff,7.46430508980122,46.9819108967357,0.872775705149527,0.623086392799319,0.713913539438601
Bern,881f835505fffff,7.44435106535852,46.9770022042629,1.36664540198633,0.930987799042708,0.681221184141531
Bern,881f835507fffff,7.45600742827761,46.9756936364185,1.0730028990903,0.763007949678181,0.711095888301017
Bern,881f835509fffff,7.44928664391139,46.9907455260171,1.23466583566226,0.825632009520124,0.668708881117832
Bern,881f83550bfffff,7.46094536666519,46.9894371288389,0.884747941480582,0.616159148812053,0.69642337656185
Bern,881f83550dfffff,7.44099000455888,46.984527861704,1.46950661788623,0.966247108352907,0.657531648100214
Bern,881f835511fffff,7.4842641000224,46.9868164471781,1.30636806566112,0.961885366435456,0.736305021317761
Bern,881f835515fffff,7.4759632767615,46.9806004709462,0.894797658963864,0.656843201469315,0.734068976253145
Bern,881f835517fffff,7.48762189202565,46.9792887494134,0.732559479362552,0.546348549684464,0.745807767254446
Bern,881f835519fffff,7.48090571613898,46.9943432535454,1.32985237812212,0.969476798517565,0.729010839448629
Bern,881f83551bfffff,7.49256669103108,46.9930317014652,1.1875375333941,0.882087239949528,0.74278683001154
Bern,881f83551dfffff,7.47260451901616,46.9881274359443,0.777273569756441,0.559371957550737,0.719659048391439
Bern,881f835521fffff,7.43941740743726,46.963256954454,1.3945192962692,0.990933443015676,0.710591417176333
Bern,881f835523fffff,7.4510714113024,46.9619482155713,1.04181030610611,0.775532747178297,0.744408787888598
Bern,881f835525fffff,7.43112504768638,46.9570375338047,1.21176326756134,0.862530490822488,0.711797851867817
Bern,881f835527fffff,7.44277765686869,46.9557293565496,1.33865478450431,1.00301085220138,0.749267745360341
Bern,881f835529fffff,7.43605656626402,46.9707836613169,1.40928525651144,0.954250166603268,0.677116405067222
Bern,881f83552bfffff,7.44771153422859,46.9694756554916,1.28838747749708,0.915020995698879,0.710206371670476
Bern,881f83552dfffff,7.42776383458578,46.9645643985975,2.0041515523062,1.35298242562288,0.675089877342854
Bern,881f835531fffff,7.4710227604912,46.9668557586186,0.975773354377416,0.742633473771608,0.761071687846446
Bern,881f835533fffff,7.48267901690732,46.9655438672609,0.859203002349288,0.66345971849252,0.772180400532175
Bern,881f835535fffff,7.46272584524079,46.960638181794,0.659773972184806,0.509548966435607,0.772308378198465
Bern,881f835537fffff,7.47438070831178,46.9593268529671,0.675806691824655,0.534049251628013,0.790239661856704
Bern,881f835539fffff,7.46766422103212,46.9743837732685,1.01473113013307,0.746334588857102,0.735499844928606
Bern,881f83553bfffff,7.47932144268076,46.9730726146581,0.866712348891359,0.651469209802464,0.75165562211705
Bern,881f83553dfffff,7.45936693261794,46.9681663546439,1.1301601958679,0.835689833211144,0.7394436968021
Bern,881f835543fffff,7.44592536361889,46.9982701334793,1.22137029671606,0.799088282536595,0.654255539605907
Bern,881f835551fffff,7.46588522751388,47.0031786913461,0.791423002547914,0.554059501739228,0.700080108810944
Bern,881f835553fffff,7.47754674024194,47.0018691683344,0.840560577371273,0.608392170218629,0.723793366709255
Bern,881f835555fffff,7.45758505149071,46.9969624693974,0.887121403417159,0.605786773378441,0.682867949127337
Bern,881f835557fffff,7.46924516931142,46.9956535094712,0.574373327359678,0.406889791472604,0.708406487715969
Bern,881f835559fffff,7.46252469349007,47.0107029813885,0.931082084781537,0.646450528066677,0.694300254116
Bern,881f83555bfffff,7.47418717219781,47.0093941913644,0.836001171729215,0.602275531792031,0.720424267523768
Bern,881f83555dfffff,7.45422414414435,47.0044869182304,0.73420389788166,0.493979032364113,0.672809057251468
Bern,881f835563fffff,7.43269513321586,46.9783094769571,1.5979359969615,1.03732798000903,0.64916741470342
Bern,881f835565fffff,7.41274792537155,46.9733957885222,1.60475219531391,0.983167585271759,0.612660065611838
Bern,881f835567fffff,7.42440202966488,46.9720903722752,1.57675863058578,1.01483816901319,0.643623031025474
Bern,881f83556dfffff,7.40938456502309,46.9809201375174,1.38182173654074,0.813603758384653,0.588790678905829
Bern,881f8355a1fffff,7.52100443310136,46.954068584074,0.50463894839172,0.366059529636897,0.72538897523373
Bern,881f8355a3fffff,7.53266142771822,46.9527507776842,0.493250814215502,0.336172057139398,0.681543846357492
Bern,881f8355a9fffff,7.51765034799904,46.9616004196484,0.51892251064404,0.378533902410395,0.729461325431022
Bern,881f8355abfffff,7.52930830917175,46.9602833454177,0.501686686925472,0.348049542173508,0.693758776631066
Bern,881f8355adfffff,7.50934786291068,46.9553850946435,0.534574595265046,0.406979403505515,0.761314523941662
Bern,881f8355b1fffff,7.552625502078,46.9576453084952,0.510741983703728,0.312204745582439,0.611276839468798
Bern,881f8355b5fffff,7.54431884581939,46.9514316753207,0.496685505257103,0.315198599943825,0.634603983018724
Bern,881f8355b7fffff,7.55597668646268,46.9501112768304,0.510962535453333,0.300883223682014,0.588855743435409
Bern,881f8355e5fffff,7.49433570092503,46.9642306804161,0.615665170118295,0.474517223054438,0.770739106393275
Bern,881f8355e7fffff,7.50599281160283,46.96291619793,0.555670579316721,0.420143889407701,0.75610245538702
Bern,881f8355edfffff,7.49097909228206,46.9717601604323,0.56188829934674,0.425569925821117,0.757392396880112
Bern,881f835681fffff,7.5689807890119,47.0701936364431,0.794765362290275,0.846678383102168,1.06531867551738
Bern,881f835683fffff,7.58065805696709,47.0688765978349,0.631395568052825,0.682929309237887,1.08161878827244
Bern,881f835685fffff,7.56065975271054,47.0639859499522,0.769071513088298,0.791866693231318,1.02963987061682
Bern,881f835687fffff,7.57233562813451,47.0626694784225,0.616958056930041,0.64403461493712,1.04388719411788
Bern,881f835689fffff,7.5656253571506,47.0777169015322,0.799427948640796,0.861504744287012,1.07765152037999
Bern,881f83568bfffff,7.57730359618197,47.0764005951817,0.809078818335836,0.890365334320054,1.10046798178627
Bern,881f83568dfffff,7.55730394294352,47.0715093756601,0.668172478114492,0.697701457205184,1.04419364768513
Bern,881f835695fffff,7.5923357458618,47.0675582596822,0.647777603458922,0.70931347940849,1.09499537437075
Bern,881f835697fffff,7.60401385474859,47.0662386218318,0.65095288745548,0.721011849445742,1.10762524191899
Bern,881f83569dfffff,7.58898225650383,47.0750829891578,0.760363252457279,0.8516280476596,1.12002788786462
Bern,881f8356a1fffff,7.55569608172619,47.0502530573228,0.568224777699418,0.550964769858477,0.969624682839734
Bern,881f8356a3fffff,7.56736959432261,47.0489364202406,0.593802026100445,0.579373518367634,0.975701484503911
Bern,881f8356a5fffff,7.5473789637221,47.0440437566323,0.543660070191357,0.50747051291977,0.933433483060751
Bern,881f8356a9fffff,7.55234048706365,47.0577775362074,0.738231150105425,0.73345430721731,0.993529339845072
Bern,881f8356abfffff,7.56401496979224,47.056461631419,0.594192186407453,0.598051109932767,1.00649440301234
Bern,881f8356adfffff,7.54402299185677,47.0515683957072,0.708244092583168,0.677923578549977,0.957189174818806
Bern,881f8356b9fffff,7.58401192509431,47.0613517076305,0.636387015400241,0.670589699275186,1.05374510014701
Bern,881f8356bbfffff,7.59568864264289,47.0600326374228,0.657573333010236,0.697911305914298,1.06134368728033
Bern,881f8356bdfffff,7.57568987465246,47.0551444276505,0.874407067326531,0.886697992130991,1.01405629627633
Bern,881f8356c3fffff,7.56226933241653,47.0852392735103,0.550884701872612,0.595507058225659,1.08100126251712
Bern,881f8356d1fffff,7.58227349952055,47.0901297690381,1.20196046982958,1.37160046559732,1.14113608560837
Bern,881f8356d3fffff,7.59395452398415,47.0888123274087,0.787061049122586,0.921912685510909,1.17133567534393
Bern,881f8356d5fffff,7.57394854260488,47.083923699491,0.809576110337265,0.898480890748218,1.10981645737288
Bern,881f8356d9fffff,7.57891823162689,47.0976518190836,0.693714181791536,0.78896741292383,1.13730904403064
Bern,881f8356dbfffff,7.5906002281116,47.0963351096752,0.782213893415562,0.917230327555635,1.17260807469236
Bern,881f8356ddfffff,7.57059289610165,47.0914459105832,0.628485836525341,0.697556397602722,1.10989994851634
Bern,881f8356e3fffff,7.54898429976923,47.065301122373,0.793902433326486,0.801462504466036,1.00952267032093
Bern,881f8356e7fffff,7.54066642741314,47.0590921421693,0.722597543563239,0.703703619802747,0.973852770565309
Bern,881f835701fffff,7.42911007572706,47.0358797901979,0.857132047762248,0.538311357815099,0.628037837600977
Bern,881f835703fffff,7.44077459037166,47.0345757926978,1.13692384193553,0.747794059542674,0.65773452183887
Bern,881f835705fffff,7.42081120177519,47.0296630782984,0.906439958197859,0.54359863548969,0.599707273022746
Bern,881f835707fffff,7.43247431860745,47.0283596435342,0.883994834378817,0.555778835512317,0.628712763805756
Bern,881f835709fffff,7.4257452399287,47.0433990441617,0.914469027852209,0.575114338913496,0.628905213186118
Bern,881f83570bfffff,7.43741072016424,47.0420957801975,0.890259670748922,0.585883947256913,0.658104558149921
Bern,881f83570dfffff,7.41744599373537,47.0371824913721,0.87022493189411,0.521720318479651,0.599523524732953
Bern,881f835715fffff,7.4524395367263,47.0332704987155,0.778734877212309,0.535628005333544,0.687818179212633
Bern,881f835731fffff,7.44750055240241,47.0195331399977,1.00834331894781,0.666725279036704,0.661208604756188
Bern,881f835733fffff,7.45916356710653,47.0182263794177,0.927714466073192,0.640699070470553,0.690620976497746
Bern,881f835737fffff,7.45086264449274,47.0120104751573,1.0833860260514,0.721287394987884,0.665771366478436
Bern,881f835739fffff,7.44413786773987,47.0270549125712,0.989910908466099,0.652015376876432,0.658660664611477
Bern,881f83573bfffff,7.45580184822978,47.0257488852534,0.922365319696501,0.63513566026769,0.688594471956814
Bern,881f83573dfffff,7.43583796870336,47.0208386043503,0.92962676278326,0.586852162932316,0.631277181796388
Bern,881f835743fffff,7.42237981107882,47.0509174052457,0.890604517832748,0.561992166399461,0.631023260208749
Bern,881f835745fffff,7.40241557941791,47.0460016828875,0.826607047148089,0.476114140681976,0.575986065355524
Bern,881f835747fffff,7.41408019269896,47.0447010116728,0.837595384247119,0.503470493778891,0.601090339378411
Bern,881f835749fffff,7.40734681110226,47.0597353732367,0.864918873418263,0.526388148985956,0.608598291890206
Bern,881f83574bfffff,7.4190137890438,47.0584348732704,0.87121225668162,0.552497555441969,0.634171008505309
Bern,881f835755fffff,7.43404625698403,47.0496148748904,0.875538951459868,0.577399538606242,0.659478984508329
Bern,881f83575dfffff,7.43068120069741,47.057133076597,0.863792262183545,0.571484677630824,0.661599672340421
Bern,881f835761fffff,7.39748626878083,47.0322660598566,1.35756847513552,0.746230679378768,0.549681797306227
Bern,881f835763fffff,7.40914851818556,47.0309652170204,0.906635272870302,0.519389600626075,0.572876013285638
Bern,881f835769fffff,7.39411913148116,47.039784005369,0.840932672017615,0.463597336551721,0.55128948128443
Bern,881f83576bfffff,7.40578234533925,47.0384838963769,0.863996291348268,0.495458559616612,0.573449868451921
Bern,881f835893fffff,7.32194841718475,46.8548295792857,0.600161738930233,0.569538480203112,0.948974990005684
Bern,881f835897fffff,7.31368326963637,46.848599113687,0.592937052125933,0.602976501453671,1.0169317287421
Bern,881f835a13fffff,7.21692703533229,46.9165673777121,1.30059458887536,1.37934745676444,1.06055143436909
Bern,881f835a17fffff,7.20866913440935,46.9103341115174,1.30593997515008,1.40467520627115,1.07560472380036
Bern,881f835a3bfffff,7.20041299994415,46.9041001352549,1.30157427811547,1.42266983433196,1.09303776069685
Bern,881f835a6dfffff,7.1306308323653,46.9117922787756,0.802334086440898,0.69102082108109,0.861263197911002
Bern,881f835a81fffff,7.25520518699141,46.9051780095924,1.01805574878294,1.31745241463204,1.29408671009129
Bern,881f835a83fffff,7.26684031482309,46.9038857586162,0.834703116450074,1.08914438079476,1.30482845856237
Bern,881f835a89fffff,7.25183261296889,46.9127005710293,0.708446750730697,0.874617631137422,1.2345566272064
Bern,881f835a8bfffff,7.26346869734878,46.9114090547148,0.988884186364991,1.24614050742141,1.26014807861582
Bern,881f835a8dfffff,7.24357050410037,46.9064689702113,1.06807414703867,1.34323007248423,1.25761874885602
Bern,881f835a91fffff,7.28674219825427,46.9088221500008,0.804900713710722,0.985412125192363,1.22426543846564
Bern,881f835a95fffff,7.27847588666126,46.9025922171239,0.824558009866586,1.05978535145762,1.28527688625461
Bern,881f835a97fffff,7.29011190157156,46.901297384957,0.906705460614373,1.12116098005924,1.23652170275842
Bern,881f835a99fffff,7.28337190328412,46.9163460246432,0.81196290263012,0.971160833545755,1.19606552269809
Bern,881f835a9dfffff,7.27510522608875,46.9101162477582,0.834229755066625,1.04865623718993,1.25703528413007
Bern,881f835ab9fffff,7.27021134062461,46.8963615721519,0.822226715499361,1.09689059825494,1.33404884270729
Bern,881f835abbfffff,7.28184595563709,46.8950672961969,0.795401325228303,1.03168049900811,1.29705655030433
Bern,881f835ac1fffff,7.23682285170964,46.9215117328175,0.673552417609055,0.74728714214899,1.1094713976407
Bern,881f835ac3fffff,7.24845944706522,46.9202222418461,0.639923181290026,0.745141573722966,1.16442347380014
Bern,881f835ac5fffff,7.22856178102664,46.9152797323685,0.888682318712197,1.00050929011335,1.12583458570798
Bern,881f835ac7fffff,7.24019697388348,46.9139907968608,0.850043727117881,1.00882642331895,1.18679356265522
Bern,881f835ac9fffff,7.23344813744643,46.9290317779003,0.779191004379721,0.802316325117745,1.02967862899859
Bern,881f835acdfffff,7.22518670293679,46.9227999333395,1.5445543475836,1.61563023927273,1.04601708693535
Bern,881f835ad1fffff,7.26836212962386,46.9251616374223,0.974413070842529,1.12679641976306,1.15638475455668
Bern,881f835ad3fffff,7.28000101652856,46.9238690087029,0.821759330848569,0.94761150532222,1.15314967503161
Bern,881f835ad5fffff,7.26009648806924,46.9189314602661,1.00813582234585,1.21148818988026,1.20171128039199
Bern,881f835ad7fffff,7.27173397378713,46.9176393879181,0.846503757425006,1.02715219423727,1.21340535730377
Bern,881f835ad9fffff,7.2649896934665,46.9326829960896,0.680699582943982,0.741756156455123,1.08969679876558
Bern,881f835adbfffff,7.27662953785509,46.9313911019986,0.943811885383208,1.03641826741546,1.09811953363423
Bern,881f835addfffff,7.25672368685202,46.9264529750889,0.842006073392714,0.95383346434237,1.13281067023551
Bern,881f835ae3fffff,7.23531016124096,46.9002366583115,0.934527751895646,1.191502876387,1.27497859102642
Bern,881f835ae9fffff,7.22030247687573,46.9090470210142,1.27124863387889,1.44917597086256,1.13996265737629
Bern,881f835aebfffff,7.23193626708391,46.9077586406321,1.1164075740072,1.34334998593842,1.20327917618531
Bern,881f835aedfffff,7.21204493903352,46.9028135992541,1.16242538592232,1.34233960923612,1.15477485737379
Bern,881f8361b7fffff,8.03378368625078,46.7441239629871,0.741908636588963,0.39909439435477,0.537929301092472
Bern,881f8365a5fffff,8.21217906304289,46.7659759071766,3.0247984848276,3.19801888846232,1.05726675826624
Bern,881f836801fffff,7.89552686732546,46.6814060579352,1.30757277941718,0.754032162714421,0.57666553983367
Bern,881f836803fffff,7.90716222169681,46.6800351136862,1.0923100328891,0.584262429791195,0.534886993801432
Bern,881f836809fffff,7.89221389302208,46.6889830497894,1.65207917551986,0.944917767534706,0.571956708574434
Bern,881f83680bfffff,7.90385021927123,46.6876128322146,1.17704440126487,0.625592712894911,0.531494574225609
Bern,881f83680dfffff,7.88389190468832,46.6827757071877,1.57752276454263,0.981967033032022,0.622474080947238
Bern,881f836811fffff,7.9271240442331,46.6848685111017,0.86600018321095,0.401866630036256,0.464049128195582
Bern,881f836819fffff,7.92381340165743,46.6924467997818,0.844865892518996,0.392184426471826,0.464197253013156
Bern,881f83681bfffff,7.93545187147214,46.6910734223073,0.756885414442264,0.331992124723421,0.438629306878718
Bern,881f83681dfffff,7.91548693665501,46.686241319366,0.962744012460202,0.476958258411989,0.495415450253663
Bern,881f836825fffff,7.87388085829686,46.655203048323,1.82773357358551,1.40368354211401,0.767991332216086
Bern,881f836829fffff,7.87888541328999,46.6689903365845,2.24562827164938,1.55123244680811,0.690778819625722
Bern,881f83682dfffff,7.87056731079823,46.6627813905126,2.60995392233109,1.97558345807139,0.756941891260246
Bern,881f836843fffff,7.88890033353945,46.6965591586162,1.91674494099364,1.09048119054388,0.568923473969663
Bern,881f836845fffff,7.86894241768806,46.6917195996866,1.73573283463462,1.15140143177644,0.663351760594433
Bern,881f836847fffff,7.8805779588477,46.6903519722326,1.6473100453121,1.01516658398782,0.616257144110044
Bern,881f836855fffff,7.90053763175046,46.6951896677944,1.87171448313343,0.991618237351523,0.529791400497931
Bern,881f83685bfffff,7.91719036119426,46.7076007280153,1.50544389297925,0.706735472593791,0.469453213028866
Bern,881f83685dfffff,7.89722445900157,46.7027656202372,1.75710949889464,0.930877757492001,0.529777886965834
Bern,881f836861fffff,7.86393846097019,46.6779354271759,1.26098224938052,0.925437864529503,0.733902372522799
Bern,881f836863fffff,7.87557166654813,46.676567640489,1.88219309568581,1.28128985232923,0.680743041330924
Bern,881f836865fffff,7.85562133738137,46.6717260695025,1.53601720881082,1.23112065593241,0.801501863957333
Bern,881f836867fffff,7.86725317840025,46.6703588501931,2.12183635681692,1.58163130060449,0.745406824387336
Bern,881f836869fffff,7.86062315837532,46.6855111212724,1.29751468723956,0.937705669754705,0.722693684300143
Bern,881f83686bfffff,7.87225733472508,46.6841440615859,1.5246933357035,1.02390130955016,0.671545736820404
Bern,881f83686dfffff,7.85230564960402,46.6793019194287,1.74042170666409,1.37170357474809,0.788144372996399
Bern,881f836911fffff,7.86887823866202,46.6414138439211,1.93272150180776,1.6317412883747,0.844271296639719
Bern,881f836913fffff,7.88050619912662,46.6400437171724,3.1442665535696,2.47195045651398,0.786177130468674
Bern,881f836919fffff,7.86556489055089,46.6489932238203,1.81502240219582,1.51743695396818,0.836043099045153
Bern,881f83691bfffff,7.87719382102878,46.6476238238133,2.99015245025072,2.32612974150357,0.777930149116152
Bern,881f836941fffff,7.8190531158894,46.6544578877554,1.10232982901659,1.16300072765298,1.0550387887902
Bern,881f836949fffff,7.81573530608197,46.6620334768152,1.01027752409876,1.05141951447059,1.04072345409102
Bern,881f83694bfffff,7.82736362451732,46.6606699783187,1.18661069649575,1.18027172701217,0.994657919819615
Bern,881f83694dfffff,7.80742616372475,46.6558208204313,0.94336653852209,1.03156624815909,1.09349463441345
Bern,881f836953fffff,7.86225095772215,46.6565717215095,1.68418480173966,1.39082927896549,0.825817497895033
Bern,881f836985fffff,7.91038241787596,46.6221338176569,1.94360389215848,1.31284711580278,0.675470511815443
Bern,881f836987fffff,7.92200961123714,46.6207583567713,1.50190022213705,0.92485771554043,0.61579171632617
Bern,881f83698dfffff,7.90707314936058,46.6297171407533,1.95696523346422,1.31913291172978,0.674070693322769
Bern,881f836991fffff,7.95028217175688,46.6317957827782,1.39951691608448,0.654926493786108,0.467966114777977
Bern,881f836999fffff,7.94697562087783,46.6393802470251,1.43877765171625,0.674447104734255,0.468763956633422
Bern,881f83699bfffff,7.95860728158746,46.6380017867832,1.18542317227326,0.513126857776287,0.43286386648936
Bern,881f8369a1fffff,7.9053743402252,46.6083401469419,2.05155384443913,1.50074328651796,0.731515426994917
Bern,881f8369a3fffff,7.91699920283318,46.6069645274403,1.62468758860704,1.08713454108377,0.669134514664351
Bern,881f8369a5fffff,7.89705932474498,46.6021299586293,2.11969360355539,1.66312855682643,0.784607999022523
Bern,881f8369a7fffff,7.90868282720631,46.6007549062763,1.97873814661588,1.43207519598474,0.723731534884458
Bern,881f8369a9fffff,7.90206526935653,46.6159245065034,2.09660142213438,1.54198330154293,0.735468022325942
Bern,881f8369abfffff,7.91369110232265,46.6145496131559,1.68137781565957,1.1330474718317,0.67388035055478
Bern,881f8369adfffff,7.89374986782899,46.6097144730845,2.16655852845666,1.71567937005256,0.791891540209033
Bern,881f8369b1fffff,7.93694393615777,46.6117959454121,1.21810956937869,0.678040138143066,0.55663312659871
Bern,881f8369b3fffff,7.9485709351508,46.6104171707343,1.00168252763866,0.50710603303653,0.506254246274983
Bern,881f8369b5fffff,7.9286244547155,46.6055876144384,1.39500752402261,0.848580214287647,0.608297947985758
Bern,881f8369b9fffff,7.93363719361325,46.6193816019729,1.26508118379192,0.707835312323972,0.559517698462897
Bern,881f8369bbfffff,7.94526516406598,46.6180035531209,1.04182589068711,0.530139053787036,0.508855710465591
Bern,881f8369bdfffff,7.92531732490234,46.6131734261725,1.45550932671818,0.892665385996658,0.613301041505107
Bern,881f8369c5fffff,7.89213455209995,46.6386722966646,2.05141243604858,1.49338509474878,0.72797896147365
Bern,881f8369c7fffff,7.90376329664391,46.6372995822555,2.98593083039708,2.00084825387173,0.670091963786597
Bern,881f8369cdfffff,7.88882314435572,46.6462531299118,1.97844015926001,1.42533529347602,0.72043386645019
Bern,881f8369e3fffff,7.89875561446779,46.6235079847708,2.11119634856861,1.55352028575725,0.735848319750333
Bern,881f8369e9fffff,7.88381799272302,46.6324627285897,2.12073417205912,1.67973729709946,0.79205461921167
Bern,881f8369ebfffff,7.89544537542647,46.6310905815544,3.22220895679349,2.36271903252184,0.733260649512021
Bern,881f836a85fffff,7.94549323630103,46.7186358196625,1.14827760088018,0.487780859620195,0.424793498755269
Bern,881f836a87fffff,7.95713676610818,46.7172614588127,1.0708082686531,0.44502829774492,0.415600356079332
Bern,881f836a93fffff,7.99710261787004,46.7269095267835,0.527840235601892,0.232890316308807,0.441213648753479
Bern,881f836a95fffff,7.9771172626755,46.7220870768869,0.51834469687295,0.217595971685991,0.419790099134216
Bern,881f836a97fffff,7.98876292666418,46.7207095511417,0.510531148730174,0.216154242247626,0.423390899429465
Bern,881f836a9bfffff,7.99379567520931,46.7344874420511,1.02918956793429,0.465583565085351,0.452378822707883
Bern,881f836aa1fffff,7.94047158259512,46.7048555828229,0.664214908593229,0.282571260154187,0.42542143589137
Bern,881f836aa3fffff,7.95211277635395,46.7034810659277,0.603533783785129,0.248089477998463,0.411061459463863
Bern,881f836aa5fffff,7.93214161690418,46.698651554434,0.744601730406906,0.328322697320856,0.440937327853692
Bern,881f836aa7fffff,7.94378144877925,46.6972776074159,0.669518595169177,0.281951694709871,0.421126010157531
Bern,881f836aa9fffff,7.93716113125441,46.7124326750315,1.25162106509802,0.539866285475899,0.431333652437066
Bern,881f836aadfffff,7.92883077722805,46.7062288034717,1.3893841953788,0.618155309660661,0.444913157726059
Bern,881f836ab1fffff,7.97208879670894,46.7083074135728,0.521887890747449,0.2102958778099,0.402952207817494
Bern,881f836ab5fffff,7.96375435756279,46.7021052526447,0.552436310659036,0.221735895067878,0.401378205576957
Bern,881f836ab9fffff,7.96878068310309,46.7158858011627,1.00932960309765,0.414781885924091,0.410947905075921
Bern,881f836abbfffff,7.98042498634323,46.7145088465717,0.508389642443167,0.208682150401981,0.410476793742528
Bern,881f836abdfffff,7.96044585439553,46.7096837973431,0.630988857060651,0.257342562854794,0.407840106802485
Bern,881f836ae3fffff,7.933850094624,46.7200088838534,1.23377467497668,0.541366123561883,0.438788487510588
Bern,881f836ae7fffff,7.92551935231076,46.713805169232,1.35496155728301,0.610505625548002,0.450570440368948
Bern,881f836b05fffff,7.80577836503326,46.6847549469616,0.700651001526387,0.673835062606236,0.961727109699792
Bern,881f836b07fffff,7.81740959016471,46.683393631013,0.797048836062527,0.74266246171208,0.9317653173937
Bern,881f836b09fffff,7.8107706399957,46.6985383171231,0.704567892128692,0.612721213287645,0.869641123492652
Bern,881f836b0dfffff,7.80245821369951,46.6923270040383,0.66268114816987,0.613270947487239,0.925438952324074
Bern,881f836b13fffff,7.8573072704829,46.693085932294,1.17769095256804,0.838217098370471,0.711746232356355
Bern,881f836b15fffff,7.83735599027349,46.6882413570818,0.978965061179907,0.806055701447546,0.823375351594304
Bern,881f836b17fffff,7.84898937657842,46.68687688639,1.57823451869066,1.22178702923547,0.7741479575856
Bern,881f836b25fffff,7.79247986378637,46.6647565940099,0.770725891766884,0.842735861613535,1.09343136206514
Bern,881f836b27fffff,7.80410738552587,46.6633956819977,0.871730022881233,0.936961346379928,1.07482973143806
Bern,881f836b29fffff,7.79746807319928,46.6785427565672,0.664836618997568,0.675328634153609,1.01578134365081
Bern,881f836b2bfffff,7.80909793078651,46.6771820066068,0.749855992418453,0.745052624148852,0.993594279010681
Bern,881f836b31fffff,7.83235884071097,46.6744566257946,1.15610371548709,1.05268347082265,0.910544146447218
Bern,881f836b33fffff,7.84398989117211,46.6730919946553,1.34402875207444,1.15238044986252,0.857407587511712
Bern,881f836b35fffff,7.82404619834305,46.668245412103,1.0832114773895,1.05974348672683,0.978334802434681
Bern,881f836b37fffff,7.83567588287733,46.666881347452,1.27049148114636,1.17827630445976,0.927417713495096
Bern,881f836b39fffff,7.82904121326262,46.6820310212038,0.9202476623381,0.819391657410705,0.890403410891425
Bern,881f836b3bfffff,7.84067323338856,46.6806671173902,1.52247060190377,1.28088039598872,0.841316997771283
Bern,881f836b3dfffff,7.82072818693639,46.6758199630639,0.865130890643682,0.828188316850838,0.957298283771422
Bern,881f836b43fffff,7.80745028633296,46.706109334908,0.670779555432527,0.559949793654058,0.834774687330767
Bern,881f836b45fffff,7.78750471289853,46.7012567441899,0.505462638320747,0.449145731609639,0.888583443282366
Bern,881f836b47fffff,7.79913747665262,46.6998981776487,0.641999340424175,0.568755593753513,0.885913049969383
Bern,881f836b55fffff,7.8190848178986,46.7047489079485,0.739156388081251,0.601199236166478,0.813358642177347
Bern,881f836b61fffff,7.78251711242216,46.6874736978538,0.596816106593194,0.583026479905055,0.976894680730294
Bern,881f836b63fffff,7.7941475388064,46.6861149691938,0.632353576145571,0.617967639152613,0.977250168994622
Bern,881f836b65fffff,7.77420955746373,46.681260376318,0.577659903010267,0.584075181050394,1.01110563154322
Bern,881f836b67fffff,7.78583861511248,46.6799022130895,0.608566882607724,0.62170803293242,1.02159360080257
Bern,881f836b69fffff,7.77919502398613,46.6950442991838,0.492435224454058,0.457164091536566,0.928374065936092
Bern,881f836b6bfffff,7.79082641875037,46.693686298464,0.516589033680332,0.482666109153634,0.934332859749226
Bern,881f836b6dfffff,7.77088708681829,46.6888311330864,0.578207923887654,0.555955841515715,0.961515431642091
Bern,881f836e01fffff,8.09380207675247,46.7585549182412,1.66138644727448,1.17279682538123,0.705914525368381
Bern,881f836e03fffff,8.10545915380676,46.757166887237,1.86637232885259,1.347702676851,0.722097437910227
Bern,881f836e05fffff,8.08544644419325,46.7523616233636,1.45580937564972,0.977126284739006,0.671191092104981
Bern,881f836e07fffff,8.09710216479423,46.7509741672254,1.64956932421314,1.13520955075199,0.688185415483219
Bern,881f836e0dfffff,8.08214537637471,46.7599416493987,1.46107730346885,1.00405957024098,0.687204960242126
Bern,881f836e13fffff,8.13713588523572,46.7605777598356,2.91346818475495,2.29475736399663,0.787637694485289
Bern,881f836e17fffff,8.12877443415724,46.7543869251361,2.68041235757609,2.0146142841481,0.751606102118529
Bern,881f836e21fffff,8.08039344005147,46.738586526932,1.237304743219,0.76412595160551,0.617572959122055
Bern,881f836e29fffff,8.07709256297626,46.7461675952292,1.26031279542459,0.800732929603432,0.6353446005709
Bern,881f836e2bfffff,8.08874692694084,46.744780713624,1.43650860236787,0.938508483942847,0.653326045103981
Bern,881f836e2dfffff,8.06874043290606,46.7399728343373,1.08328508113749,0.648809461719002,0.598927718119895
Bern,881f836e31fffff,8.11205678476322,46.7420030519726,2.23636989743133,1.52777934016438,0.683151450893328
Bern,881f836e33fffff,8.12371227672836,46.7406122716504,2.44993165005969,1.70720165673883,0.696836443048214
Bern,881f836e39fffff,8.1087582617335,46.7495854113775,1.84526799375682,1.29739449000326,0.703092718452169
Bern,881f836e3bfffff,8.12041473406448,46.748195355682,2.52125172583981,1.80792982072635,0.717076284845831
Bern,881f836e3dfffff,8.10040166785189,46.7433925325845,1.62050392147207,1.08411492998487,0.66899864642108
Bern,881f836e63fffff,8.07379110087702,46.7537477799305,1.27266552764599,0.829097827247471,0.651465612320799
Bern,881f836e67fffff,8.06543857690423,46.7475531775386,1.09962409815104,0.676302381532628,0.615030520584076
Bern,881f836e81fffff,8.17540947330259,46.7488113967135,3.07183659093352,2.56588065398792,0.835292040455889
Bern,881f836e83fffff,8.18706916057031,46.7474142629297,3.02149368318748,2.62886336562944,0.870054231871226
Bern,881f836e85fffff,8.16704435836577,46.742622131674,3.05848081889583,2.41286614995389,0.788910015405943
Bern,881f836e87fffff,8.17870269344908,46.7412255746804,2.92474907704689,2.39393919249705,0.818510966046429
Bern,881f836e89fffff,8.17211566865064,46.7563963354921,3.19163000364041,2.72485686523442,0.853750861511647
Bern,881f836e8bfffff,8.18377633848291,46.7549999256679,3.15818719403872,2.80083014071909,0.886847412340166
Bern,881f836e8dfffff,8.16375015607956,46.7502072296894,3.06445900295978,2.47416713481525,0.807374852274282
Bern,881f836e91fffff,8.20709878549853,46.7522032026369,2.44194529502727,2.3806558031409,0.974901365722164
Bern,881f836e93fffff,8.21876056078464,46.7508028891582,2.76052890698089,2.84308023500311,1.02990417083243
Bern,881f836e95fffff,8.1987292169346,46.746015828202,2.92110787952368,2.6647306343008,0.912232873349172
Bern,881f836e99fffff,8.2038073451753,46.7597894296768,3.06955749914,3.03773369701144,0.98963244632574
Bern,881f836e9bfffff,8.2154701041238,46.7583898398228,2.90137735682725,3.026055693639,1.04297212029947
Bern,881f836e9dfffff,8.19543737774837,46.7536022147615,3.06967658661606,2.84600023860576,0.927133578506106
Bern,881f836ea1fffff,8.16197500860782,46.7288459909253,2.70818210187294,1.97969700682756,0.731005867536911
Bern,881f836ea3fffff,8.17363100969319,46.727449286394,4.19053007973278,3.17612352496658,0.757928821541621
Bern,881f836ea9fffff,8.15868099347982,46.7364321310484,2.86716589186965,2.14261999890402,0.747295440762531
Bern,881f836eabfffff,8.17033797619239,46.7350361505126,4.45599213371022,3.44139062678323,0.772306261662496
Bern,881f836eadfffff,8.15031937845191,46.730241395336,2.6378568886658,1.87168463949012,0.709547454045849
Bern,881f836eb5fffff,8.18528738076091,46.7260512816057,4.1442404848799,3.27952570165623,0.791345413863277
Bern,881f836eb9fffff,8.19036139824035,46.7398277170172,2.69829482353583,2.30752235517932,0.85517799428439
Bern,881f836ebdfffff,8.18199532922391,46.7336388695816,4.42123330035484,3.55375767572767,0.803793293478191
Bern,881f836ec7fffff,8.16045536919995,46.7577914443704,3.16223650927581,2.61549014979936,0.827101370225573
Bern,881f836ed3fffff,8.20051532034348,46.7673747733257,3.18203931752424,3.20000784965517,1.0056468604998
Bern,881f836ed7fffff,8.19214495409913,46.7611877180383,3.19456471615935,3.01460604218811,0.943667231701103
Bern,881f836ee1fffff,8.14372880111391,46.7454113441977,2.77913843056152,2.07581895002413,0.74692895006483
Bern,881f836ee3fffff,8.15538639393821,46.7440173881342,3.00799503035717,2.30277813953819,0.765552507998908
Bern,881f836ee5fffff,8.13536814280075,46.7392201914805,2.63559023497796,1.87442002307547,0.71119554102125
Bern,881f836ee7fffff,8.14702438203357,46.7378268113255,2.77778453252424,2.02085023471004,0.727504315417024
Bern,881f836ee9fffff,8.14043263555921,46.7529949937639,2.86357356318193,2.19697063487855,0.767212919942357
Bern,881f836eebfffff,8.15209120984918,46.751601761994,2.99412478885255,2.35104507256689,0.785219467578669
Bern,881f836eedfffff,8.13207158084025,46.7468040000012,2.7300283618375,1.99641568889565,0.731280200895761
Bern,881f836f41fffff,8.01709282859929,46.7317288060334,1.13262814179043,0.540656302106643,0.477346696729597
Bern,881f836f43fffff,8.02874197958628,46.7303475410184,0.645097196993952,0.31821084270046,0.493275810503085
Bern,881f836f49fffff,8.01378725372866,46.7393072892847,1.1575079107696,0.566627042782839,0.489523257258867
Bern,881f836f4bfffff,8.02543738177585,46.7379267498901,0.658672138803381,0.333475653034173,0.506284740751298
Bern,881f836f4dfffff,8.00544406015891,46.7331087729977,1.06719102326493,0.494579306624453,0.463440279989754
Bern,881f836f51fffff,8.04873878274974,46.7351617759806,0.819078676697723,0.445271965418215,0.543625390436748
Bern,881f836f59fffff,8.04543555506032,46.7427415522258,0.833598707438654,0.465272142155633,0.558148828691499
Bern,881f836f5bfffff,8.05708780426051,46.7413578427223,0.947613156909502,0.548444703280863,0.578764339943879
Bern,881f836f5dfffff,8.03708789176445,46.7365449121686,0.72873717897811,0.382273474133069,0.52456974223426
Bern,881f836f69fffff,8.00040897535188,46.7193307280385,0.515688040547628,0.221973917735996,0.4304422446956
Bern,881f836f6dfffff,7.9920696748859,46.7131305948989,0.499477894935128,0.206626843418877,0.413685661596122
Bern,881f837021fffff,7.84755726883215,46.9166796314578,0.253679650706957,0.178290074702211,0.702815831720636
Bern,881f837023fffff,7.85922576421501,46.9153254808716,0.26759580564861,0.192804070096921,0.720504828652282
Bern,881f837029fffff,7.84423037896054,46.9242319182479,0.34884435585879,0.250429795450617,0.717884039815136
Bern,881f83702bfffff,7.85589985062442,46.9228784961529,0.260143023481897,0.191603884779002,0.736532858788486
Bern,881f83702dfffff,7.83588917142456,46.9180324820365,0.342708240962022,0.23353958752203,0.681453083434636
Bern,881f83730dfffff,7.76755469749726,46.9474183117524,0.296268657183798,0.17770783449486,0.599819893822297
Bern,881f837341fffff,7.76088508894991,46.962507912845,0.211829835141901,0.137640209760076,0.649767817965174
Bern,881f837345fffff,7.75255060256407,46.956305692571,0.305291787991342,0.18242446419435,0.597541340350511
Bern,881f837349fffff,7.75754939964431,46.9700513788058,0.21539852496433,0.146344410345824,0.679412314313937
Bern,881f83734dfffff,7.74921452912743,46.9638493185933,0.221208868595653,0.138257050888904,0.625006817161673
Bern,881f837361fffff,7.74755374734089,46.942558067121,0.32148750193911,0.168992821181564,0.525659069675345
Bern,881f837369fffff,7.74421788011554,46.9501027426126,0.321702504122136,0.175973232233778,0.547006100291245
Bern,881f83736bfffff,7.75588608598576,46.948761176871,0.304566681807775,0.174626892531108,0.573361772517594
Bern,881f837905fffff,7.70107021789812,46.7471980892612,0.779501484800688,0.436379188516414,0.559818290311521
Bern,881f83790dfffff,7.69773918590013,46.7547588568856,0.783443273890623,0.422392220664552,0.539148442192794
Bern,881f837921fffff,7.69609768070758,46.7334212246049,0.797267525339148,0.483658075348134,0.606644645587931
Bern,881f837925fffff,7.68779645285921,46.7272052929604,0.963866824201343,0.612031670797566,0.634975346624979
Bern,881f837929fffff,7.69276685601577,46.740983033181,0.812563654690715,0.47361483514964,0.582864902233305
Bern,881f83792dfffff,7.68446524876409,46.7347672571911,0.832514604527425,0.509933319169049,0.612521770063735
Bern,881f837945fffff,7.68277085921186,46.7636631480275,0.7964464283464,0.425498181833691,0.534245828331631
Bern,881f837947fffff,7.6944075666852,46.7623187391915,0.777796988058202,0.406075084791874,0.522083642681177
Bern,881f837961fffff,7.67780107949629,46.7498885307267,0.8320065754437,0.482012536721132,0.579337412644942
Bern,881f837963fffff,7.68943544429099,46.7485439567344,0.817450295660241,0.460335661771261,0.563135965838088
Bern,881f837969fffff,7.67446811405832,46.7574478396587,0.816179681932278,0.463381626982869,0.567744624426117
Bern,881f83796bfffff,7.6861034454006,46.7561039950786,0.811739820902647,0.444108505247907,0.547106959412269
Bern,881f8379a5fffff,7.7692252428776,46.7177508006897,0.503931780283798,0.392003846869939,0.777890703081228
Bern,881f83c049fffff,7.23098397153565,47.2787636713549,1.21113905940021,2.26419148809184,1.86947276658152
Bern,881f83c101fffff,7.19478312621597,47.2115001533797,2.00539364252756,1.97399630722992,0.984343554985008
Bern,881f83c103fffff,7.20646168732697,47.2102297464196,1.42767631040469,1.41761491689165,0.992952608767333
Bern,881f83c105fffff,7.18649620526029,47.2052789408823,2.02468052588493,1.84438098568928,0.910949140918491
Bern,881f83c107fffff,7.19817335123817,47.2040090937923,2.11028707701114,1.93778703923516,0.918257549100716
Bern,881f83c109fffff,7.1913923043859,47.218990315534,1.69155034922092,1.80217266161561,1.06539699657515
Bern,881f83c10bfffff,7.20307182773097,47.2177206453675,1.7463185996276,1.86126089666727,1.0658197748476
Bern,881f83c10dfffff,7.18310501843891,47.2127692636231,1.32915627212218,1.30879449497767,0.984680674822384
Bern,881f83c121fffff,7.18160201938053,47.1915656279822,1.45975641702608,1.16010304830454,0.794723718816038
Bern,881f83c123fffff,7.19327678878684,47.1902956035931,1.53768517192768,1.238954373823,0.805726943617348
Bern,881f83c125fffff,7.17331902315761,47.1853428157958,1.4478666822573,1.08142807081478,0.746911358667893
Bern,881f83c127fffff,7.18499237756594,47.1840733505443,1.53246281373317,1.15520104867781,0.753819954602139
Bern,881f83c129fffff,7.1782110646368,47.1990570083734,1.39462056106632,1.18206615694018,0.847589796063506
Bern,881f83c12bfffff,7.18988679533165,47.1977877208138,1.87884438803924,1.60024875977826,0.851719690020887
Bern,881f83c12dfffff,7.16992770411824,47.1928343563513,1.39032472588884,1.10433776361134,0.794302038256089
Bern,881f83c131fffff,7.21323961645724,47.1952452566108,1.59192547306132,1.41463617248494,0.888632160502181
Bern,881f83c133fffff,7.22491670500085,47.1939720796412,1.63902787862954,1.50074220808531,0.915629457956593
Bern,881f83c135fffff,7.20495201139414,47.1890242830205,1.61487046492594,1.33459508898927,0.826440954848024
Bern,881f83c137fffff,7.21662768625919,47.1877516661013,1.67970317715774,1.43521306653385,0.854444455455757
Bern,881f83c13dfffff,7.2015629795863,47.1965171369473,2.59811309143302,2.25031030190285,0.866132544161757
Bern,881f83c141fffff,7.17632085401107,47.2277472164195,1.5959461881176,1.87791981785469,1.17668116371121
Bern,881f83c143fffff,7.18800088561408,47.2264795800799,1.6249062223794,1.88763467598196,1.1616883792948
Bern,881f83c147fffff,7.1797132347338,47.2202586888606,1.64670805300424,1.76757980438114,1.07340205275391
Bern,881f83c149fffff,7.1729278761369,47.2352348461248,1.55848471498522,2.01542307582614,1.29319399571093
Bern,881f83c14bfffff,7.18460886976667,47.233967946842,1.49550550036481,1.90312127945219,1.27256053487462
Bern,881f83c14dfffff,7.16464127740447,47.22901355596,1.58472584013564,1.8984019688223,1.19793715779873
Bern,881f83c155fffff,7.19968137126926,47.2252106467771,1.88676510537607,2.17665919318256,1.15364609350707
Bern,881f83c157fffff,7.21136231003213,47.2239404163477,1.63142632843186,1.87806345977937,1.15117883477127
Bern,881f83c15dfffff,7.19629031780795,47.2326997504731,1.52261314478968,1.91326413923614,1.25656615127963
Bern,881f83c163fffff,7.17481951320106,47.2065474915423,1.63957364674044,1.4986310457986,0.914037041750433
Bern,881f83c165fffff,7.15486096769896,47.201591695227,1.90009234217908,1.65135190521202,0.869090342903125
Bern,881f83c167fffff,7.16653578844491,47.2003249997899,1.34120369688194,1.14524141436167,0.853890737867894
Bern,881f83c1a5fffff,7.25504200049903,47.1764293394982,1.73501976302028,1.6043421718449,0.9246823615727
Bern,881f83c1a9fffff,7.25995067122769,47.1901447673078,2.20233374211499,2.16262369490716,0.981969105568126
Bern,881f83c1adfffff,7.25165741496523,47.1839260356369,1.4262282628078,1.34420555212918,0.942489773329027
Bern,881f83c1e5fffff,7.23659424427326,47.1926976058758,1.66107460739734,1.5662876541258,0.942936366103355
Bern,881f83c1e7fffff,7.24827223333031,47.191421835152,1.65338431548897,1.59763633930226,0.96628250572812
Bern,881f83c221fffff,7.21590153549661,47.287518063857,1.19242277173155,2.47634360894569,2.07673290686131
Bern,881f83c223fffff,7.22759295762146,47.2862492726671,1.19567723589811,2.37192879904719,1.98375341424441
Bern,881f83c225fffff,7.20760350907142,47.2813014287239,1.20089662404159,2.44632507341244,2.03708214715384
Bern,881f83c227fffff,7.21929351420409,47.2800331994225,1.20199733617456,2.35508335562997,1.95930829857343
Bern,881f83c301fffff,7.17103483294228,47.2639124325537,1.27459497680323,2.30739969844949,1.81030032319491
Bern,881f83c303fffff,7.18272013128738,47.2626471846195,1.2535134083599,2.23484609254691,1.78286572576115
Bern,881f83c305fffff,7.16274535826677,47.2576923463688,1.30440402000472,2.20993689563463,1.69421196327395
Bern,881f83c309fffff,7.16763982970759,47.271396307774,1.27976534777907,2.48945002901562,1.94523944044576
Bern,881f83c30bfffff,7.17932609081839,47.2701317971229,1.24845838856145,2.39913005078598,1.92167402034953
Bern,881f83c30dfffff,7.1593499904477,47.2651763829106,1.31139112537526,2.40054929287604,1.8305364787253
Bern,881f83c311fffff,7.20269997788918,47.267598882063,1.22801316418065,2.25702830396936,1.83795122870306
Bern,881f83c319fffff,7.19930726637974,47.2750840701414,1.21404948970066,2.39506830183598,1.97279297273665
Bern,881f83c31bfffff,7.21099585436897,47.2738164023886,1.21302531121568,2.31675720131411,1.90990013142618
Bern,881f83c31dfffff,7.19101280719423,47.2688659886073,1.2317212696295,2.32343885828404,1.88633493272624
Bern,881f83c325fffff,7.14956725588948,47.2377647540886,1.59104408911897,2.13874824043631,1.34424196982538
Bern,881f83c327fffff,7.16124733786311,47.2365004484855,1.56392098743823,2.06051288382206,1.31753004171731
Bern,881f83c357fffff,7.18761913212321,47.2763504395785,1.22673649671468,2.47846517940488,2.02037290489232
Bern,881f83c363fffff,7.15106193453761,47.2589557367716,1.34729148761464,2.30975742123407,1.71437097500219
Bern,881f83c36bfffff,7.14766560474893,47.2664390358548,1.36479777868779,2.51954829452349,1.84609642092614
Bern,881f83c405fffff,7.46647255371067,47.2743037284722,3.05069694899526,1.7863276238882,0.585547385975696
Bern,881f83c429fffff,7.45814273770179,47.2680998474132,3.81074824770501,2.30843242851107,0.60576880928865
Bern,881f83c461fffff,7.44306768403472,47.276891698963,2.7066034255892,1.70283923677227,0.629142496707502
Bern,881f83c463fffff,7.45476990220864,47.2755983649772,2.89284571359526,1.75072715656576,0.605192025394931
Bern,881f83c467fffff,7.44644149163059,47.2693939159259,3.59336346780144,2.25263855471303,0.626888589172216
Bern,881f83c469fffff,7.43969327982941,47.2843885840559,2.67709265107586,1.69755543173866,0.634104102096151
Bern,881f83c46bfffff,7.4513964701858,47.2830959846684,2.88027369962187,1.74895847099641,0.607219540013167
Bern,881f83c46dfffff,7.43136590014106,47.2781837305879,2.50391483058817,1.64776525704285,0.658075601020259
Bern,881f83c55bfffff,7.43811486227242,47.2631887359792,3.36937394015729,2.19008906176496,0.649998813032525
Bern,881f83c705fffff,7.38456312640567,47.2833388366551,1.66879166636744,1.38847544396039,0.832024435370515
Bern,881f83c707fffff,7.39626316366056,47.2820520128848,1.94784414726317,1.517555071113,0.779094710038918
Bern,881f83c709fffff,7.38950598785371,47.2970390053653,1.73368601977562,1.42193632417779,0.820180994688891
Bern,881f83c70dfffff,7.38118386663274,47.2908320468712,1.64392973452908,1.40632314512307,0.855464266862916
Bern,881f83c715fffff,7.41628820397779,47.2869698755292,2.25918335176878,1.59049271757696,0.704012233593928
Bern,881f83c717fffff,7.42799052410934,47.2856798809565,2.4649031189702,1.64213632912249,0.666207250290854
Bern,881f83c729fffff,7.37624316092058,47.2771309856248,1.60124762627492,1.38721586148677,0.866334374973549
Bern,881f83c72bfffff,7.38794178917305,47.275844728139,1.84829540664186,1.49946126543928,0.81126710592417
Bern,881f83c72dfffff,7.36792497761072,47.2709224057338,1.55322449010183,1.39873709051706,0.900537623138666
Bern,881f83c731fffff,7.41134036077039,47.2732683086885,2.15395054376032,1.55115341792687,0.720143469598377
Bern,881f83c739fffff,7.40796363900234,47.2807638873897,2.11249110713363,1.54769519500198,0.732639862849881
Bern,881f83c73bfffff,7.41966455147969,47.2794744600105,2.3011877365762,1.59340375538787,0.692426667351616
Bern,881f83c73dfffff,7.39964085610662,47.2745571692135,1.98743426072561,1.51558669458612,0.762584566713055
Bern,881f83c741fffff,7.37442355553122,47.3058157717038,1.61759989546841,1.47110869331668,0.909439161957102
Bern,881f83c743fffff,7.3861265042234,47.3045311538247,1.71563267120386,1.4484734426262,0.844279470155928
Bern,881f83c747fffff,7.37780400971951,47.2983243586123,1.62690452762132,1.43388208974119,0.881356014072724
Bern,881f83c74bfffff,7.38274642326207,47.3120224035305,1.70546691493056,1.48445709347822,0.870410959299472
Bern,881f83c75dfffff,7.39445078210636,47.3107372188648,1.98616492323826,1.6059667248334,0.808576722931458
Bern,881f83c763fffff,7.37286352818879,47.2846243588604,1.57731498274302,1.40628724427172,0.89157033291228
Bern,881f83c767fffff,7.3645449722999,47.2784159418307,1.53032096559926,1.41985889219814,0.927817708909276
Bern,881f83c809fffff,7.15715975194931,47.1229700410866,1.50363502503991,0.784804024012884,0.521937844585692
Bern,881f83c80dfffff,7.14888746390342,47.1167428443334,1.37419548826341,0.697888860617988,0.507852679315603
Bern,881f83c811fffff,7.19214980940132,47.1191534089915,2.42079171950352,1.41404382720476,0.584124530752594
Bern,881f83c813fffff,7.20381406802801,47.1178786095921,2.54748369201873,1.58276978989666,0.621307133331402
Bern,881f83c815fffff,7.18387328238498,47.112927884625,2.24965403844477,1.24269633847878,0.552394420316238
Bern,881f83c817fffff,7.19553612918604,47.1116536432608,2.40315330082367,1.40368758188952,0.584102388061724
Bern,881f83c819fffff,7.18876289424209,47.1266522792992,2.12462516864184,1.24411393332176,0.585568669563042
Bern,881f83c81bfffff,7.20042811268329,47.1253782162707,2.56545926714766,1.59275946964288,0.620847693837581
Bern,881f83c821fffff,7.14739620100731,47.0955182899683,1.36888642564088,0.662663097772033,0.484089173038436
Bern,881f83c823fffff,7.1590543566654,47.0942470139873,1.50798067968384,0.738669635291842,0.489840251432603
Bern,881f83c825fffff,7.13912818978934,47.0892893458469,1.25007120052372,0.599330141364574,0.479436804170422
Bern,881f83c827fffff,7.15078493244621,47.0880186262574,1.37114794933266,0.65778028511844,0.479729620307262
Bern,881f83c829fffff,7.14400687435025,47.1030170586115,1.60647558961739,0.787635676187967,0.490287982760793
Bern,881f83c82bfffff,7.15566598773207,47.1017465193362,1.50625093944469,0.743690988455482,0.49373644787877
Bern,881f83c82dfffff,7.13573850105974,47.0967882727995,1.46832949883325,0.713551908325474,0.485961706069699
Bern,881f83c831fffff,7.17898557894597,47.0992015603127,2.05345500541265,1.07763442437425,0.524790862976659
Bern,881f83c835fffff,7.17071296709535,47.0929744446932,1.87417139161056,0.943420739308499,0.503380183654267
Bern,881f83c839fffff,7.17559853140795,47.1067016436697,2.06608102848049,1.08684107340589,0.526039907643511
Bern,881f83c83bfffff,7.18725996623408,47.1054279600015,2.23393379643609,1.23260214041524,0.551763056891694
Bern,881f83c83dfffff,7.16732555624366,47.1004746866243,1.88291100038389,0.951260827263996,0.505207536134237
Bern,881f83c843fffff,7.15376995949403,47.1304667015398,1.48674482887235,0.793032505512749,0.533401892585857
Bern,881f83c847fffff,7.14549730874178,47.1242396636274,1.36678848111191,0.709737162675989,0.519273590964569
Bern,881f83c851fffff,7.17370965840377,47.1354222858871,1.7653221241441,0.999697403782698,0.566297442325091
Bern,881f83c853fffff,7.18537538357498,47.1341502540068,1.92636984881092,1.13543041461629,0.589414548466458
Bern,881f83c855fffff,7.16543381670701,47.1291965217707,1.63669000064346,0.88605417697306,0.5413695792268
Bern,881f83c85bfffff,7.18198727726663,47.1416473329373,1.88025478391028,1.12183109064529,0.596637806878633
Bern,881f83c85dfffff,7.16204438733351,47.1366930232241,1.60784538843973,0.888884428706405,0.552841980390285
Bern,881f83c861fffff,7.12895733758826,47.111783441112,1.153869999928,0.583652263134526,0.505821507770328
Bern,881f83c863fffff,7.14061695234189,47.1105149320095,1.60311721482955,0.79959091465057,0.498772583348239
Bern,881f83c867fffff,7.13234821703706,47.1042863046136,1.46901915874369,0.726584423976416,0.494605138164294
Bern,881f83c869fffff,7.12556586258021,47.1192796821176,1.16284139225748,0.604731718814851,0.520046605531351
Bern,881f83c86bfffff,7.13722643484912,47.1180119099853,1.25417587985844,0.639804716671124,0.510139548165558
Bern,881f83c86dfffff,7.11729818020039,47.1130506569819,1.08158957017637,0.562120079491953,0.519716623562016
Bern,881f83c881fffff,7.24219202785406,47.1065437328306,2.6710126715719,1.9600854872068,0.733836086989914
Bern,881f83c883fffff,7.25385712568348,47.1052630181702,2.42365126042715,1.82630116608601,0.753532983851868
Bern,881f83c887fffff,7.24557391160275,47.099040127683,2.46642793187207,1.7788161818768,0.72121149736033
Bern,881f83c889fffff,7.23880954916814,47.1140464430169,1.78790874592316,1.32806629083343,0.742804292367675
Bern,881f83c88bfffff,7.25047560816484,47.1127664641598,2.32198230155331,1.7863446440175,0.769318802655173
Bern,881f83c88dfffff,7.23052737834867,47.1078231525083,1.56373798115441,1.09781862437142,0.702047681646108
Bern,881f83c899fffff,7.27042887947913,47.1177066427761,1.67378515398432,1.34703474520615,0.804783542260267
Bern,881f83c89bfffff,7.28209724118206,47.1164235131311,1.24915656146769,0.99372225437845,0.795514577620986
Bern,881f83c8a3fffff,7.24067412729043,47.0853118602477,2.27435344162355,1.53312784848529,0.674093929477764
Bern,881f83c8abfffff,7.23729247243436,47.0928165190709,2.47392471912515,1.69691287076446,0.685919364338836
Bern,881f83c8adfffff,7.21735193775245,47.0878712311309,1.39585543336734,0.862279727151447,0.617742859710978
Bern,881f83c8b5fffff,7.25233589482201,47.0840302332148,2.06016289675126,1.41764682312646,0.688123655348806
Bern,881f83c8bdfffff,7.24895520054761,47.0915356277518,2.2595739476246,1.59465558117286,0.705732858554711
Bern,881f83c8c1fffff,7.22375990420913,47.1228262058155,3.12287086957792,2.20640973248306,0.706532490336778
Bern,881f83c8c3fffff,7.2354264754116,47.1215482580643,3.01852091392464,2.25778254648894,0.747976446369358
Bern,881f83c8c7fffff,7.22714393885234,47.1153251267669,1.6483470580967,1.16307835715521,0.705602834938284
Bern,881f83c8c9fffff,7.22037527428568,47.1303263894768,2.49701636582157,1.76289834976674,0.706001920490702
Bern,881f83c8cbfffff,7.23204280645095,47.1290491777955,2.66543774421627,1.99920066495578,0.750045904952702
Bern,881f83c8cdfffff,7.21209378298597,47.124102858497,2.65553785029573,1.759123501994,0.662435860892774
Bern,881f83c8d1fffff,7.25537921802453,47.126490868204,2.32234009998225,1.89131561940058,0.814400793154728
Bern,881f83c8d3fffff,7.26704809554893,47.1252097699708,2.08062635528565,1.71822576382399,0.825821397224436
Bern,881f83c8d5fffff,7.24709349565189,47.1202690150817,2.81646899439768,2.19910433855795,0.780801898736415
Bern,881f83c8d7fffff,7.25876096398836,47.118988476706,2.55013660084936,2.04096635955559,0.800336091359112
Bern,881f83c8d9fffff,7.25199687687594,47.1339923643508,1.81549000114341,1.49582542610264,0.82392380302869
Bern,881f83c8dbfffff,7.26366671651056,47.1327120018855,2.61891841104629,2.20566137063466,0.842203163462994
Bern,881f83c8ddfffff,7.24371078801119,47.1277706707584,1.87172845953466,1.47486049883239,0.787967128094565
Bern,881f83c8e1fffff,7.21058419295448,47.102876710356,1.55121598250924,0.965041691512523,0.622119487159665
Bern,881f83c8e3fffff,7.22224698296858,47.1015991440542,1.53353279204325,1.01312788860799,0.660649641054052
Bern,881f83c8e5fffff,7.20230698316522,47.0966514262396,1.46931496324198,0.859250843668121,0.584796905472344
Bern,881f83c8e7fffff,7.21396836280288,47.0953744181533,1.47964129674814,0.91847854675481,0.62074406058643
Bern,881f83c8ebfffff,7.21886317810836,47.1091012773646,1.61295124648567,1.06932141597946,0.662959539731479
Bern,881f83c901fffff,7.10268276215822,47.0718659903961,0.962146200991495,0.492197302173566,0.511561862081205
Bern,881f83c903fffff,7.11433480690009,47.0705982299478,1.00849437491086,0.496582904179105,0.49240027166537
Bern,881f83c905fffff,7.09442326485712,47.0656336375,1.05155607976678,0.553773770839416,0.526623145921269
Bern,881f83c907fffff,7.10607389543223,47.064366431799,0.960011675897251,0.484192947552682,0.504361519457712
Bern,881f83c90bfffff,7.11094403420066,47.0780976308728,1.00959793708046,0.504429168647056,0.499633715680678
Bern,881f83c919fffff,7.13086195385066,47.0830596874705,1.1513810856312,0.552158662147496,0.479562039917302
Bern,881f83c91bfffff,7.14251728335896,47.0817895239332,1.25319690754182,0.594821114063361,0.474642979474089
Bern,881f83c91dfffff,7.12259749296354,47.0768293153379,1.07160647100539,0.51868762213883,0.484028079498432
Bern,881f83c92bfffff,7.09781475833163,47.0581339213903,1.04774197468998,0.54454150096733,0.519728629874216
Bern,881f83c953fffff,7.12747190342324,47.0905587725732,1.35342886148186,0.658288736931403,0.486385916294595
Bern,881f83c957fffff,7.1192070812129,47.0843285584314,1.07175294382912,0.526350154244072,0.491111461157779
Bern,881f83c95bfffff,7.12408125776109,47.0980569626442,1.35683609921554,0.671784536795049,0.495111043392376
Bern,881f83c963fffff,7.08277309382551,47.0668995516497,1.03434952846451,0.570577051828892,0.551628860580536
Bern,881f83c981fffff,7.18425666115378,47.0629645294844,1.11111578481245,0.559225682447854,0.503300997152378
Bern,881f83c983fffff,7.19591189241282,47.06168772159,1.13846957178516,0.597913787131806,0.525190836847977
Bern,881f83c985fffff,7.17598727684674,47.0567360658413,1.03583785156705,0.504228880639544,0.48678360216006
Bern,881f83c989fffff,7.1808716297752,47.0704683500536,1.14452450543738,0.575278171086814,0.502635084136512
Bern,881f83c98bfffff,7.19252781917209,47.0691922783336,1.18899062531227,0.624029301218769,0.524839547035855
Bern,881f83c98dfffff,7.17260188229832,47.0642400443981,1.05859926893225,0.514340940623201,0.485869351810517
Bern,881f83c9d1fffff,7.1974164472132,47.0829228160054,1.32434085937798,0.730952962721359,0.551937182595633
Bern,881f83c9d3fffff,7.20907545724583,47.0816456296556,1.33617027966197,0.778333930868338,0.582511033747318
Bern,881f83c9d5fffff,7.18914315133813,47.0766959407556,1.23459291545984,0.647749998317349,0.524666868087516
Bern,881f83c9d7fffff,7.20080075112754,47.0754193118902,1.26566168908852,0.697821243943912,0.55134895048175
Bern,881f83c9dbfffff,7.20569151762621,47.0891489753041,1.40806632671769,0.822544155360549,0.58416577383678
Bern,881f83ca41fffff,7.11835461192091,47.1841819577436,1.27214391896741,0.985877320352057,0.774973103005739
Bern,881f83ca49fffff,7.11495909087696,47.191670709335,1.29831688520789,1.08678242565784,0.837070239199598
Bern,881f83ca4bfffff,7.12663016222485,47.1904077211088,1.53933028625633,1.24166760980194,0.806628454522061
Bern,881f83ca4dfffff,7.10668495863265,47.1854443886074,1.29647678264362,1.04431195937083,0.805499931314927
Bern,881f83ca51fffff,7.14997367946673,47.1878778592628,1.70180357584759,1.29559369134063,0.761306245754806
Bern,881f83ca59fffff,7.14658043979662,47.1953679256844,1.6735132353753,1.37334505619101,0.820635909630572
Bern,881f83ca5bfffff,7.15825384394273,47.194101788864,1.33572976169482,1.0732015249276,0.803457073207595
Bern,881f83ca5dfffff,7.13830169206868,47.1891434378063,1.54922081810077,1.20946334648113,0.780691385211205
Bern,881f83ca81fffff,7.21850217589732,47.1590439000144,2.148350399464,1.62255604779059,0.755256706818126
Bern,881f83ca83fffff,7.23017400350025,47.1577683374701,2.17109485111185,1.73097125650668,0.797280347111608
Bern,881f83ca87fffff,7.22188822700947,47.1515465633194,2.39212552601585,1.79715450903797,0.75127934947092
Bern,881f83ca8bfffff,7.22678831821756,47.1652655142644,2.11741242717988,1.70039158403847,0.803051669203235
Bern,881f83ca91fffff,7.25013524660338,47.1627119732,2.84039599403407,2.4895219817146,0.87647003690456
Bern,881f83ca93fffff,7.26180938379859,47.1614332580555,2.2353507400702,2.01193462859229,0.900053218730724
Bern,881f83ca95fffff,7.24184628098562,47.1564914789116,2.47799340535399,2.07473848874977,0.837265540847308
Bern,881f83ca97fffff,7.25351900741055,47.155213324177,2.35821588142631,2.05061206458515,0.869560789890399
Bern,881f83ca99fffff,7.24675089001981,47.1702097260578,1.82540506573328,1.61627676315149,0.885434577504152
Bern,881f83ca9bfffff,7.25842599006555,47.1689317469122,1.74768496334887,1.59239390791911,0.911144709323241
Bern,881f83ca9dfffff,7.23846155776194,47.1639893918823,2.10653266655298,1.77476587577645,0.842505746032689
Bern,881f83caa1fffff,7.20532200643836,47.139100857796,2.33522444645609,1.54665640296759,0.662315952248092
Bern,881f83caa3fffff,7.2169900489485,47.1378256775734,2.39162428489905,1.68682200694352,0.705303929883252
Bern,881f83caa5fffff,7.1970415619064,47.1328769274201,2.24712214796343,1.39719857295986,0.6217724186583
Bern,881f83caa7fffff,7.20870819245701,47.1316023059642,2.35574601073915,1.55880774318583,0.661704502981085
Bern,881f83caabfffff,7.21360422806408,47.1453240699286,2.38453377748363,1.68321581554917,0.7058888540155
Bern,881f83caadfffff,7.19365441556395,47.1403747428631,2.2051568789061,1.37870083818522,0.62521666887897
Bern,881f83cab1fffff,7.23694358681248,47.1427712956675,2.37255050932162,1.88243130078488,0.793420959169855
Bern,881f83cab3fffff,7.248613940409,47.141492964969,2.2513028774774,1.86827770302391,0.829865106874168
Bern,881f83cab5fffff,7.22865854215271,47.1365492020331,2.40589160370168,1.8050135361957,0.750247240323928
Bern,881f83cab7fffff,7.24032748510923,47.1352714310128,2.62786516464844,2.08062539239373,0.79175500340866
Bern,881f83cab9fffff,7.23355909298733,47.1502702645455,2.38416420315744,1.89459081374264,0.794656178141407
Bern,881f83cabbfffff,7.24523040849009,47.1489926698816,2.60398997207265,2.17095154740375,0.833701961484812
Bern,881f83cabdfffff,7.22527368238341,47.1440483306,2.41806708770949,1.81386854580629,0.750131605126172
Bern,881f83cac9fffff,7.1966661857595,47.1828025893961,1.62156833648881,1.25052015828858,0.77117943792387
Bern,881f83cacbfffff,7.20834044679545,47.1815305321877,2.03222559671953,1.62045568071001,0.797379820097624
Bern,881f83cad3fffff,7.24336593752613,47.1777065825739,1.78579153644897,1.60423740082528,0.898334082160165
Bern,881f83cad9fffff,7.22830381243857,47.1864777526727,1.72062897486126,1.52462122559214,0.886083663513266
Bern,881f83cadbfffff,7.23998038898855,47.185202542572,1.72904533254629,1.58542244806775,0.916935153882265
Bern,881f83cb01fffff,7.07892816013567,47.1243378387346,1.06660024862687,0.64722180179687,0.606808223258993
Bern,881f83cb05fffff,7.07066614307541,47.118106591421,1.04063084860948,0.637247962269885,0.612366972516135
Bern,881f83cb07fffff,7.08232346161638,47.116844546838,1.01738190823057,0.597119301105178,0.586917554041912
Bern,881f83cb0dfffff,7.06726988587465,47.125599145734,1.10161026283578,0.696262568267381,0.63204074231757
Bern,881f83cb29fffff,7.06240590314723,47.1118746310731,1.02411210150484,0.634379276450444,0.619443199155915
Bern,881f83cb31fffff,7.09737499089459,47.1080862846187,0.985232635236989,0.53699489701634,0.545043756987578
Bern,881f83cb33fffff,7.10903227437093,47.1068209174532,1.01480521425302,0.531183276391571,0.523433727902716
Bern,881f83cb39fffff,7.09398124127619,47.1155812096804,1.01580154187665,0.57075752990965,0.561878975744809
Bern,881f83cb3bfffff,7.1056394811169,47.1143165797832,1.036291107242,0.558497804293489,0.538939107351679
Bern,881f83cb45fffff,7.05221426533075,47.1343500807182,1.24908242118819,0.84398445975913,0.675683562143391
Bern,881f83cb47fffff,7.06387303260985,47.1330908040263,1.17539733344443,0.768458314440599,0.653785994382579
Bern,881f83cb61fffff,7.04735289310058,47.1206268035239,1.15304294254432,0.758174595315726,0.657542375345302
Bern,881f83cb63fffff,7.05900928659098,47.1193673435944,1.08552148495614,0.690933917390238,0.636499532220824
Bern,881f83cb65fffff,7.03909548959155,47.1143937344916,1.15256693233646,0.761290641513619,0.660517511091825
Bern,881f83cb67fffff,7.05075046458369,47.1131348287605,1.07814347922196,0.691968468896555,0.641814825421858
Bern,881f83cb69fffff,7.04395472553884,47.1281178823032,1.24241762018206,0.838253695758901,0.674695595218673
Bern,881f83cb6bfffff,7.05561207402981,47.1268591602016,1.16019595600964,0.760129110049849,0.655173038754785
Bern,881f83cb6dfffff,7.03569696354146,47.121884971375,1.24165445489307,0.837521325266484,0.674520452905403
Bern,881f83cc25fffff,7.36041511301848,47.1149143203957,1.08937819770752,0.731928361284839,0.671877189047023
Bern,881f83cc49fffff,7.36014661953464,47.1648757732302,1.22990961159704,0.960572467106357,0.781010619031634
Bern,881f83cc4bfffff,7.37182712124408,47.1635855541928,1.23087158579075,0.940401803214551,0.76401292715715
Bern,881f83cc61fffff,7.35029232101819,47.1374359762416,1.31984587124279,0.971987066278278,0.736439827904326
Bern,881f83cc69fffff,7.34691686741482,47.1449414046135,1.39633001990946,1.06022778395054,0.759295989367391
Bern,881f83cc6bfffff,7.35859359182953,47.1436515770503,1.37109077961977,1.01589719913475,0.740940872942396
Bern,881f83cc6dfffff,7.33861700223888,47.1387252411654,1.36187542110136,1.03181391553187,0.757641924910751
Bern,881f83cd01fffff,7.32385707473887,47.0975515265629,0.778507419566407,0.514175921137264,0.660463738962997
Bern,881f83cd05fffff,7.31556541859998,47.091331996829,0.781456904386744,0.511377909010703,0.654390416336537
Bern,881f83cd09fffff,7.3204813317057,47.1050593847504,0.82962528810555,0.57289126779053,0.690542195379226
Bern,881f83cd0dfffff,7.3121893067394,47.0988400144951,0.836535791841632,0.573210673330266,0.685219543408111
Bern,881f83cd11fffff,7.35549017435989,47.1011883480921,1.01081158734495,0.645177394319888,0.638276610989933
Bern,881f83cd13fffff,7.36716066834853,47.0998954093349,1.01363998507677,0.643015787439393,0.634363084434452
Bern,881f83cd17fffff,7.35886302534952,47.0936782854976,0.796760285655769,0.492544752870932,0.618184367040265
Bern,881f83cd19fffff,7.35211672907036,47.1086975162641,1.05149129405715,0.694000962833363,0.660015890531609
Bern,881f83cd1bfffff,7.36378818786136,47.1074053121296,1.04630110908949,0.682618258006497,0.652410909322773
Bern,881f83cd21fffff,7.31065142248128,47.0776026757056,0.744602952040488,0.462011726642348,0.620480653986484
Bern,881f83cd23fffff,7.32231585942571,47.0763132786134,1.34738267533981,0.807343631893294,0.599194012710369
Bern,881f83cd25fffff,7.30236368224178,47.0713815471034,0.758151103692642,0.467605966211564,0.616771464071012
Bern,881f83cd27fffff,7.31402671435287,47.0700927104043,0.709086915468449,0.421902634649525,0.594994246045001
Bern,881f83cd29fffff,7.30727553645641,47.0851117469378,0.791956699277382,0.513865034532512,0.648854962653118
Bern,881f83cd2bfffff,7.31894093611761,47.083823084809,0.737684971048895,0.461432197316191,0.625513892007442
Bern,881f83cd2dfffff,7.29898742808585,47.0788907773878,0.80938271368006,0.520918867695961,0.643600189244805
Bern,881f83cd41fffff,7.30543529945503,47.113853366053,0.979055791600162,0.733962499462138,0.749663610347021
Bern,881f83cd43fffff,7.31710499413974,47.1125663482996,0.877928187138771,0.633558095085616,0.721651388310502
Bern,881f83cd45fffff,7.2971443121276,47.1076335944368,1.00640943248799,0.748619069658299,0.743851404301337
Bern,881f83cd47fffff,7.30881260040225,47.1063471376291,0.902720446519118,0.647490227728664,0.71726549478898
Bern,881f83cd49fffff,7.30205740376411,47.121358699589,1.06370974142904,0.831226933029422,0.781441497294849
Bern,881f83cd4dfffff,7.29376604815488,47.1151390876102,1.0988965807767,0.852494786611794,0.775773445403979
Bern,881f83cd51fffff,7.33707070564245,47.1174959623152,1.13854345148204,0.798380207736613,0.701229458302506
Bern,881f83cd53fffff,7.34874268934725,47.1162057898353,1.10303805928193,0.753524330253755,0.683135385867188
Bern,881f83cd59fffff,7.33369510674912,47.1250026062153,1.21171200743548,0.882814693908944,0.728568082590327
Bern,881f83cd5bfffff,7.34536805505678,47.1237131686279,1.16470831285699,0.82382887442596,0.70732634543076
Bern,881f83cd5dfffff,7.32539916284794,47.1187848379944,1.20202387584347,0.871707804095385,0.725200074319405
Bern,881f83cd61fffff,7.29223313694958,47.0939065553554,1.06964163832899,0.752582317055586,0.703583602290656
Bern,881f83cd63fffff,7.30389905614485,47.0926199239226,1.15030073943025,0.781542679592774,0.679424652008726
Bern,881f83cd67fffff,7.29561057969961,47.0863991135313,1.67006573928898,1.12366059619192,0.672824170784027
Bern,881f83cd81fffff,7.40554376638027,47.0884958111899,0.853038312212757,0.557942810906913,0.654065360159059
Bern,881f83cd85fffff,7.39724228789383,47.0822802152986,0.83321311527853,0.523472684790179,0.628257855272946
Bern,881f83cd87fffff,7.40891216249201,47.0809819171952,0.847661024896771,0.549404166210077,0.648141356124028
Bern,881f83cda3fffff,7.40397923027486,47.067251214141,0.847044838603099,0.520213730284131,0.614151348991205
Bern,881f83cda9fffff,7.38894258231175,47.0760638968814,0.817274446292704,0.492491903048512,0.602602840799121
Bern,881f83cdb1fffff,7.42394930827051,47.0721668003331,0.852679615547021,0.569145423212392,0.667478631874255
Bern,881f83cdb5fffff,7.41564717369011,47.0659514480564,0.857149038286664,0.547015336316865,0.63817995690724
Bern,881f83cdb9fffff,7.42058247186284,47.0796823220042,0.854818421825434,0.573545363818461,0.670955783327266
Bern,881f83cdbdfffff,7.41227996488406,47.0734671294243,0.849129972007028,0.54587782301997,0.64286721823011
Bern,881f83cde1fffff,7.37390384679068,47.0848729208726,0.796083014496584,0.480088985412145,0.603063972814113
Bern,881f83cde3fffff,7.38557284901216,47.0835772164718,0.814621153202779,0.499205189239096,0.612806563242818
Bern,881f83cde9fffff,7.37053255461375,47.0923846121897,0.805101337293655,0.497461913141736,0.617887326847515
Bern,881f83cdebfffff,7.3822025218361,47.0910896421412,0.820313881197345,0.512188893030215,0.624381599251515
Bern,881f83ce07fffff,7.36170052754707,47.1860950183541,1.89543856234366,1.54303189674082,0.814076450377217
Bern,881f83ce21fffff,7.34508968879804,47.173667274732,0.858765267638007,0.708930592675689,0.825523131164315
Bern,881f83ce23fffff,7.35677071710273,47.1723790890289,0.849485632412139,0.679667563183458,0.800093064850929
Bern,881f83ce25fffff,7.33678693592073,47.1674523165142,0.845592993606748,0.701990830067444,0.830175788322476
Bern,881f83ce27fffff,7.34846655744489,47.1661646939509,1.04146194220495,0.836631979979594,0.803324582565453
Bern,881f83ce2bfffff,7.35339421926617,47.1798815088446,0.878200832880189,0.72035147349354,0.820258244496354
Bern,881f83ce2dfffff,7.33340910141495,47.1749541621522,0.879760675763068,0.751916092558061,0.854682544097438
Bern,881f83ce31fffff,7.37675952850922,47.1773027117544,0.887020087612999,0.689349550070832,0.777152129582426
Bern,881f83ce35fffff,7.36845218538289,47.1710896048837,1.27976495765437,0.997675492567663,0.779577129847551
Bern,881f83ce37fffff,7.38013409269222,47.1697988221369,1.29130217494835,0.986900192421326,0.76426742831189
Bern,881f83ce39fffff,7.37338436894397,47.1848057053552,0.912004727844277,0.721567229264056,0.79118803580069
Bern,881f83ce3dfffff,7.36507665419526,47.1785927596631,0.878646606980497,0.699593752279495,0.796217440233083
Bern,881f83ce83fffff,7.45181451689349,47.1832513718954,1.63938052812368,1.2093060957197,0.73766039975099
Bern,881f83ce85fffff,7.43181013888984,47.1783396520057,1.53666645090164,1.14265895533744,0.743595953869485
Bern,881f83ce87fffff,7.44349659883807,47.1770425425556,1.55600745218912,1.15808750312667,0.744268609701953
Bern,881f83ce91fffff,7.47182390931241,47.1881599312216,1.70680336004828,1.24580654278162,0.729906310206928
Bern,881f83ce95fffff,7.46350281211084,47.1819523963368,1.63439808084122,1.20967369916564,0.740134067303252
Bern,881f83cea1fffff,7.4268660932871,47.1646227019586,1.25342121511972,0.937211652680398,0.747722825635181
Bern,881f83cea5fffff,7.41855350535326,47.1584116916975,1.17950131348107,0.878477940873155,0.744787590172743
Bern,881f83cea9fffff,7.423495400676,47.1721295296699,1.44928055346731,1.08186744587823,0.746485863823902
Bern,881f83ceabfffff,7.43518045770895,47.170832985744,1.47110305827463,1.09979806968594,0.747600967518772
Bern,881f83ceb9fffff,7.45518349189392,47.1757441331438,1.55815638205591,1.16446087886155,0.74733248361445
Bern,881f83cf03fffff,7.31188934061201,47.1488031022123,1.64539046731898,1.38278777570841,0.840400988806953
Bern,881f83cf05fffff,7.29192014689274,47.1438693290925,1.46536841657954,1.26684861700476,0.864525673319636
Bern,881f83cf07fffff,7.30359369587516,47.1425852525562,1.32102640082877,1.11144005408278,0.841345830322164
Bern,881f83cf09fffff,7.29683447607052,47.1575893322352,2.07122493059641,1.84528005514606,0.890912439246622
Bern,881f83cf0dfffff,7.28853987089045,47.1513710813009,1.03138024824215,0.914605083804186,0.886777777025507
Bern,881f83cf15fffff,7.32356474086132,47.1475171670349,1.52851307217496,1.23988128210324,0.811168255394106
Bern,881f83cf17fffff,7.33524058344379,47.1462299345552,1.44689908394812,1.13324074683681,0.783220308457558
Bern,881f83cf23fffff,7.29867891319586,47.1288631380592,1.56155392137332,1.26741010451307,0.811633903361106
Bern,881f83cf25fffff,7.27871741964202,47.1239273758977,1.36028968630329,1.11834473080008,0.822137183028479
Bern,881f83cf27fffff,7.29038718936135,47.122643685824,1.19794821873035,0.965529014738748,0.80598560074831
Bern,881f83cf29fffff,7.28362768677733,47.1376501966625,1.53556905679245,1.31671847249659,0.857479164920784
Bern,881f83cf2bfffff,7.29529982761664,47.1363666812862,1.36837511976384,1.1487175653008,0.839475629678981
Bern,881f83cf2dfffff,7.27533700307062,47.1314303434558,2.80734994495315,2.37185306018466,0.844872604659994
Bern,881f83cf31fffff,7.31864544171017,47.1337957606586,1.38565795364877,1.0869009639399,0.784393407534543
Bern,881f83cf33fffff,7.33031891307699,47.132508355087,1.29381043830399,0.978475372451702,0.756274136831318
Bern,881f83cf35fffff,7.31035053487494,47.1275775907713,1.40514297034865,1.10151150623272,0.783914184874302
Bern,881f83cf37fffff,7.32202259970723,47.1262907468766,1.28978674205221,0.973722506532634,0.754948453713614
Bern,881f83cf39fffff,7.315267688723,47.141299879163,1.20637905905807,0.98078497951664,0.81299900901996
Bern,881f83cf3bfffff,7.32694212449233,47.1400132087527,1.43386847212476,1.12404158835342,0.783922382146927
Bern,881f83cf3dfffff,7.30697241290878,47.1350818693384,1.51570964995227,1.23306714704639,0.813524639818202
Bern,881f83cf41fffff,7.28177753251567,47.1663718982157,2.34396279925463,2.16893243769156,0.925327158938388
Bern,881f83cf43fffff,7.29345397303194,47.165090028342,2.16165140927374,1.97419544499404,0.913281131511079
Bern,881f83cf45fffff,7.27348396840405,47.1601532462874,1.92961689848012,1.75664342657,0.910358645777638
Bern,881f83cf47fffff,7.28515899947603,47.1588719377343,1.67873352239827,1.52215406472647,0.906727627951276
Bern,881f83cf51fffff,7.31342901835184,47.1700236678077,0.927760402376437,0.825186209547803,0.88943891918011
Bern,881f83cf53fffff,7.32510775590791,47.1687386410798,0.879474296046507,0.756129941054737,0.859752177469838
Bern,881f83cf55fffff,7.30513085848324,47.1638068612369,1.47950964318483,1.31893129757346,0.891465157830464
Bern,881f83cf57fffff,7.31680818792494,47.1625223967395,0.887987968650963,0.767045595637478,0.863801788669252
Bern,881f83cf61fffff,7.26857438429921,47.1464335922364,1.96909328449492,1.7286401304898,0.87788635718861
Bern,881f83cf63fffff,7.28024704271958,47.1451521089323,1.68623054002106,1.48032698813912,0.877891221280234
Bern,881f83cf65fffff,7.26028474223047,47.1402133383429,1.73821089789535,1.48473510479068,0.85417431600988
Bern,881f83cf67fffff,7.27195599133423,47.1389324156278,2.12135553476329,1.83144152961741,0.863335494501054
Bern,881f83cf69fffff,7.26519218183191,47.1539338731046,2.04201036519595,1.81652300409638,0.889575799935798
Bern,881f83cf6bfffff,7.27686580330639,47.152653125533,1.56146739733657,1.39782020081221,0.895196533207487
Bern,881f83cf6dfffff,7.25690217257501,47.1477137791657,2.15372519906597,1.85814817041148,0.862760101064574
Bern,881f83d811fffff,7.06294769890277,47.2328711320915,2.20797985218498,2.94183800738609,1.33236632774294
Bern,881f83d813fffff,7.07462217974029,47.2316157181124,2.03769331425213,2.69536920058574,1.32275508867486
Bern,881f83d817fffff,7.06634908156735,47.2253890827649,2.11747853852549,2.64480270525496,1.24903400772915
Bern,881f83d819fffff,7.05954571847078,47.2403522830436,2.2912469044681,3.24035085658533,1.41423032597072
Bern,881f83d81bfffff,7.07122115765627,47.2390976072742,2.11847536459374,2.99146652839213,1.41208464275241
Bern,881f83d831fffff,7.04980823153599,47.2129336622622,2.3522154891087,2.62155760229175,1.11450571362622
Bern,881f83d833fffff,7.06147891087087,47.2116786232205,2.17315708430277,2.39768795106303,1.10332012737694
Bern,881f83d835fffff,7.04154047921503,47.2067048781033,2.59749628806314,2.74091336217648,1.05521358192981
Bern,881f83d837fffff,7.05320973671861,47.20545039509,2.22848731110309,2.33104337455703,1.04602048346561
Bern,881f83d839fffff,7.04640612883837,47.2204160314454,2.2869573509499,2.70889719723965,1.18449834497984
Bern,881f83d83bfffff,7.0580777655763,47.2191617306488,2.58742373487791,3.05131786407244,1.17928803965942
Bern,881f83d83dfffff,7.03813801706454,47.2141874069782,2.34590755916408,2.62402844793488,1.11855577500671
Bern,881f83d881fffff,7.11304594462824,47.2203567032127,1.78060629827361,2.02781786068162,1.13883561045903
Bern,881f83d883fffff,7.124721312589,47.2190953698245,1.70143746738259,1.87628811338931,1.10276642507215
Bern,881f83d889fffff,7.10964839722382,47.2278417043706,1.83285416866543,2.27667894533454,1.24214953063739
Bern,881f83d88bfffff,7.1213247249012,47.2265811086352,1.7343768394307,2.09344668056088,1.20703104017927
Bern,881f83d88dfffff,7.10137103660353,47.2216167410351,1.75189445541885,2.05768556724807,1.17454882106817
Bern,881f83d891fffff,7.14467875737451,47.2240560294395,1.62431633077698,1.85304666461337,1.1408163727117
Bern,881f83d899fffff,7.14128349295624,47.2315423453006,1.62811966850207,2.03995995199041,1.2529545533144
Bern,881f83d89bfffff,7.15296215673826,47.2302785988656,1.59449341239878,1.95133874027782,1.22379855890542
Bern,881f83d89dfffff,7.13300151193241,47.2253192170465,1.66528197454578,1.95281667800908,1.172664274194
Bern,881f83d8a1fffff,7.09989140234932,47.2004195193313,2.14725365691809,2.02557473672803,0.943332768442126
Bern,881f83d8a7fffff,7.10328847896645,47.1929324026498,1.34109464157962,1.16691272381776,0.870119593083536
Bern,881f83d8a9fffff,7.09649372864776,47.2079057384765,2.2361426050286,2.29140794286303,1.02471458560387
Bern,881f83d8adfffff,7.08822029248067,47.2016791801591,2.28134775824204,2.22834279403635,0.976765942844886
Bern,881f83d8b5fffff,7.12323500336164,47.1978963129053,1.7660863550147,1.54539750355862,0.875040735788797
Bern,881f83d8b7fffff,7.13490749262222,47.1966327669766,1.5450625799509,1.305677136011,0.845064240732884
Bern,881f83d8c1fffff,7.09457342553818,47.2365843696343,1.74687600358261,2.40756183738817,1.37820992013777
Bern,881f83d8c5fffff,7.08629712370102,47.2303590089434,1.9613950678135,2.55606471559656,1.3031870822669
Bern,881f83d8c7fffff,7.09797252984294,47.229101004418,1.9610412830968,2.50101745718646,1.27535176273135
Bern,881f83d8cbfffff,7.10285150987306,47.2428090122201,1.67646580270144,2.44523161377502,1.45856337172807
Bern,881f83d8cdfffff,7.08289706032612,47.2378416361933,1.89072006551677,2.6465814448302,1.39977434687395
Bern,881f83d8d7fffff,7.12960528700203,47.2328047954298,1.68782736571256,2.16802934247952,1.28450894121167
Bern,881f83d8e1fffff,7.08142243096251,47.2166492450475,1.94523413016583,2.22355367123405,1.14307765669549
Bern,881f83d8e3fffff,7.09309545772824,47.2153910599102,1.67288390257211,1.86217148306608,1.11315045844062
Bern,881f83d8e5fffff,7.07315005412846,47.2104222896865,2.26775801617387,2.45828588049007,1.08401595891507
Bern,881f83d8e7fffff,7.08482166036781,47.2091646614938,2.3959719338034,2.53298288888473,1.05718387312819
Bern,881f83d8e9fffff,7.07802260413119,47.2241329306453,2.03734797616013,2.51080077369935,1.23238681024513
Bern,881f83d8ebfffff,7.08969658945718,47.2228754834574,1.88226855311593,2.27150113605752,1.20678908028148
Bern,881f83d8edfffff,7.06974986659806,47.2179061352383,2.10875933187215,2.45799061943557,1.16560983621273
Bern,881f83d933fffff,7.0036320919177,47.1680660158432,2.36584511660324,1.92073581622142,0.811860338084645
Bern,881f83d981fffff,7.05514435459574,47.1767657855196,1.55318085570349,1.29355472083347,0.832842302996048
Bern,881f83d983fffff,7.06680978496692,47.1755083500102,1.43892733894808,1.16706731616436,0.811067581089627
Bern,881f83d985fffff,7.04687982066749,47.1705356490086,1.56089492416433,1.2600262188246,0.807246022341443
Bern,881f83d987fffff,7.05854383080224,47.1692787689784,1.44185804914615,1.13674349732908,0.788387940132
Bern,881f83d98dfffff,7.04347938822336,47.1780219274777,2.02362285981239,1.71960390662614,0.849765013420321
Bern,881f83d991fffff,7.08674483191658,47.1804779307257,1.34881441231897,1.09142206777049,0.809171415876296
Bern,881f83d993fffff,7.09841260639932,47.1792173512208,1.29078190854366,1.00566353389352,0.779111891201023
Bern,881f83d995fffff,7.07847567839739,47.1742496207834,1.34745039895577,1.05814681276636,0.785295557882049
Bern,881f83d999fffff,7.08334703305267,47.1879653666285,1.69779566831745,1.47386484745749,0.868104963960782
Bern,881f83d99bfffff,7.09501576536296,47.1867055248473,1.34696258608358,1.12784082946901,0.83732157160231
Bern,881f83d99dfffff,7.07507751897357,47.1817372160597,1.43296932832073,1.20011296449392,0.837500803942757
Bern,881f83d9a9fffff,7.03861706649458,47.1643047983539,1.56538291235273,1.22919054470984,0.785233143284028
Bern,881f83d9abfffff,7.05027965624882,47.1630484734628,1.44253459286605,1.10944456444779,0.769093905917035
Bern,881f83d9adfffff,7.03035609184573,47.1580732340539,1.56751623301296,1.20130541469433,0.766375103105164
Bern,881f83d9c1fffff,7.03667673221385,47.1929917924838,1.93463482835064,1.83300539049712,0.947468412971681
Bern,881f83d9c3fffff,7.04834361128295,47.1917371268782,2.1486317301113,2.01118624774365,0.936031158601325
Bern,881f83d9c5fffff,7.02841290139838,47.1867614190048,2.34751550789965,2.12766446016511,0.906347350211441
Bern,881f83d9c7fffff,7.04007835878323,47.1855073086946,2.17491525172236,1.95004639326023,0.896607990456616
Bern,881f83d9c9fffff,7.0332745083819,47.2004753786704,2.44810150521736,2.45237808558089,1.00174689666847
Bern,881f83d9cbfffff,7.04494234391005,47.199221451345,1.90609885354456,1.89469199996896,0.994015602310242
Bern,881f83d9cdfffff,7.02501031880478,47.1942451644617,2.07778772190216,1.98265521342786,0.954214519860954
Bern,881f83d9d9fffff,7.06487945872445,47.2041946178724,2.65681880415672,2.73590170222625,1.02976601112044
Bern,881f83d9dbfffff,7.07654964429206,47.2029375462842,2.45327762958265,2.46869270184127,1.00628346016478
Bern,881f83d9e1fffff,7.02355319506883,47.1730455294458,2.20294532655034,1.83255268673355,0.831864806015501
Bern,881f83d9e3fffff,7.03521627511007,47.1717912357756,2.03517287940448,1.67209828805129,0.821600123003099
Bern,881f83d9e5fffff,7.01529328339069,47.1668135693774,2.20677714519442,1.77812818657194,0.805757930946528
Bern,881f83d9e7fffff,7.02695494189573,47.16555983027,2.04165451559398,1.62763918887438,0.79721577595162
Bern,881f83d9ebfffff,7.03181488678907,47.179276776051,2.19264153088269,1.89007334600466,0.862007455109993
Bern,881f83d9edfffff,7.01189058148238,47.1742985301861,2.36782706965616,1.98655174340605,0.838976700986241
Bern,881f9c1449fffff,7.24882992056914,46.3753471467098,1.06611324169578,9.77761355342212,9.17127109111755
Bern,881f9c144bfffff,7.26038504203241,46.3740288814945,1.0579799955928,9.3176081255726,8.80697949336162
Bern,881f9c144dfffff,7.24062556987286,46.3690921070209,1.09735140080852,10.1483806374908,9.24806823959358
Bern,881f9c1603fffff,7.2585447580242,46.4029974472136,0.955089274599134,9.13351631726518,9.56299747068007
Bern,881f9c1611fffff,7.2783162117094,46.407931675923,0.928391537160696,8.35960222293134,9.00439296172125
Bern,881f9c1615fffff,7.27010453183519,46.401679553708,0.9502696907271,8.71210047562869,9.16802941380001
Bern,881f9c1619fffff,7.27496709571164,46.4155020911663,0.906711410726181,8.40861669395687,9.2737519286566
Bern,881f9c161dfffff,7.2667550552693,46.4092501160445,0.927946484134807,8.7616650953017,9.44199395665673
Bern,881f9c1623fffff,7.24547994832851,46.382919027813,1.04254651995412,9.84864727068603,9.44672211952658
Bern,881f9c1627fffff,7.2372752384718,46.3766641344368,1.07482614739409,10.2256415558738,9.51376330085172
Bern,881f9c1631fffff,7.26524384761536,46.3878551499723,1.0025831501095,9.0217458501837,8.99850137038348
Bern,881f9c1633fffff,7.27680173309666,46.3865357927396,1.00092656592981,8.58543353580004,8.57748592957428
Bern,881f9c1635fffff,7.25703601307734,46.3816014945275,1.03378648113376,9.39922934296201,9.09204126238313
Bern,881f9c1637fffff,7.26859251662357,46.3802826834709,1.02793683462259,8.9474177600192,8.70424860619404
Bern,881f9c1639fffff,7.26189459479216,46.3954267379502,0.977984883140706,9.08300950932579,9.28747434229919
Bern,881f9c163bfffff,7.27345342440101,46.3941081125427,0.974902013724188,8.65416593273366,8.8769597466254
Bern,881f9c1653fffff,7.27161739552871,46.423071627276,0.888536118575099,8.4534518960619,9.51390913586978
Bern,881f9c1657fffff,7.2634049945735,46.4168197993616,0.908768152213788,8.80552907177193,9.68952207482336
Bern,881f9c165bfffff,7.26826711103063,46.4306402840615,0.874455752731105,8.49618434150347,9.71596826365215
Bern,881f9c1711fffff,7.22087104441688,46.3641522735775,1.13145683293774,10.937357237737,9.66661468589929
Bern,881f9c1713fffff,7.23242296077026,46.3628363759625,1.12597018407267,10.5057913982756,9.33043480803007
Bern,881f9c1717fffff,7.22422209304298,46.3565799540363,1.15126532608509,10.8473536669681,9.4221144519786
Bern,881f9c171bfffff,7.22907227057409,46.3704085495244,1.10462868461529,10.5891113167404,9.58612741477768
Bern,881f9c84a1fffff,7.30205052734529,46.5776132398684,1.07756658587463,5.00954648133118,4.64894378407722
Bern,881f9c84a5fffff,7.29381769992768,46.5713696228186,1.22318889932738,6.25853372721754,5.11657171730307
Bern,881f9c84abfffff,7.31028510528444,46.5838561558775,1.07428554080064,4.50974603809631,4.19790257507821
Bern,881f9c84adfffff,7.29046269860146,46.5789256348101,1.19632664596915,5.92769626706574,4.95491451857087
Bern,881f9c8581fffff,7.25754744127976,46.5539447656951,1.05433734143574,7.24134593823266,6.86814898196795
Bern,881f9c8583fffff,7.2691297186204,46.5526345704324,1.07249293218679,7.0590217513892,6.58188183766957
Bern,881f9c8587fffff,7.26090389110426,46.5463881542278,1.06256274695184,7.52057052475382,7.07776603906734
Bern,881f9c858bfffff,7.26577363036803,46.5601910322782,1.06068351012806,6.76983946348735,6.38252541766205
Bern,881f9c8591fffff,7.28894140041961,46.5575682605452,1.09499658040503,6.32935401230155,5.78025002595022
Bern,881f9c8595fffff,7.28071243575422,46.5513230930771,1.08807792117021,6.83575081788136,6.28240926948467
Bern,881f9c8599fffff,7.28558662281335,46.5651253052287,1.08164243241652,6.05387480341433,5.59692798838269
Bern,881f9c859dfffff,7.27735729578382,46.5588802875996,1.0791095970155,6.56810544903364,6.08659719754052
Bern,881f9c85d3fffff,7.28223125880994,46.5726814673366,1.06173207572456,5.75695029430708,5.42222508477793
Bern,881f9c85d7fffff,7.27400156947174,46.566436599659,1.06324462708437,6.27227983155591,5.89918789315284
Bern,881f9c8691fffff,7.32311521518726,46.6541381895269,0.730316856550113,1.62361772614363,2.22316890481388
Bern,881f9c8cd9fffff,7.23322814102084,46.4849073619325,0.821729469757795,8.23670665958254,10.0236233002697
Bern,881f9c8cdbfffff,7.24479874779756,46.4835962445106,0.8145070126033,8.00098460866567,9.82310094923945
Bern,881f9ca001fffff,7.58201442477858,46.5167741652074,1.33917922187998,1.27406780218817,0.951379607278852
Bern,881f9ca003fffff,7.59360866723043,46.515428013665,1.30191747721627,1.14476551447454,0.879291917120773
Bern,881f9ca005fffff,7.57375133302207,46.5105426808526,1.44485621068408,1.39414527046494,0.964902431228689
Bern,881f9ca007fffff,7.58534420343881,46.5091970862764,1.4157740400414,1.25539100970562,0.886717070803832
Bern,881f9ca00bfffff,7.59027926199045,46.523004941478,1.22676573517406,1.15891349544767,0.944690141091393
Bern,881f9ca021fffff,7.5688205109012,46.4967331082472,1.3493915622125,1.24726609452897,0.924317395674179
Bern,881f9ca023fffff,7.58041105242124,46.495387341112,1.34081404027106,1.13163338174529,0.84398980601107
Bern,881f9ca027fffff,7.57215045132198,46.4891548477167,1.41127852473547,1.22533592277987,0.868245283481198
Bern,881f9ca02bfffff,7.5770814847321,46.5029654509701,1.52008960348712,1.37042745691713,0.901543865423028
Bern,881f9ca035fffff,7.59200200867174,46.4940402883404,1.32928900409245,1.03012089537629,0.774941259729735
Bern,881f9ca037fffff,7.60359337872614,46.4926919497852,1.31317990391807,0.941775126634317,0.717171443017356
Bern,881f9ca03dfffff,7.58867339802612,46.5016191272572,1.49936029778631,1.24117985250671,0.827806268005904
Bern,881f9ca051fffff,7.59521622910952,46.5368109051891,1.05387451619392,1.06848680698046,1.0138653042293
Bern,881f9ca053fffff,7.60681417361627,46.5354643677632,1.00434287376118,0.951150997318234,0.947038130271443
Bern,881f9ca055fffff,7.58694927249432,46.5305809889004,1.16249381259341,1.18013835155735,1.01517817881935
Bern,881f9ca057fffff,7.59854584486672,46.5292350091635,1.11336613967766,1.05066190929446,0.943680494539423
Bern,881f9ca059fffff,7.59188602891287,46.544385920522,1.00675529909999,1.0955359118939,1.08818489743564
Bern,881f9ca05bfffff,7.60348493196882,46.5430401122256,0.941024911243667,0.955986940505321,1.01589971645052
Bern,881f9ca083fffff,7.67477990180511,46.5059689274449,1.01518232463267,0.676305126772367,0.666190801752859
Bern,881f9ca087fffff,7.66650585014335,46.4997419066483,1.13078646685034,0.719549822520015,0.63632687834002
Bern,881f9ca08bfffff,7.67145720953497,46.5135509556656,0.962800932052177,0.672471457257984,0.698453267826231
Bern,881f9ca093fffff,7.70625389331787,46.5094799380818,0.811666459678625,0.580157834248564,0.714773694700006
Bern,881f9ca095fffff,7.68637742952279,46.5046124811672,0.957617249625694,0.641636884300004,0.670034802057714
Bern,881f9ca097fffff,7.69797536372064,46.5032547473907,0.734395471041006,0.49820675904548,0.678390293365061
Bern,881f9ca09dfffff,7.68305569761726,46.5121952374851,0.917838755566829,0.641780840078251,0.699230487038986
Bern,881f9ca0a3fffff,7.66155640361446,46.4859309651148,1.31454581934119,0.766333681916153,0.582964603166296
Bern,881f9ca0a5fffff,7.64169415799588,46.4810565847289,1.26795902463442,0.7323116043708,0.577551474569094
Bern,881f9ca0a7fffff,7.65328621532021,46.4797023732545,1.45565320489418,0.821292333882264,0.564208790336137
Bern,881f9ca0abfffff,7.65823354242559,46.4935141755962,1.26136692208186,0.770581889904944,0.610910177217202
Bern,881f9ca0adfffff,7.63836996244454,46.4886392179476,1.21105483606869,0.735976432641177,0.607715200601728
Bern,881f9ca0b1fffff,7.68142353577949,46.490802232238,1.0941423183904,0.668635213981372,0.611104426492712
Bern,881f9ca0b3fffff,7.69301914300942,46.4894443300021,0.990930823994909,0.613866596108622,0.619484812909378
Bern,881f9ca0b5fffff,7.67315023702413,46.4845749087781,1.21653784412029,0.708780977895535,0.582621396712957
Bern,881f9ca0b9fffff,7.67810201050949,46.4983860195721,1.06006026410247,0.675306102796232,0.637045011179626
Bern,881f9ca0bbfffff,7.68969857794305,46.4970288452759,0.989033874355666,0.636398889835259,0.643455099300677
Bern,881f9ca0bdfffff,7.66982833527545,46.4921588473877,1.18041935796817,0.717218982064563,0.607596764000125
Bern,881f9ca0d1fffff,7.67641048282448,46.5273581106375,0.823662398231775,0.630132245273966,0.765037042636308
Bern,881f9ca0d3fffff,7.68801129938285,46.5260025609879,0.800087895638314,0.612180899447443,0.765142058497263
Bern,881f9ca0d5fffff,7.66813393356761,46.5211321040435,0.90639650885576,0.664983214561964,0.73365597513327
Bern,881f9ca0d7fffff,7.67973338209498,46.5197771140388,0.872237360773241,0.637573458599627,0.730963252977855
Bern,881f9ca0d9fffff,7.67308699967425,46.5349382270908,0.7748952264123,0.620810731181844,0.801154414198866
Bern,881f9ca0dbfffff,7.68468877718063,46.5335834056406,0.758568184754378,0.605199207096749,0.797817808945824
Bern,881f9ca0ddfffff,7.66481007377162,46.5287123723879,0.849383046563097,0.655348642873368,0.771558421756991
Bern,881f9ca191fffff,7.6367510680053,46.4672430627748,1.41502415121068,0.774550150766324,0.547375922950591
Bern,881f9ca193fffff,7.64834079914633,46.4658886808747,1.16336442794889,0.618074274257817,0.531281737183193
Bern,881f9ca197fffff,7.64007447196175,46.4596585207355,1.24994220278474,0.659747813360674,0.527822656032275
Bern,881f9ca199fffff,7.63342708087021,46.4748267259154,1.37740166682745,0.786837057498304,0.571247353947681
Bern,881f9ca19bfffff,7.64501777018607,46.4734730723075,1.31063223164278,0.723657919592114,0.55214415006799
Bern,881f9ca19dfffff,7.6251617468612,46.4685961588501,1.47184684661261,0.84281861103132,0.572626569789532
Bern,881f9ca1b3fffff,7.63513308273956,46.4458420816058,1.84604360958436,0.953767719578141,0.516655031672239
Bern,881f9ca1bbfffff,7.63180988715332,46.4534276526789,1.66807759499238,0.886570434398417,0.531492322095765
Bern,881f9ca1c1fffff,7.5870684362615,46.4802284822307,1.47342155776906,1.10089382229572,0.747168260496069
Bern,881f9ca1c9fffff,7.58374003622068,46.4878083514686,1.40854320940564,1.11631741372281,0.79253331120304
Bern,881f9ca1cbfffff,7.59533003550677,46.4864605697165,1.40102708811221,1.02029527104038,0.728248068647379
Bern,881f9ca1d1fffff,7.61851127353574,46.4837611491121,1.36231144431719,0.861408032999548,0.632313584821494
Bern,881f9ca1d3fffff,7.63010251042534,46.482409509966,1.32370887312905,0.794166725180548,0.599955731431532
Bern,881f9ca1d7fffff,7.62183680189318,46.4761790935654,1.42412489408613,0.854329207253964,0.599897671055173
Bern,881f9ca1d9fffff,7.6151851616577,46.4913423252991,1.29026588221326,0.864797114284573,0.670247215094256
Bern,881f9ca1dbfffff,7.62677735653956,46.4899914147355,1.25720473751483,0.796909540907852,0.633874115430979
Bern,881f9ca1ddfffff,7.60692044825398,46.4851115023133,1.38660419285216,0.935974791347754,0.675012232165914
Bern,881f9ca249fffff,7.53708108129954,46.5938340768325,1.18790203645959,2.04240131882891,1.71933480720014
Bern,881f9ca24bfffff,7.54868448528341,46.5924965078884,1.0962642261167,1.85635957292663,1.69335049771934
Bern,881f9ca283fffff,7.65150879367091,46.5590246416246,0.663153305968459,0.625864895260625,0.943771055090529
Bern,881f9ca28dfffff,7.62830152009857,46.5617234728135,0.697365745297987,0.717880672123814,1.02941774379391
Bern,881f9ca291fffff,7.67139284774866,46.5638979797756,0.438117790384544,0.410927321445392,0.937937993991785
Bern,881f9ca295fffff,7.66311304562977,46.557673293675,0.649030186341692,0.595859773010046,0.918077133466866
Bern,881f9ca299fffff,7.66806740457672,46.5714744212401,0.53083551136557,0.516474750496316,0.972946872313965
Bern,881f9ca29dfffff,7.65978722564498,46.5652498876443,0.618825629563485,0.59310257980417,0.958432475110218
Bern,881f9ca2b1fffff,7.65816060216766,46.5438702682148,0.744215649917243,0.635769561492594,0.854281365304925
Bern,881f9ca2b3fffff,7.66976293251277,46.5425174632083,0.728344103414641,0.611058412631526,0.838969396150456
Bern,881f9ca2b7fffff,7.66148563001547,46.5362917605085,0.794571904520557,0.64509436945502,0.811876641729824
Bern,881f9ca2b9fffff,7.65483499009667,46.5514478953168,0.715443650102748,0.6427499198925,0.898393493044759
Bern,881f9ca2bbfffff,7.66643828120849,46.5500958187997,0.685936055915182,0.60231253226027,0.878088456010173
Bern,881f9ca2c1fffff,7.62164353184437,46.5768714067517,0.671093023172593,0.771269515161253,1.14927363052454
Bern,881f9ca2c3fffff,7.63324888382566,46.575524093127,0.62472153703512,0.678738775176566,1.08646610519914
Bern,881f9ca2c7fffff,7.62497281836057,46.5692978804474,0.675730814383516,0.7358979516804,1.08904009705666
Bern,881f9ca2cbfffff,7.62991997280104,46.5830974669792,0.61795615490476,0.704041331680856,1.1393062858794
Bern,881f9ca2d1fffff,7.65313383193061,46.5804004321063,0.581381853123015,0.603457663300003,1.03797127491751
Bern,881f9ca2d5fffff,7.64485464722857,46.574175491098,0.614438098234153,0.636671627041396,1.03618514032763
Bern,881f9ca2d7fffff,7.6564608211225,46.572825600518,0.596112808985271,0.595274542474347,0.998593778730656
Bern,881f9ca2d9fffff,7.6498062579376,46.5879743822199,0.57500903978124,0.618693328598073,1.07597148182827
Bern,881f9ca2dbfffff,7.66141476433422,46.5866246603579,0.560138032712318,0.581961447675207,1.03896078053692
Bern,881f9ca2ddfffff,7.64152669694871,46.5817495938846,0.603352539901152,0.652836541912248,1.08201507201611
Bern,881f9ca2e1fffff,7.60842592957122,46.5568433213249,0.814232254403438,0.886990882218377,1.08935856743755
Bern,881f9ca2e3fffff,7.62002757725485,46.5554963965384,0.766714703837328,0.785673680167933,1.02472755020312
Bern,881f9ca2e5fffff,7.60015510583003,46.5506149758832,0.900513791493814,0.980138029107861,1.08842089745451
Bern,881f9ca2e7fffff,7.61175538128104,46.5492686095088,0.848326990131935,0.86522077234017,1.01991423402149
Bern,881f9ca2ebfffff,7.61669850034519,46.5630709563465,0.73899679935473,0.80538945607924,1.08984160253804
Bern,881f9ca545fffff,7.71785359907735,46.5081203565689,0.782792834012906,0.568278678280832,0.725963056365259
Bern,881f9ca547fffff,7.72945370887003,46.5067594869889,0.763902377223506,0.563365854046651,0.737484095931565
Bern,881f9ca561fffff,7.71289293029731,46.4943106344432,0.84381381395502,0.561537441084283,0.665475525284794
Bern,881f9ca565fffff,7.70461515603672,46.4880851405348,0.918297763191952,0.57921490474828,0.630748465219997
Bern,881f9ca569fffff,7.70957370346954,46.5018957259704,0.830963013004358,0.572809096867447,0.689331640401717
Bern,881f9ca56bfffff,7.72117244784013,46.5005354167615,0.796033097868025,0.558255036843477,0.701296263105922
Bern,881f9ca56dfffff,7.70129555151531,46.4956703836145,0.89654566160723,0.585935359267742,0.653547704661624
Bern,881f9ca693fffff,7.90367648719265,46.5869582869285,1.94533743867347,1.47440369482495,0.75791668093858
Bern,881f9ca69bfffff,7.90036819782206,46.5945445631806,2.04377052496571,1.58018280986513,0.773170368474534
Bern,881f9ca76dfffff,7.67804198085249,46.5487424539836,0.678031486543759,0.587765652958163,0.866870734800645
Bern,881f9ca801fffff,7.4898224096688,46.3763964950577,1.06880568345947,1.57074767154592,1.46962885382661
Bern,881f9ca803fffff,7.50139076924742,46.3750530033999,1.09791239679976,1.44629071953334,1.31730976328261
Bern,881f9cae03fffff,7.6980224152103,46.4528701103432,1.06361682871408,0.558378606839981,0.524980981652072
Bern,881f9cae0bfffff,7.6947038051424,46.4604582921139,1.07900471912381,0.579690952862234,0.53724598473764
Bern,881f9cae15fffff,7.70961322263043,46.4515085695927,0.961817806081098,0.515243733613071,0.535697852915011
Bern,881f9cae17fffff,7.72120443414364,46.4501457422809,0.88167199488148,0.482625434664555,0.547397941032972
Bern,881f9cae1dfffff,7.7062955723633,46.4590974789082,0.975544817163913,0.534806100737578,0.548212743615774
Bern,881f9cae33fffff,7.71624677559776,46.4363281164544,0.937060580476737,0.482720359290343,0.515143171474308
Bern,881f9cae3bfffff,7.71293029033152,46.4439187820441,0.94832391390101,0.497649812232148,0.524767755971716
Bern,881f9cae41fffff,7.66820037612647,46.4707619066339,1.23710902401935,0.667383515299004,0.539470250674178
Bern,881f9cae45fffff,7.65993093935758,46.4645330130039,1.35970955760213,0.712094676467441,0.523710870815113
Bern,881f9cae47fffff,7.67152148771212,46.463176059017,1.33096302120663,0.696627796330254,0.523401315611835
Bern,881f9cae49fffff,7.664878681471,46.478346875397,1.35138514031913,0.755705881351658,0.559208369845768
Bern,881f9cae4bfffff,7.67647155552075,46.4769900910109,1.23726869895942,0.694492453495755,0.561310937615932
Bern,881f9cae4dfffff,7.65660886891387,46.4721181325955,1.34627611053652,0.729490995624571,0.541858382478357
Bern,881f9cae61fffff,7.65498510790161,46.4507172617407,1.16335031393496,0.583472468802228,0.501544944642402
Bern,881f9cae65fffff,7.64671953086316,46.4444868007266,1.73572359582435,0.868212602852056,0.500202108757826
Bern,881f9cae69fffff,7.65166324500779,46.4583034106219,1.17014406924811,0.60215200822006,0.51459647067816
Bern,881f9cae6bfffff,7.66325242678249,46.4569470146711,1.3562317052216,0.690745430333937,0.509312256655343
Bern,881f9cae6dfffff,7.64339729287068,46.4520730999889,1.25273341221005,0.641705445836349,0.512244216991279
Bern,881f9cae8dfffff,7.75598048396353,46.4460495395393,0.761163837018576,0.440947296472543,0.579306681462563
Bern,881f9caec5fffff,7.74107329691594,46.4550073185417,0.787555592304438,0.460293022276618,0.584457817040917
Bern,881f9caec7fffff,7.75266667630309,46.4536413576904,0.762533205885145,0.453412634133557,0.594613625523676
Bern,881f9caee1fffff,7.73611119606194,46.4411903861871,0.818792099778914,0.447617836934135,0.546680698378744
Bern,881f9caee9fffff,7.73279604882219,46.4487816282638,0.822950908332987,0.460156045936266,0.559153700757658
Bern,881f9caeebfffff,7.74438806573818,46.4474162273977,0.783571519479687,0.446671243285706,0.570045276252904
Bern,881f9caeedfffff,7.72452054178415,46.442555227401,0.872893589251142,0.467685540749485,0.535787576525466
Bern,881f9cb041fffff,7.43579704423344,46.6485170210924,1.83250711030824,1.80495655153822,0.984965647000745
Bern,881f9cb049fffff,7.43244965758569,46.6560732616668,1.36465682599218,1.24305439818211,0.910891569591748
Bern,881f9cb04bfffff,7.44405679882907,46.6547498194958,1.89753395000502,1.75738033470423,0.92613907366431
Bern,881f9cb04dfffff,7.42419128689026,46.649839907627,1.71974729526908,1.69813113332443,0.987430617274922
Bern,881f9cb051fffff,7.46727236199225,46.6520990729283,1.9866955015704,2.03451123090062,1.024067970805
Bern,881f9cb059fffff,7.46392725790478,46.6596566235606,1.7020463674455,1.5973217293632,0.938471336571473
Bern,881f9cb05bfffff,7.47553663520192,46.6583300499861,1.69588113909757,1.71823838112154,1.0131832600225
Bern,881f9cb05dfffff,7.45566436727435,46.653425089967,1.96274704220611,1.89259684547869,0.96425917593101
Bern,881f9cb069fffff,7.41928279280287,46.6360493006198,1.68011063789175,1.94972823797173,1.16047609841832
Bern,881f9cb06dfffff,7.41102829553811,46.6298143795515,1.60488116838697,2.0561265042683,1.28117055939716
Bern,881f9cb081fffff,7.53533612234255,46.6227607547203,1.19596127245487,2.05364795394987,1.71715255439207
Bern,881f9cb083fffff,7.54694377873785,46.6214248184827,1.09501242216185,1.91664561255119,1.75034143335763
Bern,881f9cb085fffff,7.52706781338258,46.6165313954424,1.2659953951689,2.1522448366525,1.70004159957103
Bern,881f9cb087fffff,7.53867409181528,46.6151960169307,1.16609653776732,2.03438730057891,1.74461310422384
Bern,881f9cb08bfffff,7.54360618195243,46.6289894035902,1.12417606864419,1.93949205646531,1.72525648834032
Bern,881f9cb091fffff,7.56682466848759,46.6263151265388,0.937787683513568,1.6068746998073,1.71347387906279
Bern,881f9cb099fffff,7.5634884042626,46.6338802888571,0.963331270312415,1.65206378088169,1.71494877389988
Bern,881f9cb09dfffff,7.55521521614998,46.6276529092916,1.02649341771208,1.78760992508314,1.74147237014679
Bern,881f9cb0a3fffff,7.53374391109947,46.6014007322033,1.20995818728568,2.09920061244747,1.73493649161269
Bern,881f9cb0abfffff,7.53040615517101,46.6089665051361,1.23639797095103,2.13712940243965,1.72851254422213
Bern,881f9cb0b1fffff,7.5536172145441,46.6062929999089,1.04302444856553,1.8086977684827,1.73408952299267
Bern,881f9cb0b3fffff,7.56522337174787,46.6049543155035,0.953576690835283,1.60444997085636,1.6825599726551
Bern,881f9cb0b5fffff,7.54534827315408,46.6000638933264,1.11501873300785,1.93094156239773,1.73175705953286
Bern,881f9cb0b7fffff,7.55695305382821,46.5987257668191,1.0227033517592,1.73289029472246,1.69442125298761
Bern,881f9cb0b9fffff,7.55028078955787,46.6138593505262,1.06752894803311,1.8717490378169,1.75334733663715
Bern,881f9cb0bbfffff,7.56188790568044,46.6125213960794,0.975024839951832,1.67877806550527,1.72177979136224
Bern,881f9cb0bdfffff,7.54201147537524,46.6076303964033,1.13867982362965,1.99218255281787,1.74955462587157
Bern,881f9cb0d3fffff,7.56015155396702,46.6414445681043,0.988873672136751,1.67782073988914,1.69669876665208
Bern,881f9cb0d7fffff,7.55187799242353,46.6352173415517,1.05412388201505,1.81291932928384,1.71983517327991
Bern,881f9cb0dbfffff,7.55681411746906,46.6490079640925,1.01305870089734,1.6815302558164,1.6598547096303
Bern,881f9cb105fffff,7.38807418617589,46.5821904245613,1.12835079549616,2.64077372701707,2.34038362675666
Bern,881f9cb10dfffff,7.38472598527216,46.5897503774413,1.1032676295741,2.46796748038452,2.23696174366799
Bern,881f9cb121fffff,7.38317752677128,46.5683905363373,1.47171537982536,4.01890675638593,2.73076357798396
Bern,881f9cb125fffff,7.37493500207959,46.5621507801718,1.43078650004925,4.37575992849923,3.05828991841104
Bern,881f9cb129fffff,7.37982954564504,46.5759515226038,1.09617448199558,2.87762941686116,2.62515636344905
Bern,881f9cb12dfffff,7.37158665493979,46.5697119170906,1.40579176772405,4.14545813004128,2.94884222913946
Bern,881f9cb141fffff,7.37802782445872,46.6048676347431,1.37533541103727,2.80210609411055,2.03739834779446
Bern,881f9cb145fffff,7.36978208510523,46.5986291859101,1.33819690288673,3.08729853454351,2.3070584963122
Bern,881f9cb147fffff,7.38137719807681,46.5973094475645,1.4164402550192,3.02432410586062,2.13515825686528
Bern,881f9cb149fffff,7.37467786428675,46.6124249387894,1.33089962888517,2.58933666048177,1.9455536723312
Bern,881f9cb14bfffff,7.38627531496285,46.6111053790243,1.42015476484785,2.55974370743109,1.80243996696046
Bern,881f9cb14dfffff,7.36643175876802,46.6061866412215,1.29565523898943,2.8626388347553,2.20941400814932
Bern,881f9cb163fffff,7.37648097841266,46.5835116264135,1.07232520308636,2.69932403910025,2.51726251638129
Bern,881f9cb16bfffff,7.37313182494307,46.5910708475782,1.37744086546742,3.32014099565383,2.41036917002398
Bern,881f9cb235fffff,7.44070978131069,46.6623059074866,1.86639218214824,1.59150918292431,0.852719593527482
Bern,881f9cb237fffff,7.45231830629782,46.6609819093435,1.9441170492336,1.71976521755956,0.884599627495432
Bern,881f9cb259fffff,7.44049508694554,46.712534713906,1.36296215738615,0.690657705388068,0.506732855087183
Bern,881f9cb2a1fffff,7.49875666314689,46.6556730388557,1.58152647942463,1.92068762575073,1.2144517658974
Bern,881f9cb2a3fffff,7.51036731193431,46.6543426009973,1.48807430907661,1.97965228355815,1.33034504492358
Bern,881f9cb2a9fffff,7.49541384507962,46.663231898646,1.59225285875207,1.78300395119238,1.11979949754325
Bern,881f9cb2abfffff,7.50702545222166,46.6619021915991,1.50384694260635,1.85750101624639,1.2351662683352
Bern,881f9cb2adfffff,7.48714643725932,46.6570021884683,1.65357102720591,1.82975729365388,1.10654895589558
Bern,881f9cb2b1fffff,7.53024993252202,46.6592389117731,1.29347072477686,1.89193672868235,1.46268229534822
Bern,881f9cb2b3fffff,7.54186280381828,46.6579053386928,1.18751432682138,1.8421504897652,1.55126590741527
Bern,881f9cb2b5fffff,7.52197838269108,46.6530108747422,1.38209401787833,1.99682497850992,1.44478230328734
Bern,881f9cb2b9fffff,7.52690940393338,46.6667990798189,1.52190863261235,2.0902028962861,1.3734089231745
Bern,881f9cb2bbfffff,7.53852323470185,46.6654662372348,1.2037822591231,1.77167507722185,1.47175709211103
Bern,881f9cb2bdfffff,7.51863748167944,46.660571196025,1.40141549997023,1.89634234718346,1.3531621044749
Bern,881f9cb2e5fffff,7.47219190146543,46.6658874477625,1.69102638497094,1.56809623713969,0.927304417646113
Bern,881f9cb2e7fffff,7.48380266118404,46.6645603173167,1.657460468123,1.68289563529277,1.01534586655848
Bern,881f9cb313fffff,7.41593466900945,46.6436058458674,1.6390495097138,1.77675061115757,1.08401277730031
Bern,881f9cb317fffff,7.40767980372812,46.6373710768885,1.56139373605696,1.87814687064131,1.20286563681513
Bern,881f9cb31bfffff,7.41258595825922,46.6511615072381,1.59218025684305,1.61564003595685,1.01473437383297
Bern,881f9cb323fffff,7.37132731742969,46.6199813595159,1.28370738243928,2.38861993041812,1.86071994528792
Bern,881f9cb331fffff,7.39117533010207,46.6248994192746,1.08353909361854,1.64280757698252,1.51614979713955
Bern,881f9cb335fffff,7.38292572132603,46.6186625316406,1.04326847465983,1.78933414817539,1.71512337584899
Bern,881f9cb339fffff,7.38782551657652,46.632455536753,1.0463360498794,1.506464103895,1.43975169742899
Bern,881f9cb33bfffff,7.39942669083085,46.6311356011907,1.13101051704695,1.5225566540194,1.34619142003628
Bern,881f9cb33dfffff,7.37957554094964,46.6262188008255,1.00656859932406,1.64576486865701,1.63502504425649
Bern,881f9cb401fffff,7.67459307278531,46.6569403042605,0.699267898253152,0.672420015452302,0.961605726692275
Bern,881f9cb403fffff,7.68621325314215,46.6555914204931,0.673672796073147,0.64254615366144,0.9537956073139
Bern,881f9cb407fffff,7.67792168702581,46.6493715329877,0.65923745425151,0.649429650096773,0.985122501624437
Bern,881f9cb409fffff,7.6712638726952,46.6645081923716,0.742970689820062,0.695838356455192,0.936562324717971
Bern,881f9cb40bfffff,7.68288501716785,46.6631600375426,0.715993100542655,0.661531226984269,0.923935197815302
Bern,881f9cb419fffff,7.7028016380085,46.6680290452391,0.766860324342323,0.697263732036793,0.909244760621542
Bern,881f9cb41bfffff,7.71442497018474,46.6666777446778,0.724733832370244,0.67960665239155,0.937732753787546
Bern,881f9cb431fffff,7.69286796791699,46.6404515373299,0.606519135795928,0.609964856239463,1.00568114052826
Bern,881f9cb435fffff,7.68457715848663,46.6342313417098,0.595677627339217,0.60930042432456,1.0228694118431
Bern,881f9cb437fffff,7.69619444698185,46.6328802715927,0.66014380154091,0.676866694097943,1.02533219658807
Bern,881f9cb439fffff,7.68954090334779,46.6480219203595,0.63684663248018,0.625059610876742,0.981491585254155
Bern,881f9cb43bfffff,7.70116052740955,46.6466710166932,0.502475596975053,0.498884965181077,0.992854117064407
Bern,881f9cb43dfffff,7.68124971554887,46.6418018787414,0.624370824255039,0.628055481807091,1.00590139290453
Bern,881f9cb443fffff,7.66793408662328,46.6720751971331,0.875136964428387,0.79742092175527,0.911195566143319
Bern,881f9cb44bfffff,7.66460371443739,46.6796413183573,0.926550747182799,0.821458357335729,0.886576757758163
Bern,881f9cb44dfffff,7.64469109933545,46.6747661750402,1.12995940180641,1.13148018522459,1.00134587438784
Bern,881f9cb451fffff,7.68785026944607,46.6769466333492,0.775536818973147,0.665372476854605,0.85795085491311
Bern,881f9cb453fffff,7.69947415968714,46.6755973533455,0.711115141649472,0.61811230041698,0.869215495796129
Bern,881f9cb455fffff,7.67955619529269,46.6707277713201,0.840181935928346,0.750539763497286,0.893306236902117
Bern,881f9cb457fffff,7.69117871273276,46.669379054071,0.809667180550247,0.723345096787017,0.893385719667474
Bern,881f9cb459fffff,7.68452124007503,46.6845133290572,0.825004250629996,0.679552344634154,0.823695567768566
Bern,881f9cb45bfffff,7.69614609536263,46.6831647779591,0.883344698398613,0.732832064540842,0.829610531278864
Bern,881f9cb45dfffff,7.67622678738441,46.6782946216375,0.901122293684657,0.777839797288396,0.863190049496874
Bern,881f9cb489fffff,7.75262042824392,46.6550439860724,0.484354011409759,0.530448134483905,1.09516618421304
Bern,881f9cb48bfffff,7.76424441206736,46.6536867890484,0.498730824939043,0.561309629125744,1.12547611067423
Bern,881f9cb491fffff,7.78749358441572,46.6509685178825,0.783772823826722,0.899110663235634,1.14715723217575
Bern,881f9cb499fffff,7.78417345575719,46.6585428068191,0.738847573573778,0.831566167468429,1.12549082816389
Bern,881f9cb49bfffff,7.79579961003503,46.6571824600712,0.823184442947498,0.920193926199319,1.11784659450617
Bern,881f9cb49dfffff,7.77586879777001,46.6523282997001,0.529680618468496,0.60595113985151,1.14399341551054
Bern,881f9cb4c1fffff,7.73767285149698,46.6639712677821,0.662517691017365,0.673609203835194,1.01674145908587
Bern,881f9cb4c3fffff,7.74929739876161,46.6626160911559,0.651050757651086,0.68848587312565,1.05749953445969
Bern,881f9cb4c5fffff,7.72937366997846,46.657754503727,0.666784493095787,0.678008464256178,1.0168329816854
Bern,881f9cb4c7fffff,7.7409968472357,46.6563998909168,0.652616972847635,0.690037447066498,1.05733910666709
Bern,881f9cb4cdfffff,7.7260487083261,46.6653251522408,0.688426089875338,0.67127244642758,0.97508281034081
Bern,881f9cb4d5fffff,7.76092234918399,46.6612596222167,0.487415510696883,0.532279908125935,1.09204548571897
Bern,881f9cb4d7fffff,7.77254770182798,46.6599018608194,0.855230600128502,0.954525814753112,1.11610343994905
Bern,881f9cb533fffff,7.64647809901176,46.5955474506695,0.653132517470874,0.726267151330329,1.11197518406013
Bern,881f9cb537fffff,7.63819816178745,46.5893228151186,0.583400441108391,0.657314484498233,1.12669521341022
Bern,881f9cb5c1fffff,7.67961533444286,46.6204388569792,0.639774664824009,0.670504969483298,1.04803301279169
Bern,881f9cb5c3fffff,7.69123028813464,46.6190876200445,0.558775016608276,0.582420085505818,1.04231590209789
Bern,881f9cb5c5fffff,7.67132840218996,46.6142170767866,0.632954789930021,0.672833057999411,1.06300334353074
Bern,881f9cb5c7fffff,7.68294198470406,46.6128664013278,0.624901008812407,0.654403730849001,1.04721183294721
Bern,881f9cb5cbfffff,7.6879040159712,46.6266599220813,0.573744078889276,0.593938760772082,1.03519806587268
Bern,881f9cb5d5fffff,7.70284564912715,46.6177350927498,0.557823781189991,0.584697231975847,1.04817552010516
Bern,881f9cb5ddfffff,7.69952034067455,46.6253081233365,0.567015874689001,0.589500718891649,1.03965469964131
Bern,881f9cb5e1fffff,7.66637062434386,46.6004218196213,0.621957269912367,0.660007579585839,1.06117833413031
Bern,881f9cb5e5fffff,7.65808756700014,46.5941984576323,0.557670100711829,0.596050795441976,1.06882329657114
Bern,881f9cb5e9fffff,7.66304321900537,46.6079945820039,0.631387304257265,0.681428435642081,1.07925584034934
Bern,881f9cb5ebfffff,7.67465543017612,46.6066444676866,0.620606786480243,0.653951125272036,1.05372860806261
Bern,881f9cb5edfffff,7.65475978468181,46.6017713731314,0.63738856654429,0.698501962587177,1.09588091040639
Bern,881f9cb601fffff,7.65127636190784,46.7098969641304,0.951528909549779,0.772586722597952,0.811942458966912
Bern,881f9cb603fffff,7.66290329277415,46.7085531845559,0.966461220129735,0.739873358678962,0.765548935920723
Bern,881f9cb605fffff,7.64298352469048,46.7036775960892,0.916481094561825,0.809561502514702,0.883336827478976
Bern,881f9cb607fffff,7.65460907987272,46.7023343789303,0.936097216073025,0.773016895210628,0.825786982310953
Bern,881f9cb60dfffff,7.63964984246927,46.7112394517553,0.919850499950929,0.804510039702929,0.874609558559621
Bern,881f9cb611fffff,7.68282797538552,46.7134256377336,0.939081823656652,0.652870812617755,0.695222499436277
Bern,881f9cb613fffff,7.69445710063478,46.7120787105065,0.894265548813262,0.619094991419375,0.692294355117389
Bern,881f9cb619fffff,7.67949697905936,46.7209886420708,0.9697503490497,0.650196277847108,0.670478003420429
Bern,881f9cb61bfffff,7.69112707010523,46.7196424440032,0.933582643545629,0.617593676238379,0.661530803414293
Bern,881f9cb621fffff,7.63802591351069,46.6898946164426,1.20536837028409,1.17381453039502,0.973822243334934
Bern,881f9cb623fffff,7.64964912909346,46.6885512318524,1.21716646804747,1.10803530367354,0.910339984514201
Bern,881f9cb625fffff,7.62973695963276,46.6836736605804,0.999838939322135,1.06016050435892,1.06033128203396
Bern,881f9cb627fffff,7.64135879962687,46.682330837681,1.17272606578037,1.15716194666677,0.986728256864284
Bern,881f9cb629fffff,7.63469244085468,46.6974575111374,0.981924552215216,0.945885100271091,0.963297127194935
Bern,881f9cb62bfffff,7.64631662018777,46.6961148560592,1.25164285866425,1.12056569735891,0.895275908460637
Bern,881f9cb62dfffff,7.62640311019158,46.6912367097751,1.01707340223053,1.06859307326576,1.05065482090304
Bern,881f9cb631fffff,7.66956621293937,46.6934256711418,0.901048104544747,0.72848023346879,0.808480956559864
Bern,881f9cb633fffff,7.68119162448731,46.6920791410072,0.873846779815695,0.691736210207164,0.791598969275896
Bern,881f9cb635fffff,7.66127275600516,46.6872065558565,0.874524725928066,0.755202084170387,0.863557154852254
Bern,881f9cb637fffff,7.67289679331074,46.6858605883073,0.857420691503211,0.715632832300966,0.83463443254015
Bern,881f9cb639fffff,7.66623504613796,46.7009898699538,0.938215365667596,0.736827608115566,0.785350181928932
Bern,881f9cb63dfffff,7.6579412111944,46.6947709094433,0.909750779579747,0.767004074604512,0.843092517006497
Bern,881f9cb641fffff,7.63298071732572,46.7263605092484,0.939977141240999,0.81381760482373,0.86578446338524
Bern,881f9cb645fffff,7.62468850232475,46.7201408889515,0.864382829371298,0.818999886147349,0.94749670900224
Bern,881f9cb647fffff,7.63631557339182,46.7188004228706,1.03244478497875,0.897071647176391,0.868880990274805
Bern,881f9cb649fffff,7.62964527413855,46.733919710702,0.868144193400461,0.750814796609463,0.864850335136809
Bern,881f9cb64dfffff,7.62135268218636,46.72770024551,0.840329352381576,0.795562359632814,0.946726848679166
Bern,881f9cb651fffff,7.66453474866478,46.7298949378329,0.983675748678602,0.669267594303768,0.68037419363323
Bern,881f9cb653fffff,7.67616539593544,46.7285507617913,0.988953718097884,0.642568967666853,0.649746247885842
Bern,881f9cb659fffff,7.66120161299631,46.7374554433042,0.976532948446209,0.653253695271916,0.668952026975974
Bern,881f9cb65bfffff,7.67283322588125,46.7361119967083,0.995115694261151,0.629847242146329,0.632938708311675
Bern,881f9cb65dfffff,7.65290451198403,46.7312378212332,0.951441420533808,0.691954211765155,0.727269379734312
Bern,881f9cb663fffff,7.63135838152656,46.7050195215785,0.986372946455972,0.942434762328976,0.955454795992869
Bern,881f9cb667fffff,7.62306867413016,46.6987988748262,1.02337021271308,1.06702177012425,1.04265470781629
Bern,881f9cb669fffff,7.61639804161751,46.7139205517494,0.936941808769292,0.967379886206347,1.03248662526549
Bern,881f9cb66bfffff,7.62802373539404,46.7125806475789,0.880412667623671,0.836638852744852,0.950280344106169
Bern,881f9cb681fffff,7.73267346553513,46.7004633679046,0.664625226168788,0.535516812204942,0.805742531459289
Bern,881f9cb683fffff,7.74430325018179,46.6991105405574,0.624446040997255,0.526713483725184,0.843489187446862
Bern,881f9cb687fffff,7.73599942406392,46.6928956796705,0.63261761650727,0.542799515348602,0.858021498587788
Bern,881f9cb689fffff,7.72934692079956,46.7080301722055,0.700433449744897,0.529458822514049,0.755901681604272
Bern,881f9cb68dfffff,7.72104408576137,46.7018149022728,0.722963391225666,0.557490309281172,0.771118311172076
Bern,881f9cb691fffff,7.76424038791063,46.7039699958986,0.494108710641685,0.422880829979304,0.855845729637354
Bern,881f9cb695fffff,7.75593343876414,46.6977564200853,0.497028913837372,0.437169629650728,0.8795657908018
Bern,881f9cb697fffff,7.76756403034478,46.6964010063425,0.486411282653085,0.442217142687103,0.909142444795011
Bern,881f9cb699fffff,7.76091615938321,46.7115381015668,0.506436675843372,0.406876381932856,0.803410182043554
Bern,881f9cb69dfffff,7.75260882855303,46.7053246813561,0.513013785666387,0.423452126657402,0.825420560789322
Bern,881f9cb6a5fffff,7.71109845717225,46.6742467814796,0.764875240062169,0.683954316009535,0.894203760542625
Bern,881f9cb6a7fffff,7.72272316096579,46.672894917605,0.718379504476011,0.667675565959739,0.929419007362612
Bern,881f9cb6b1fffff,7.75095264722963,46.6839728234734,0.578652092012739,0.550822650519446,0.951906435874977
Bern,881f9cb6b3fffff,7.76258090119039,46.6826172463977,0.568475245925965,0.560919847555513,0.98670936258949
Bern,881f9cb6b7fffff,7.75427646689759,46.6764026396174,0.569506707144311,0.571535638719719,1.00356261225716
Bern,881f9cb6b9fffff,7.74762824170187,46.6915421238494,0.60136498188901,0.539947363405212,0.897869645999552
Bern,881f9cb6bbfffff,7.7592574629324,46.6901872750366,0.486200356487809,0.454104491721259,0.933986340531706
Bern,881f9cb6bdfffff,7.73932479651847,46.6853271076908,0.606072282814004,0.552283554668372,0.911250308468339
Bern,881f9cb6c1fffff,7.71438847637504,46.7169461693077,0.806953632461551,0.551801775408133,0.68380852778976
Bern,881f9cb6c5fffff,7.70608663391143,46.7107304906073,0.832861897142055,0.585728757829166,0.703272367050383
Bern,881f9cb6c7fffff,7.71771657427871,46.7093809778892,0.765133813076888,0.555128571906801,0.725531354671704
Bern,881f9cb6cdfffff,7.70275756952282,46.7182949531312,0.875745683107694,0.583948719329204,0.666801710351558
Bern,881f9cb6d3fffff,7.75759134462985,46.7191053231599,0.521995153503986,0.393201731989722,0.753267016657692
Bern,881f9cb701fffff,7.59326331508066,46.6663463502205,0.81913790838662,1.17063418061073,1.42910512213556
Bern,881f9cb703fffff,7.60488061270349,46.6650065005213,0.788398753618436,1.06120806724041,1.34602961048567
Bern,881f9cb705fffff,7.58498274714023,46.6601219743062,0.786436371430728,1.19227689865372,1.51605004799647
Bern,881f9cb707fffff,7.59659866793068,46.6587826846779,0.8014359721414,1.15430499704412,1.4402959652034
Bern,881f9cb709fffff,7.58992737581872,46.6739091320612,1.02064764702364,1.43882141391202,1.40971413406755
Bern,881f9cb70bfffff,7.60154563514622,46.6725700122248,1.30299661340624,1.7403830127645,1.3356773109447
Bern,881f9cb70dfffff,7.5816464330105,46.6676849099315,0.906658241005646,1.35302710704108,1.49232317740842
Bern,881f9cb711fffff,7.62478339776197,46.6698879015973,0.77509965830349,0.900409545273358,1.16166938744902
Bern,881f9cb713fffff,7.63640289918333,46.6685449105093,1.09529938276822,1.18541558046499,1.08227540261094
Bern,881f9cb715fffff,7.61649832494595,46.6636653606851,1.24013958416953,1.55726311012303,1.25571599358783
Bern,881f9cb719fffff,7.62144975834506,46.6774519889727,0.796219730170595,0.917987743639808,1.15293267530952
Bern,881f9cb71bfffff,7.63307022258596,46.6761097274293,1.13510790165436,1.2158643988316,1.07114433531786
Bern,881f9cb71dfffff,7.61316430943843,46.6712296021197,1.27375428650033,1.59108413519262,1.24912956294276
Bern,881f9cb721fffff,7.58004003343227,46.6463329122564,0.86163566944666,1.38381335405239,1.6060307193887
Bern,881f9cb725fffff,7.57176334328649,46.6401069566788,0.907809772766443,1.51545397186721,1.66935190315152
Bern,881f9cb729fffff,7.57670393111474,46.6538968849818,0.882708463979899,1.40566209126028,1.59244206736449
Bern,881f9cb72dfffff,7.56842686679383,46.6476710827478,0.931054112976912,1.5398345285057,1.65386147490644
Bern,881f9cb761fffff,7.56175215491194,46.6627966845886,1.02139331726483,1.60779486295935,1.57411923084128
Bern,881f9cb763fffff,7.57336724248986,46.6614599742267,0.838330139801409,1.31134333095607,1.56423259608287
Bern,881f9cb765fffff,7.55347609463688,46.656570476634,1.08943393681103,1.75083500260868,1.60710525296623
Bern,881f9cb767fffff,7.56508980404627,46.6552343254469,0.886005409360356,1.43649720479178,1.62131877482424
Bern,881f9cb76dfffff,7.55013748533862,46.6641321055414,1.10706446266125,1.7069982088181,1.54191401349357
Bern,881f9cb929fffff,7.28804742900062,46.4355731994719,0.729727352802083,6.55431150469047,8.98186354057107
Bern,881f9cb92bfffff,7.29961367839847,46.4342538492611,0.744711203833284,6.276351404312,8.42789979794243
Bern,881f9cb92dfffff,7.27983154026516,46.4293227608132,0.875615770123011,8.12501593188242,9.27920237290949
Bern,881f9cb941fffff,7.28621570521034,46.4645249444656,0.855709185300084,7.67002573215329,8.96335561650367
Bern,881f9cb945fffff,7.27799698775246,46.458275644988,0.849472490078883,7.954257211759,9.36376080998262
Bern,881f9cb947fffff,7.28956607548861,46.456958490543,0.857658964874568,7.63115700280102,8.8976589942333
Bern,881f9cb949fffff,7.28286475006093,46.4720905181527,0.798207439011763,7.16641942811073,8.97814161815287
Bern,881f9cb94bfffff,7.2944361682028,46.4707735475635,0.869226965473289,7.39726671354712,8.51016708797035
Bern,881f9cb961fffff,7.27313110841643,46.4444588997809,0.854553438047804,8.21371349969361,9.61170259692306
Bern,881f9cb965fffff,7.26491624208742,46.4382080613326,0.864735505364066,8.53754853396678,9.87301721856829
Bern,881f9cb967fffff,7.27648161659102,46.4368912701112,0.862794407077664,8.16973910648877,9.46892914403578
Bern,881f9cb969fffff,7.26978001561139,46.452025649632,0.850752349427028,8.25550306908468,9.70376758247529
Bern,881f9cb96bfffff,7.28134771947756,46.4507090430181,0.852144044045945,7.91260186117972,9.28552152240719
Bern,881f9cba07fffff,7.34198239355607,46.5371847316223,1.28883857776356,6.09680650073764,4.73046555707313
Bern,881f9cba11fffff,7.37004235354607,46.5483481516665,1.07093580213975,3.77786398888036,3.52762880961877
Bern,881f9cba13fffff,7.38162993872788,46.5470258600531,1.11642212029112,3.62769062594799,3.24938977830538
Bern,881f9cba15fffff,7.36180369244884,46.5421068400132,1.04092381629565,4.09204999539335,3.93117145686587
Bern,881f9cba17fffff,7.37338989472847,46.5407851003606,1.08328506150105,3.91698187365613,3.61583669235554
Bern,881f9cba19fffff,7.36669422662826,46.5559103211166,1.05673520406822,3.61874627546525,3.42445890089947
Bern,881f9cba1bfffff,7.37828276329865,46.5545887610964,1.10222785355489,3.48291288210788,3.15988465622134
Bern,881f9cba1dfffff,7.35845520020136,46.5496691596727,1.35615605947901,5.19026023688115,3.82718507991999
Bern,881f9cba21fffff,7.32551658041224,46.5246975000278,0.930078326069773,5.33587520097311,5.7370170354586
Bern,881f9cba23fffff,7.33709819892866,46.5233786967229,0.957064838415438,5.09595008941686,5.32456097525635
Bern,881f9cba25fffff,7.31728629586144,46.518452834154,0.906595614424038,5.68061541440285,6.26587568263471
Bern,881f9cba27fffff,7.32886653029119,46.5171345811859,0.930533611514636,5.4307662383223,5.83618492778848
Bern,881f9cba2bfffff,7.33374861290483,46.5309414660176,1.25686375640093,6.56497037025961,5.22329515576027
Bern,881f9cba2dfffff,7.31393539695782,46.5260150210084,1.19731041144204,7.34944937414918,6.13829906089057
Bern,881f9cba31fffff,7.35691505137298,46.5283014753033,1.01994235548387,4.53848008543904,4.44974175357778
Bern,881f9cba39fffff,7.35356677979101,46.5358648266376,1.01207255119411,4.42028284413897,4.36755530907705
Bern,881f9cba3bfffff,7.36515159901543,46.5345436386104,1.05112824918562,4.22226970072722,4.01689299474018
Bern,881f9cba3dfffff,7.34533161535641,46.5296221120405,0.98419834353521,4.75700625216888,4.83338168918458
Bern,881f9cbae9fffff,7.38497652849821,46.5394620772304,1.12905284435572,3.75210381430369,3.32323135543295
Bern,881f9cbaedfffff,7.37673685030633,46.5332211673877,1.09440338559523,4.03339415837147,3.68547302709391
Bern,881f9cbb01fffff,7.28103028377892,46.5010299650158,0.832651884121429,6.87701620272418,8.25917329182586
Bern,881f9cbb03fffff,7.29260592768739,46.4997146422387,0.841055132885065,6.62272822241103,7.87430926162134
Bern,881f9cbb05fffff,7.27280837408331,46.4947819559043,0.819848415804786,7.16757771906219,8.74256457765586
Bern,881f9cbb07fffff,7.28438263273045,46.4934671818394,0.823822449089546,6.90796906257974,8.38526441008512
Bern,881f9cbb0bfffff,7.28925394069621,46.507277276583,0.849079460194254,6.57689285325748,7.74590973117263
Bern,881f9cbb19fffff,7.30905775903527,46.5122074688971,0.883531101724659,6.01124078286945,6.80365498298301
Bern,881f9cbb1dfffff,7.30083096971644,46.5059614047583,0.861377296599396,6.3250978734756,7.34300509015765
Bern,881f9cbb21fffff,7.26794128316103,46.4809701694063,0.803116306204468,7.46632183692812,9.29668813750527
Bern,881f9cbb23fffff,7.27951320991013,46.4796552114145,0.803364546808285,7.18481316718841,8.94340333505281
Bern,881f9cbb27fffff,7.27129376972438,46.4734062083718,0.796257755835165,7.45806152842142,9.36639106340501
Bern,881f9cbb29fffff,7.2645882113911,46.4885332497498,0.811452824843972,7.45435571488571,9.18643140631009
Bern,881f9cbb2bfffff,7.27616108462769,46.4872190240615,0.810909803528123,7.18702616812526,8.862916858146
Bern,881f9cbb2dfffff,7.25636979548386,46.4822838470534,0.807695720784481,7.74171801491221,9.58494370552441
Bern,881f9cbb35fffff,7.29108557481207,46.4783389729238,0.811030192479823,6.90596562136808,8.51505367543994
Bern,881f9cbb39fffff,7.29595732930607,46.492151126864,0.834187473282865,6.64424857947363,7.96493449287344
Bern,881f9cbb3dfffff,7.2877343963647,46.4859035177457,0.816292639961457,6.91590766634501,8.4723386292832
Bern,881f9cbb53fffff,7.30570649706789,46.5197698050804,0.888121725790963,5.92862789357315,6.67546769931014
Bern,881f9cbb57fffff,7.29747934505324,46.513523890105,0.867961719810171,6.2617778786012,7.21434797835404
Bern,881f9cbb61fffff,7.24966117425324,46.4974076619202,1.08404898477872,10.0783717284186,9.29697077339716
Bern,881f9cbb63fffff,7.26123455428441,46.4960954492131,1.08075979132396,9.77299180027873,9.04270484406764
Bern,881f9cbb65fffff,7.24144378409638,46.4911578598617,0.820466969115993,7.94310694707512,9.68120259080433
Bern,881f9cbb67fffff,7.2530157775743,46.489846194965,0.815361506633612,7.70912437969435,9.45485446268251
Bern,881f9d9a25fffff,8.29383549202114,46.7561473871023,1.64002186353586,2.65735751768654,1.62031834865745
Bern,881f9d9a39fffff,8.33066016791315,46.7732791936459,1.20401982578814,2.52433357110954,2.09658804368701
Bern,881f9d9a95fffff,8.42076389592831,46.7695403051656,0.559928402102689,1.77354410862716,3.16744802008079
Bern,881f9d9b4dfffff,8.22713322999554,46.7569889483407,2.70544102440827,2.9854958442576,1.10351540370782
Bern,881f9dd209fffff,7.99680723690069,46.6262712696005,0.702878001898499,0.253407635222229,0.360528618818296
Bern,881f9dd20bfffff,8.00843946333342,46.6248869037402,0.637819326844836,0.222770117738248,0.349268371719381
Bern,881f9dd219fffff,8.02840532476215,46.6297038278936,0.602293202479753,0.206998520890817,0.34368397325184
Bern,881f9dd21dfffff,8.02007207194511,46.623501242575,0.605263418560021,0.208182864226463,0.343954149288834
Bern,881f9dd241fffff,7.9818717608973,46.6352409815101,0.830440089252933,0.315243699037201,0.379610405514978
Bern,881f9dd243fffff,7.99350457761798,46.633858636199,0.721656932080057,0.261271367612361,0.36204373019641
Bern,881f9dd24bfffff,7.99020133454497,46.6414451214598,0.746540020464904,0.272314666681853,0.364769013337383
Bern,881f9dd24dfffff,7.97023932857384,46.6366220316582,0.983290416863378,0.396449212048454,0.403186286827749
Bern,881f9dd255fffff,8.00513777779587,46.6324749955853,0.650335074616222,0.227790214654361,0.350265922207541
Bern,881f9dd257fffff,8.01677136049073,46.6310900595298,0.612197057236372,0.210769738928874,0.344284142560808
Bern,881f9dd345fffff,7.91529805003566,46.5855817823929,1.56813605280787,1.09405424737044,0.697678141773126
Bern,881f9dd349fffff,7.9203067195401,46.5993785606999,1.55107508364038,1.0256408302608,0.661245120290126
Bern,881f9dd34dfffff,7.91199073043232,46.5931687846966,1.88389854489263,1.34180789647831,0.712250614618307
Fribourg,881f8220b1fffff,6.94802272992471,46.9245735239141,2.51323868811168,2.4122191090579,0.959805019900566
Fribourg,881f8220b3fffff,6.95964362355892,46.9233145801227,2.95410453705113,2.75766711518101,0.933503564479067
Fribourg,881f8220b7fffff,6.95141921553733,46.917068168812,2.96630516599434,2.75223608927029,0.92783309041223
Fribourg,881f822187fffff,6.87548792789392,46.8895887296384,2.04059593147641,2.65443442307248,1.30081334679127
Fribourg,881f8221a7fffff,6.86247178316533,46.8695784240075,1.66813580925074,1.99600316887621,1.19654716229174
Fribourg,881f8221b1fffff,6.89049892016659,46.8808300969871,1.95879690730568,2.15045737769783,1.09784601439655
Fribourg,881f8221b5fffff,6.88228830448597,46.874578238163,1.93962915877736,2.15150265736969,1.10923402426363
Fribourg,881f8221b7fffff,6.89389786855699,46.873323667317,1.91161114327442,1.9077952903219,0.998003855038224
Fribourg,881f8221b9fffff,6.88709937872045,46.8883356354074,2.03151714804854,2.41885233038756,1.19066301395048
Fribourg,881f8221bdfffff,6.87888841275318,46.8820839295609,1.97022404842951,2.3897698752615,1.21294320672129
Fribourg,881f822413fffff,7.11180497323762,46.9781262717613,0.971953620756769,0.679700657857735,0.699313880150491
Fribourg,881f822433fffff,7.09869257146844,46.9581441811239,0.577627049582731,0.420985604013287,0.728819061221943
Fribourg,881f822435fffff,7.07881326882847,46.9531778101699,0.516232037420838,0.394034987072647,0.763290455666598
Fribourg,881f822437fffff,7.09044588933356,46.951906555678,0.55243654924001,0.406080017554979,0.735070874860878
Fribourg,881f822483fffff,7.16174321167622,46.9655127608641,0.972986698003783,0.622899970954024,0.640193717172074
Fribourg,881f822485fffff,7.14185008880661,46.9605562841103,0.901720423433934,0.601233070376665,0.666762174562985
Fribourg,881f822487fffff,7.15348735436831,46.9592787665834,1.31736335954141,0.86911335604094,0.65973700402863
Fribourg,881f822491fffff,7.18164137246033,46.9704661281775,0.94385997709047,0.578513906731937,0.612923442855641
Fribourg,881f822493fffff,7.19328235808832,46.9691849210104,1.15476133935967,0.721156240942333,0.624506741230378
Fribourg,881f822495fffff,7.17338233839027,46.9642333990531,0.817691740290711,0.52441613511115,0.641337204806187
Fribourg,881f822497fffff,7.18502191719926,46.96295274681,0.700380306405332,0.456755869429624,0.652154072940601
Fribourg,881f822499fffff,7.17826023461102,46.9779786173717,1.1791969768944,0.681763974275726,0.578159533677961
Fribourg,881f82249bfffff,7.18990217597264,46.976698145946,1.08379852196258,0.630207580002429,0.581480383329208
Fribourg,881f8224a1fffff,7.13698094694194,46.9468086484645,1.00796027604515,0.667396936322974,0.662126228765271
Fribourg,881f8224a3fffff,7.14861585057904,46.9455309485365,0.915990602711105,0.604938196588047,0.660419653648826
Fribourg,881f8224a5fffff,7.12873039637107,46.9405725256249,1.05166313427343,0.68093205342436,0.647481147938877
Fribourg,881f8224a7fffff,7.14036389202251,46.9392953789807,1.01399155771715,0.651255344953726,0.64226900115414
Fribourg,881f8224a9fffff,7.13359740890703,46.9543210261358,0.939750201445095,0.633866188329306,0.674504977338214
Fribourg,881f8224abfffff,7.14523326619892,46.9530440622838,0.968899766426903,0.646329035345053,0.667075230834844
Fribourg,881f8224adfffff,7.12534649806621,46.9480850589803,1.1358437643567,0.762561166207886,0.671360965422719
Fribourg,881f8224b1fffff,7.16850634240266,46.9504862653226,0.702237237448565,0.475993723296809,0.677824669375601
Fribourg,881f8224b3fffff,7.18014355944754,46.9492054318901,0.486826113323794,0.34022542240947,0.698864364704245
Fribourg,881f8224b5fffff,7.16025120804458,46.9442519590342,0.784077101352245,0.524401880442685,0.668814175976169
Fribourg,881f8224b7fffff,7.17188701840538,46.9429716797961,0.537405559803514,0.37039446857717,0.689227087104559
Fribourg,881f8224b9fffff,7.16512507353708,46.957999959072,0.80389962178183,0.531239369099183,0.660827987357053
Fribourg,881f8224bbfffff,7.17676324537908,46.9567198614143,0.673111683950148,0.452135366754529,0.671709283222033
Fribourg,881f8224bdfffff,7.15686957767526,46.9517658087333,0.840333255542404,0.560845507475617,0.66740844037359
Fribourg,881f8224c5fffff,7.12344323575317,46.9768528064753,1.11076461404391,0.74993888200349,0.675155539275977
Fribourg,881f8224d1fffff,7.16323605857659,46.986768658858,1.81777658629282,1.02634098491199,0.564613381342486
Fribourg,881f8224d3fffff,7.17487850351881,46.9854902142126,1.73383128465574,0.95497973975116,0.550791618655548
Fribourg,881f8224d7fffff,7.16661874512152,46.9792577979548,1.50096786624815,0.878009877200334,0.584962474509881
Fribourg,881f8224e1fffff,7.11857692223835,46.9631074498587,1.00761836270733,0.701780520419156,0.696474524872265
Fribourg,881f8224e3fffff,7.1302132777855,46.9618325118147,1.16136163054723,0.78911849454614,0.679476980976466
Fribourg,881f8224e5fffff,7.11032706060899,46.9568710853934,0.707680559653978,0.499552383834552,0.705900956328106
Fribourg,881f8224e7fffff,7.12196200673274,46.9555967004516,1.01659416610026,0.699017960799154,0.687607684667956
Fribourg,881f8224e9fffff,7.11519124445077,46.9706173070218,0.96825693560509,0.67739399960285,0.69960149490644
Fribourg,881f8224ebfffff,7.12682855344499,46.969343105321,1.11865866697296,0.759424725380943,0.678870818956702
Fribourg,881f8224edfffff,7.10694102309832,46.9643810984049,0.660709790142569,0.474047554939465,0.717482262276111
Fribourg,881f822581fffff,7.09236054075408,46.9231341085344,1.15845775271021,0.727857480089193,0.628298682784395
Fribourg,881f822583fffff,7.1039893545091,46.9218599079773,1.32057119175672,0.784963447456215,0.594412063776734
Fribourg,881f822585fffff,7.08411847180306,46.9168946029639,1.13400734614201,0.713040667311744,0.628779583957345
Fribourg,881f822587fffff,7.09574587641572,46.91562095405,0.805694596076001,0.473425644755458,0.587599379543064
Fribourg,881f82258bfffff,7.10060437762858,46.9293729074207,0.855113763195692,0.543203626571184,0.635241356122193
Fribourg,881f822591fffff,7.12386527962378,46.9268221137898,1.52504873690922,0.902538122090549,0.591809363364809
Fribourg,881f822593fffff,7.13549641442386,46.925544783982,1.21102152610474,0.708865437089512,0.585345034592065
Fribourg,881f822595fffff,7.11561862532871,46.9205844191534,1.55760762697439,0.887550891490537,0.569816734407356
Fribourg,881f822597fffff,7.12724835228157,46.9193076419001,1.31053611281288,0.729349333653013,0.556527459657384
Fribourg,881f822599fffff,7.12048161425981,46.9343356942642,1.01593514377457,0.63792752716934,0.627921507665546
Fribourg,881f82259bfffff,7.13211370177955,46.9330591005653,1.10971375300839,0.685308759519141,0.617554533915882
Fribourg,881f82259dfffff,7.11223460038146,46.9280981548819,1.33534546866154,0.813033340239218,0.608856179408124
Fribourg,881f8225a3fffff,7.09088926733945,46.9018670930739,1.06239194428253,0.591495084047385,0.556757877571108
Fribourg,881f8225a7fffff,7.08264968221798,46.895626571989,0.984442491701864,0.56485888381583,0.573785557386217
Fribourg,881f8225b1fffff,7.11075753023606,46.9068312351361,1.71992515140446,0.896532744566093,0.521262651362475
Fribourg,881f8225b5fffff,7.10251476987958,46.900591971453,1.24951429492984,0.649592832370155,0.519876271128717
Fribourg,881f8225b7fffff,7.11414072934658,46.8993155620993,1.4062417316309,0.698827038529961,0.496946593754896
Fribourg,881f8225b9fffff,7.10737373866759,46.9143460171556,1.18693085014968,0.658769325253212,0.55501912783726
Fribourg,881f8225bdfffff,7.09913061941355,46.908106908296,1.13621129711246,0.625162547481315,0.550216803045426
Fribourg,881f8225c1fffff,7.07395783263755,46.939429182289,0.55907582696811,0.414541831083257,0.741476935841303
Fribourg,881f8225c9fffff,7.0705697668247,46.9469389252071,0.526350899515772,0.405334492966125,0.770084165029491
Fribourg,881f8225cbfffff,7.08220097646592,46.9456682225666,0.546665487693742,0.403670530027209,0.738423293795634
Fribourg,881f8225cdfffff,7.06232803400395,46.9406993334168,0.554978054300862,0.431218398382382,0.777000811186333
Fribourg,881f8225d9fffff,7.10207896832963,46.9506340124245,0.632854530348774,0.448594267728861,0.708842626885575
Fribourg,881f8225ddfffff,7.09383264517294,46.9443962314512,0.614627644052162,0.435168562217683,0.708019833518506
Fribourg,881f822803fffff,6.7689016105862,46.808255182177,0.517881001865803,0.211352169086149,0.408109523857213
Fribourg,881f822811fffff,6.78868439236718,46.8132691992874,0.486642523576341,0.225748335618554,0.463889456185471
Fribourg,881f822813fffff,6.80027930275179,46.8120213446202,0.579546559444969,0.283358505561149,0.488931391176786
Fribourg,881f822815fffff,6.78049462125364,46.8070091489904,0.473771564293581,0.1990601949098,0.420160705944033
Fribourg,881f822817fffff,6.79208811292855,46.8057618357337,0.561074647387817,0.245854159790078,0.438184403687987
Fribourg,881f822819fffff,6.78528007935058,46.8207756727316,0.547314454888833,0.271697629839528,0.496419612916516
Fribourg,881f82281bfffff,6.79687592842614,46.8195285569631,0.499688392691332,0.261905245367506,0.524137140662561
Fribourg,881f82281dfffff,6.77708996243003,46.8145157735952,0.534980073933947,0.237969114639481,0.444818650701488
Fribourg,881f822833fffff,6.78730216185,46.7919932299653,0.683522876163207,0.266358857242938,0.389685358796008
Fribourg,881f822891fffff,6.869858802925,46.8045073196631,0.328662636983184,0.169591797851525,0.516005711535145
Fribourg,881f822893fffff,6.8814570506715,46.803250497782,0.313720370748793,0.161155762940476,0.513692376927346
Fribourg,881f822897fffff,6.87325594559743,46.7969947868538,0.245190060085666,0.123506529269467,0.503717521119397
Fribourg,881f822899fffff,6.86646106828557,46.8120189628578,0.442022480579978,0.241042347813692,0.545316942924307
Fribourg,881f82289bfffff,6.87806025723479,46.8107628790273,0.394395107538136,0.208365779360556,0.528317353278547
Fribourg,881f8228b3fffff,6.86845350393327,46.7832248075573,0.158968524921301,0.0791312056650238,0.497779077362633
Fribourg,881f8228c1fffff,6.82006906531769,46.8170304833128,0.578460161598923,0.336161315243362,0.581131316483711
Fribourg,881f8228c5fffff,6.81187469266393,46.8107722094254,0.528657049866383,0.272677839422955,0.515793442065841
Fribourg,881f8228c9fffff,6.81666697707426,46.8245382830118,0.660449540461744,0.419108679865235,0.634580924338627
Fribourg,881f8228cbfffff,6.82826520288768,46.8232880634005,0.663441244967482,0.433858992756792,0.653952397514956
Fribourg,881f8228cdfffff,6.80847225738862,46.8182801605462,0.895376714390112,0.496897676870431,0.554959347149087
Fribourg,881f8228d3fffff,6.86306274154837,46.8195297162566,0.576769677128479,0.342698801722182,0.594169241747159
Fribourg,881f8228d9fffff,6.84806322609535,46.8282929052981,0.840495471524598,0.59406015494226,0.706797567706913
Fribourg,881f8228dbfffff,6.8596638225825,46.8270395796781,0.882125312678503,0.586010456257104,0.664316563457101
Fribourg,881f8228ddfffff,6.83986390618534,46.8220365625159,0.684168024411935,0.446111045988362,0.652048955915192
Fribourg,881f8228e9fffff,6.80368208469147,46.8045132422383,0.49927158193269,0.230397620211415,0.461467522985269
Fribourg,881f8228edfffff,6.79549124116527,46.7982535822516,0.479894603828521,0.201394857940218,0.419664768750311
Fribourg,881f822a83fffff,6.82625714835653,46.852064766685,1.50188615496971,1.48773071326478,0.990574890341661
Fribourg,881f822a91fffff,6.84606222181383,46.8570701299723,0.947664886503894,1.03520391864439,1.09237340476278
Fribourg,881f822a93fffff,6.85766705945572,46.8558184759326,1.01399767841408,1.05414888086484,1.03959693725685
Fribourg,881f822a95fffff,6.83786009114132,46.8508149385235,1.60295416745064,1.61550403882785,1.00782921410484
Fribourg,881f822a97fffff,6.84946351100367,46.8495638282691,0.872648446800026,0.855545396951173,0.980400985171555
Fribourg,881f822a9bfffff,6.85426611907707,46.8633246253002,1.62181197982691,1.87454358106652,1.15583286125842
Fribourg,881f822a9dfffff,6.83445786068624,46.8583205016303,1.66415045850872,1.82995356175134,1.09963227927792
Fribourg,881f822aa1fffff,6.80166560936552,46.8332933921586,0.581380167076889,0.379843867121648,0.653348512095723
Fribourg,881f822aa3fffff,6.81326429632238,46.8320451924508,0.56037903063502,0.389312725927415,0.694731074227111
Fribourg,881f822aa5fffff,6.79347196158382,46.827034879086,0.560006982739053,0.316798938525336,0.565705336343913
Fribourg,881f822aa7fffff,6.80506922966606,46.8257872215176,0.52135871388671,0.313703883827814,0.601704499171334
Fribourg,881f822aabfffff,6.8098610229313,46.8395512114492,0.619040207127655,0.468733728575472,0.757194319817118
Fribourg,881f822ab1fffff,6.8330617125321,46.8370524455613,0.655932733664356,0.535657394134846,0.816634643528775
Fribourg,881f822ab3fffff,6.84466277371494,46.8358011401767,1.29927663693706,1.04060439427572,0.800910571846243
Fribourg,881f822ab7fffff,6.83646310560859,46.8295449491885,0.786005507120611,0.573189890493331,0.729244115086557
Fribourg,881f822ab9fffff,6.82965972682506,46.8445590514537,0.703909690976417,0.638201962774351,0.906653184287148
Fribourg,881f822abbfffff,6.84126172877391,46.8433084846454,0.765024586546225,0.692126611435847,0.904711591767942
Fribourg,881f822abdfffff,6.82146112863037,46.8383024692629,0.62183897747074,0.496666257985658,0.798705574883376
Fribourg,881f822c03fffff,6.98874142540612,46.8344504412201,0.644688660803812,0.564331050059093,0.875354390994676
Fribourg,881f822c13fffff,7.02018430322973,46.8381605759836,1.18850270521051,1.02754860725241,0.864574058390898
Fribourg,881f822c15fffff,7.00035096325175,46.8331826486009,0.680411984040762,0.604684621787478,0.888703661855627
Fribourg,881f822c17fffff,7.01196096524001,46.8319135715664,0.733392058666041,0.647154796925447,0.882413150344918
Fribourg,881f822c21fffff,6.96409045880007,46.8157019437732,0.779356329621891,0.642979192996954,0.825013114744188
Fribourg,881f822c23fffff,6.97569576455055,46.8144357917072,0.7925092215399,0.685378279236182,0.864820573197174
Fribourg,881f822c29fffff,6.96069943308879,46.8232175570182,0.680211507230034,0.542485009661557,0.797524011128055
Fribourg,881f822c2bfffff,6.97230568347287,46.8219521421164,0.719332024326162,0.604415822304186,0.840245953001156
Fribourg,881f822c31fffff,6.99551958192866,46.8194174611183,0.828338972390853,0.737897822645537,0.890816256677778
Fribourg,881f822c33fffff,7.00712722815099,46.8181481946937,1.5222423739691,1.35737275993783,0.891692928241522
Fribourg,881f822c35fffff,6.98730153614828,46.8131683560874,0.865750714775834,0.771203831046644,0.890792023482567
Fribourg,881f822c37fffff,6.99890777266892,46.8118996367496,1.60223963851381,1.4427529228094,0.900460136005407
Fribourg,881f822c39fffff,6.99213079955146,46.8269343960024,0.725906641733777,0.640279179409583,0.882040668315586
Fribourg,881f822c3bfffff,7.0037393915494,46.8256658664446,0.779761959821869,0.693749649976602,0.889694144781164
Fribourg,881f822c3dfffff,6.98391240006102,46.8206854435378,0.768755102052842,0.670949808914934,0.872774446794911
Fribourg,881f822c51fffff,6.99018212686918,46.8557276556858,1.031450470209,0.921169750906743,0.893081905057536
Fribourg,881f822c53fffff,7.00179496790358,46.8544607895275,0.563761174803191,0.508506157982401,0.901988609201264
Fribourg,881f822c55fffff,6.9819609012857,46.8494798619301,1.09563335357755,0.950835477562291,0.867840938264201
Fribourg,881f822c57fffff,6.99357233104301,46.8482135434029,0.589209464385849,0.525117660304381,0.89122407572276
Fribourg,881f822c59fffff,6.98679133047384,46.8632408776483,0.986614010355137,0.881696932796234,0.893659448925586
Fribourg,881f822c5bfffff,6.99840511800136,46.8619747485919,0.996356174062578,0.904966027622553,0.90827562590656
Fribourg,881f822c81fffff,7.05840559610303,46.8268244160019,0.811544341812195,0.593676702507129,0.731539451290408
Fribourg,881f822c83fffff,7.07001790491527,46.8255489144383,0.792447611775719,0.55340308643884,0.698346588740135
Fribourg,881f822c89fffff,7.05502131092369,46.8343439915838,0.773475451741175,0.562993875390219,0.727875557165855
Fribourg,881f822c8bfffff,7.06663456779306,46.8330692262897,0.766126305288405,0.52675149142558,0.687551762404616
Fribourg,881f822c8dfffff,7.04679374680294,46.8280986323336,0.825941018486956,0.638792376659985,0.773411614585011
Fribourg,881f822c91fffff,7.08986245742751,46.830515838984,0.790707447358184,0.513044586744217,0.648842487140268
Fribourg,881f822c93fffff,7.10147708833797,46.8292372166479,1.462959393246,0.956728089084078,0.653967631296518
Fribourg,881f822c95fffff,7.08163067231295,46.8242721274803,0.791452617268531,0.53607893051284,0.677335470015831
Fribourg,881f822c97fffff,7.09324389736906,46.8229940549656,0.830948154805677,0.556645631367449,0.669892132437101
Fribourg,881f822c99fffff,7.0864804261094,46.83803673362,1.30861972335151,0.823187963745337,0.62905055537224
Fribourg,881f822c9dfffff,7.0782482836034,46.8317931754772,0.764958736219997,0.505132752004184,0.660339869442201
Fribourg,881f822cb3fffff,7.08839367590855,46.8092273638513,1.35536047151107,0.970258897586887,0.715867784239834
Fribourg,881f822cbbfffff,7.08501246970417,46.8167501902109,0.823775269560378,0.573668432362633,0.696389480918481
Fribourg,881f822cc5fffff,7.03179617771539,46.8368896662677,0.74104432208316,0.611135549235405,0.824695002746169
Fribourg,881f822cc7fffff,7.04340851392222,46.8356174715221,0.768250934044552,0.596262562145297,0.776129954058369
Fribourg,881f822cd1fffff,7.0714817317031,46.8468326029255,1.36397213384239,0.872422208867353,0.639618792218054
Fribourg,881f822cd3fffff,7.08309780328314,46.8455567386918,1.50415057493292,0.922232435401688,0.61312507588731
Fribourg,881f822cd5fffff,7.06325063914781,46.8405886486143,1.26212711276759,0.860647657586703,0.681902519073122
Fribourg,881f822cd7fffff,7.07486530344396,46.8393133340196,1.27275957809371,0.823810389234424,0.647263162197764
Fribourg,881f822cd9fffff,7.06809756824925,46.8543509820133,1.32541722287919,0.845932251550422,0.638238463291442
Fribourg,881f822cddfffff,7.059866118848,46.8481071812305,1.32822015433464,0.905907353941269,0.682046083237664
Fribourg,881f822ce1fffff,7.02695796597802,46.8231249542889,0.876298172443424,0.746034974278629,0.851348316975744
Fribourg,881f822ce9fffff,7.02357143044524,46.8306432099527,0.785587769162838,0.673277231108376,0.857036295035314
Fribourg,881f822cebfffff,7.03518235794158,46.8293715635962,0.819111123166667,0.669975052660495,0.817929379435583
Fribourg,881f822cedfffff,7.01534844733341,46.8243960525947,0.836149095408902,0.734685884870904,0.878654164556167
Fribourg,881f822d09fffff,6.91625462871432,46.7994723412829,0.391308298051479,0.243904244181082,0.623304553968327
Fribourg,881f822d0dfffff,6.90804928268999,46.7932182623761,0.300212902736908,0.178902673208452,0.595919334503865
Fribourg,881f822d13fffff,6.96265797955214,46.7944168477666,0.890068073227442,0.803039496287178,0.902222560770331
Fribourg,881f822d31fffff,6.93803028924065,46.7756590601047,0.53641131947688,0.466848021144184,0.87031724386328
Fribourg,881f822d37fffff,6.94142094861928,46.7681401719353,0.590250207874448,0.547780114493217,0.928047304660559
Fribourg,881f822d41fffff,6.90126005453071,46.8082468657389,0.652241342359333,0.359121775447282,0.550596461960294
Fribourg,881f822d47fffff,6.90465496448805,46.800733008758,0.338502133061276,0.191701205807301,0.566322002386315
Fribourg,881f822d49fffff,6.89786455268714,46.8157598331369,0.473739336887728,0.261048852002803,0.551039003258175
Fribourg,881f822d4dfffff,6.88965991962382,46.8095055133764,0.379301794597902,0.200487435939083,0.528569700419213
Fribourg,881f822d55fffff,6.92446173820924,46.8057257238397,0.527571417121543,0.345387349730999,0.654674113346494
Fribourg,881f822d61fffff,6.88824886198597,46.7882230668427,0.197898303161162,0.104986244089435,0.530506034728039
Fribourg,881f822d63fffff,6.89984569990436,46.7869634876191,0.227611413035249,0.130587638743452,0.573730627133483
Fribourg,881f822d65fffff,6.8800484555646,46.781967053118,0.158780943393975,0.0824858636222411,0.519494731918635
Fribourg,881f822d67fffff,6.89164388012539,46.780708017512,0.176833806474254,0.0983591320053377,0.556223574928576
Fribourg,881f822d69fffff,6.88485325221161,46.7957372269933,0.241176935086593,0.124300526860058,0.51539143581632
Fribourg,881f822d6bfffff,6.89645103154965,46.794478385556,0.257362419704539,0.140380103859557,0.54545688535536
Fribourg,881f822d6dfffff,6.87665249643371,46.7894813646115,0.1903943078387,0.096295341273059,0.505767963161165
Fribourg,881f822d81fffff,7.0008521660322,46.7830911143606,1.09352075472372,1.02221655568718,0.934793922540085
Fribourg,881f822d83fffff,7.01245462188516,46.7818194480684,1.09378041416683,0.986088458294554,0.901541521060874
Fribourg,881f822d85fffff,6.99263729781838,46.776840701608,0.903686800494693,0.869751430341239,0.96244786342472
Fribourg,881f822d87fffff,7.00423834554253,46.7755695818587,0.902330297236425,0.833525932613409,0.923748138753909
Fribourg,881f822d89fffff,6.99746539546872,46.7906117582168,1.16983657589324,1.09370686554611,0.934922781595377
Fribourg,881f822d8bfffff,7.00906879638049,46.7893408285552,1.1899706863571,1.08429201888106,0.911192209448821
Fribourg,881f822d8dfffff,6.9892501736772,46.7843614974279,1.0717359802106,1.0294309580828,0.960526638174934
Fribourg,881f822d91fffff,7.03227698606957,46.7867951185333,1.15352020360305,0.989748666812491,0.858024561443301
Fribourg,881f822d93fffff,7.04388177299814,46.7855203378468,1.10891206161533,0.932452126695486,0.840871119516186
Fribourg,881f822d95fffff,7.02405754031227,46.7805464983878,1.0841520046541,0.943878851599312,0.870614865394689
Fribourg,881f822d97fffff,7.03566092038943,46.7792722651559,0.932184771325669,0.791237786223156,0.848799305204191
Fribourg,881f822d9bfffff,7.04049819390897,46.7930430389443,1.15960625648209,0.976770515536253,0.842329463191661
Fribourg,881f822d9dfffff,7.02067266022219,46.7880686153818,1.18143788224954,1.04326199218448,0.88304430377502
Fribourg,881f822da3fffff,6.99940977324958,46.7617964445453,0.662625717390262,0.613534523094558,0.925914142769695
Fribourg,881f822da9fffff,6.98442419150987,46.7705895907975,0.772727323699103,0.766187723733888,0.99153698883856
Fribourg,881f822dabfffff,6.99602383096552,46.7693190172529,0.763570921175981,0.725604269173402,0.95027750409339
Fribourg,881f822dadfffff,6.9762128468773,46.7643377824293,0.697188850339096,0.708458920892892,1.01616501834232
Fribourg,881f822db5fffff,7.01100893192801,46.7605238516483,0.670957597648392,0.586804465517407,0.874577570287706
Fribourg,881f822db7fffff,7.02260855303738,46.7592499758969,0.658476642439964,0.550519409617318,0.836050019295121
Fribourg,881f822db9fffff,7.01583985640883,46.7742971790079,1.03747618898792,0.917583161559834,0.884437803295471
Fribourg,881f822dc1fffff,6.98247415188842,46.799400422732,1.24493033374115,1.14734053521685,0.921610233215999
Fribourg,881f822dc3fffff,6.99407803372098,46.7981315132448,1.34478886870041,1.24456327481186,0.925471130657555
Fribourg,881f822dc5fffff,6.97425998613086,46.7931497676586,1.01629565656032,0.951342352372924,0.93608818086734
Fribourg,881f822dc7fffff,6.9858624584109,46.79188140453,1.03696639034137,0.98063971006876,0.945681286493701
Fribourg,881f822dc9fffff,6.97908525397869,46.8069185518518,1.15325431395476,1.03000227920056,0.893126751608203
Fribourg,881f822dcbfffff,6.99069008065789,46.8056503792624,1.26431594624917,1.14990396763027,0.909506813579053
Fribourg,881f822dd1fffff,7.01390112679117,46.8031101831352,1.39361399910067,1.24554645762598,0.893752831436654
Fribourg,881f822dd5fffff,7.00568237976363,46.796861320286,1.40234684649497,1.28056685249024,0.913159861763798
Fribourg,881f822dd7fffff,7.01728718909219,46.7955898436918,1.41410697387022,1.25948243354062,0.890655697774821
Fribourg,881f822dddfffff,7.00229537190351,46.8043809230781,1.34963984534838,1.22653430752772,0.908786378643937
Fribourg,881f822de3fffff,6.98103671415977,46.7781105384192,0.887436902499981,0.876702948470417,0.987904543974534
Fribourg,881f822de5fffff,6.96122630741939,46.7731268900972,0.713606630325494,0.712985411103025,0.99912946545608
Fribourg,881f822de7fffff,6.97282501668692,46.771858881691,0.763026259154107,0.772013836629599,1.01177885736915
Fribourg,881f822de9fffff,6.96604758315531,46.7868984145421,0.910996573199751,0.864467026339452,0.948924564340708
Fribourg,881f822debfffff,6.97764864574376,46.7856305974337,1.01277606992306,0.980344606273319,0.967977656055591
Fribourg,881f822e07fffff,6.95677799881473,46.8807901038733,1.15199556543866,0.969288747421323,0.841399721059023
Fribourg,881f822e09fffff,6.94998847353486,46.8958073625209,2.35436387840392,2.05100108998616,0.87114872462985
Fribourg,881f822e0dfffff,6.94176830788919,46.8895592407837,2.19462006575876,1.8914162327991,0.861842221489561
Fribourg,881f822e11fffff,6.98483979426957,46.8920216787402,1.52244416419012,1.38151372244753,0.907431454592907
Fribourg,881f822e13fffff,6.99645783456414,46.8907572132418,0.849748362034626,0.778953534277593,0.9166873030652
Fribourg,881f822e15fffff,6.97661538664438,46.8857751998039,1.53675109096261,1.36551227285328,0.888570882352803
Fribourg,881f822e17fffff,6.98823201408399,46.8845112824811,1.30691465625379,1.18978605837445,0.910377776147154
Fribourg,881f822e19fffff,6.98144698164824,46.8995311838464,1.7947407287772,1.62467914001882,0.905244481260394
Fribourg,881f822e1bfffff,6.99306596915416,46.8982674556835,0.976380473856896,0.893259694991112,0.914868454366523
Fribourg,881f822e1dfffff,6.97322222004844,46.8932848586761,1.70480782861643,1.51393071284818,0.888035992934665
Fribourg,881f822e3dfffff,6.96017187224948,46.8732801379513,1.00580595816836,0.838871143830162,0.834028807462823
Fribourg,881f822e41fffff,6.93497570520889,46.9045732413011,2.75695249677957,2.5697113973784,0.932084031328112
Fribourg,881f822e43fffff,6.94659282142678,46.9033146548859,2.69234235681674,2.41072349136384,0.895400053882497
Fribourg,881f822e47fffff,6.93837230309612,46.8970666867608,2.47843601380223,2.21462299158029,0.893556653973399
Fribourg,881f822e4bfffff,6.94319657616459,46.9108210557049,3.00580941804349,2.78599674000067,0.92687072017164
Fribourg,881f822e4dfffff,6.92335905913027,46.9058305426937,2.71879098672652,2.70460809371029,0.994783382361693
Fribourg,881f822e51fffff,6.96643410808802,46.9083015025681,2.51905837316414,2.26323488715254,0.898444796382283
Fribourg,881f822e53fffff,6.97805357608836,46.9070397976193,2.10646525803693,1.90855794117466,0.906047671041724
Fribourg,881f822e57fffff,6.9698284605735,46.9007936263242,2.15589473801257,1.92032189138666,0.890730821652693
Fribourg,881f822e59fffff,6.96303916246037,46.9158084872275,2.86434947017369,2.61388392129131,0.912557615091851
Fribourg,881f822e5bfffff,6.97465957745832,46.9145475198788,2.4265050276476,2.21231246600044,0.911727954730507
Fribourg,881f822e5dfffff,6.9548151078043,46.9095619218747,2.8459690415152,2.56797643755823,0.90232058047653
Fribourg,881f822e85fffff,7.02647347185541,46.8731983187725,0.964916764466843,0.813025557977872,0.842586208383583
Fribourg,881f822e97fffff,7.06956139426432,46.8756278597024,1.37249555420653,0.84360529976074,0.614650661107929
Fribourg,881f822ea9fffff,7.01824553808031,46.8669531777121,1.01247541072865,0.888190270164745,0.877246262727051
Fribourg,881f822eadfffff,7.01001937017282,46.8607073344638,1.00822254695843,0.905332852134902,0.897949420855623
Fribourg,881f822eb3fffff,7.06471281295077,46.8618684711014,1.36520050842596,0.878333686296653,0.643373395245327
Fribourg,881f822eb7fffff,7.05648100676208,46.8556248239565,1.34757496200333,0.927284123026075,0.688113202732379
Fribourg,881f822ec5fffff,7.00807634000472,46.8894914620161,0.755287261938343,0.683663782670521,0.905170545198909
Fribourg,881f822ee3fffff,7.01485639783143,46.8744668298561,0.681539057815763,0.606536091360185,0.889950596968057
Fribourg,881f822ee5fffff,6.99501467581836,46.8694878172262,0.698385012833372,0.636720996205097,0.911704839744338
Fribourg,881f822ee7fffff,7.00662987491219,46.8682211401485,0.989834514641438,0.898574396268651,0.907802650824067
Fribourg,881f822ee9fffff,6.99984910723942,46.8832460797183,0.756047960393554,0.693155680422268,0.916814430742532
Fribourg,881f822eedfffff,6.99162364122308,46.8769999952495,0.758899438659278,0.692263117440676,0.91219347673214
Fribourg,881f822f05fffff,6.88767449452907,46.8382933960203,1.52491073080375,1.02823531555089,0.674292137093771
Fribourg,881f822f19fffff,6.92391075773662,46.8557921904102,0.911425633090042,0.676183541019406,0.74189655904993
Fribourg,881f822f21fffff,6.88286643987018,46.8245290825813,0.636284174750823,0.371162506228052,0.583328206101314
Fribourg,881f822f23fffff,6.89446845882632,46.8232719107707,0.781845794610512,0.44595251279019,0.570384231602023
Fribourg,881f822f25fffff,6.87466287177063,46.8182743705476,0.524505682167626,0.29487700550325,0.562199830294709
Fribourg,881f822f27fffff,6.88626347579093,46.8170177428965,0.496000668449742,0.270592770278253,0.545549204850862
Fribourg,881f822f29fffff,6.8794688117306,46.8320395322494,0.777150390666124,0.500535098954445,0.644064655909673
Fribourg,881f822f2bfffff,6.89107177281729,46.8307830984589,0.952629629562998,0.582087734063475,0.611032573415229
Fribourg,881f822f2dfffff,6.87126489414814,46.8257849721615,0.668523273234924,0.413073392300927,0.617889322389782
Fribourg,881f822f35fffff,6.90607095009398,46.8220134565635,0.56011872000092,0.326131003225172,0.582253353761568
Fribourg,881f822f3dfffff,6.90267520657367,46.8295253821499,0.875671948087133,0.528314666282485,0.603324872329832
Fribourg,881f822f41fffff,6.87747910467869,46.860818946134,1.84813797855263,1.81679977837692,0.983043365517408
Fribourg,881f822f43fffff,6.88908630909703,46.8595641821271,1.78580007910938,1.58440213334773,0.887222568686358
Fribourg,881f822f45fffff,6.8692723726891,46.8545655393438,1.67643702440939,1.60201372701834,0.955606267156221
Fribourg,881f822f47fffff,6.88087816059084,46.8533113200386,1.82331408773672,1.57698501913347,0.864900364528518
Fribourg,881f822f49fffff,6.87407945596304,46.8683256813793,1.84292665200943,2.03402620435457,1.10369352037791
Fribourg,881f822f4bfffff,6.88568760322352,46.867071655625,1.80792028244476,1.80289146352618,0.997218450964119
Fribourg,881f822f4dfffff,6.86587237436421,46.862072427136,1.67584368512413,1.81124064966067,1.08079331368338
Fribourg,881f822f51fffff,6.90890531743691,46.8645597540697,1.79197097235927,1.48159401791405,0.826795768886486
Fribourg,881f822f57fffff,6.91230213655007,46.8570508044317,0.969207804876599,0.738756264925058,0.762226904496623
Fribourg,881f822f59fffff,6.90550790560138,46.8720678128894,1.87807932424663,1.69729588267434,0.90374025248118
Fribourg,881f822f5bfffff,6.91711841469462,46.8708106747135,1.8303275788198,1.53520726932398,0.838760933883695
Fribourg,881f822f61fffff,6.86446716190435,46.8408035049458,0.891119995361234,0.711013496083465,0.79788748965872
Fribourg,881f822f63fffff,6.87607059124124,46.8395490917198,0.889842442504377,0.648235580671822,0.728483549118454
Fribourg,881f822f65fffff,6.85626431125704,46.8345485529413,0.772568101734048,0.583702189690503,0.75553493391763
Fribourg,881f822f67fffff,6.86786632423637,46.8332946836879,0.799056031228338,0.556797999745505,0.696819719750535
Fribourg,881f822f69fffff,6.86106740702114,46.8483114357543,1.00024409920413,0.915905886073569,0.915682368736121
Fribourg,881f822f6dfffff,6.85286420744108,46.8420566358653,0.839671791184366,0.72537031496535,0.863873626077407
Fribourg,881f834143fffff,7.353480861515,46.8584532940342,0.512369869924364,0.306854695953326,0.598892936461358
Fribourg,881f834145fffff,7.33357956927588,46.8535277618939,0.363764773796435,0.217979348334065,0.599231602497187
Fribourg,881f83416dfffff,7.31704824449732,46.8410672319832,0.31975218532152,0.177993531362735,0.556660875308036
Fribourg,881f834305fffff,7.32838883353086,46.8898772853115,1.1158319149682,0.874820207952569,0.78400715754532
Fribourg,881f834307fffff,7.34002565279169,46.888576555035,1.04311200333142,0.778118390080827,0.745958619588047
Fribourg,881f834325fffff,7.31521742833977,46.8698903650018,0.506615064463843,0.368219975201239,0.726823975498895
Fribourg,881f834329fffff,7.32011905839522,46.8836487109597,1.00657363524291,0.789788176486961,0.784630303074018
Fribourg,881f83432bfffff,7.33175448051526,46.8823485379791,1.00492987539382,0.748047148448917,0.744377460323553
Fribourg,881f83432dfffff,7.31185104761205,46.8774194238236,0.568027090294266,0.443460685000417,0.780703407597484
Fribourg,881f834339fffff,7.35166291009731,46.8872745334219,1.07119344414375,0.762963411764019,0.712255490299312
Fribourg,881f83433dfffff,7.34339034126305,46.8810470739458,0.980336521241389,0.695786850218432,0.709742863947743
Fribourg,881f834363fffff,7.31675245325004,46.8911767244085,1.08966273125612,0.901430405715471,0.82725634258991
Fribourg,881f834365fffff,7.2968495337774,46.8862451843919,0.963886807388045,0.853590779412407,0.885571597069038
Fribourg,881f834367fffff,7.30848407583771,46.8849475930448,0.990990769788086,0.82424201210029,0.831735306956034
Fribourg,881f83436dfffff,7.29348101336845,46.8937717296934,1.14622702070797,1.0647523175614,0.928919226580223
Fribourg,881f834845fffff,7.29930186499892,46.7571500253658,1.43497802127173,0.464695815116961,0.323834796232718
Fribourg,881f83484dfffff,7.29593919183803,46.7646888941499,1.25515806698211,0.418954775683537,0.33378646618658
Fribourg,881f834861fffff,7.29441265501896,46.7433741599161,1.83958320820654,0.575638186163034,0.312917721576856
Fribourg,881f834865fffff,7.28616311926252,46.737137343344,2.33768469794973,0.72682192490753,0.310915293899553
Fribourg,881f834869fffff,7.29105020642539,46.7509140689479,1.91046591004657,0.609482575953147,0.31902300519892
Fribourg,881f83486dfffff,7.28280030634804,46.7446774055329,2.4513836963673,0.776240372340209,0.316653967100506
Fribourg,881f834911fffff,7.29960848207416,46.7069682312144,1.344533274248,0.42941528384637,0.319378695991396
Fribourg,881f834913fffff,7.31121606453985,46.7056613189639,1.0800197552015,0.354340204019594,0.32808678018439
Fribourg,881f834917fffff,7.30296835122321,46.6994237382635,1.24945599217132,0.411274291904209,0.329162687186357
Fribourg,881f834919fffff,7.29624802443508,46.714511838383,1.48494605948617,0.46430180534259,0.312672505763106
Fribourg,881f83491bfffff,7.30785655998996,46.7132056593103,1.1819371928901,0.377249361343478,0.319178856214026
Fribourg,881f834931fffff,7.28647819252448,46.6869464608152,2.46591225603592,0.82719765154638,0.335452994939951
Fribourg,881f834933fffff,7.29808203903245,46.6856399211697,1.61990729928184,0.55941445211837,0.345337324158228
Fribourg,881f834937fffff,7.28983820151279,46.6794007777716,2.70390351436015,0.944900425976871,0.349457893359953
Fribourg,881f83493bfffff,7.29472239395787,46.6931854520472,1.93779624556525,0.642953376493815,0.33179617205124
Fribourg,881f834953fffff,7.29288697817449,46.7220545595842,1.93285531639342,0.597304035427826,0.309026770064899
Fribourg,881f83495bfffff,7.28952534316082,46.7295963946328,2.14876575010182,0.662728345212097,0.308422798148515
Fribourg,881f8349c1fffff,7.33107494591744,46.7105894412408,0.574627137881403,0.196061927997811,0.341198518261204
Fribourg,881f8349c3fffff,7.34268479443316,46.7092794019329,0.444237752809569,0.157789186655941,0.355190853676906
Fribourg,881f8349cdfffff,7.31946553412686,46.7118981936481,0.809448368211014,0.266270970603145,0.328953619601011
Fribourg,881f8349edfffff,7.30632763201371,46.691878359716,1.19921449100391,0.410074368291468,0.341952479200094
Fribourg,881f834a21fffff,7.28921207721114,46.7797639701989,1.15284863649187,0.420819634940851,0.365025920680628
Fribourg,881f834a25fffff,7.28095932489594,46.7735284744029,1.49967995431944,0.538626880301361,0.359161218865388
Fribourg,881f834a2dfffff,7.27759451869745,46.7810648350602,1.36806813182985,0.52108442897309,0.380890700433258
Fribourg,881f834a49fffff,7.28064030516713,46.8236701433035,0.832162506772902,0.450771796656525,0.541687222132372
Fribourg,881f834a4bfffff,7.29226447492853,46.8223711048453,0.664842295974045,0.335475508357719,0.504594112602632
Fribourg,881f834a51fffff,7.31551413669656,46.8197691608685,0.464974127381285,0.214917930882804,0.462214816323681
Fribourg,881f834a59fffff,7.31214997640915,46.8273029747057,0.482225117072755,0.23909841219196,0.495823223898739
Fribourg,881f834a5dfffff,7.303889085749,46.8210707774193,0.541691852071302,0.259289267525402,0.478665622408647
Fribourg,881f834a61fffff,7.27086313697673,46.7961348935296,1.1398840619994,0.502341981573404,0.440695679780168
Fribourg,881f834a65fffff,7.26261105214773,46.7898991513702,1.50543074624416,0.655133776315917,0.435180281756822
Fribourg,881f834a67fffff,7.27422912276832,46.7886003081638,1.24208785876989,0.506481444666319,0.407766198735665
Fribourg,881f834a6dfffff,7.25924411243269,46.7974330027423,1.46304774781237,0.694696941180432,0.474828618696268
Fribourg,881f834b05fffff,7.23635533008369,46.7498775201431,2.1479864704082,0.783008982183044,0.364531617386884
Fribourg,881f834b09fffff,7.24123279930226,46.7636524823822,1.89193442842583,0.734802825559532,0.388387046886672
Fribourg,881f834b0bfffff,7.25284572735193,46.762354565058,2.27280974745058,0.841816357648679,0.370385756481795
Fribourg,881f834b0dfffff,7.23298811766004,46.7574137601562,1.69231429651013,0.647576992843582,0.382657638819814
Fribourg,881f834b11fffff,7.27607291294389,46.7597548696055,2.32318724005792,0.786785715590957,0.338666510397733
Fribourg,881f834b13fffff,7.28768716862814,46.7584530911626,1.92169772419346,0.631475669643737,0.328603016849993
Fribourg,881f834b17fffff,7.2794369042857,46.7522165810149,2.42698805193856,0.790792647011042,0.325832937817472
Fribourg,881f834b19fffff,7.2727083321909,46.7672922711204,2.13680151735907,0.759499339511236,0.355437476687082
Fribourg,881f834b1bfffff,7.28432354149558,46.7659912263756,1.8531389171498,0.633566683824168,0.341888391615356
Fribourg,881f834b1dfffff,7.26445909887545,46.7610553608516,2.4553526492728,0.867091968421104,0.353143557068232
Fribourg,881f834b23fffff,7.24308798671322,46.7348023792921,2.64919825813018,0.896484677496376,0.33839848518137
Fribourg,881f834b33fffff,7.27455216454678,46.7384400356208,2.70865491719368,0.856906006733131,0.316358500041391
Fribourg,881f834b35fffff,7.25469666225939,46.7335028126108,2.98247597016644,0.975434539413026,0.327055288683044
Fribourg,881f834b3dfffff,7.25133158051609,46.7410415603552,2.77675016361197,0.936130103152319,0.337131555953385
Fribourg,881f834b41fffff,7.2262519239373,46.7724835784365,1.27086602793504,0.551026933478588,0.433583809281551
Fribourg,881f834b43fffff,7.23786535979776,46.7711876820417,1.58694250230096,0.658005879085312,0.414637504592161
Fribourg,881f834b45fffff,7.21800827733894,46.7662444570154,1.1385991572986,0.477758439612727,0.419601961366491
Fribourg,881f834b47fffff,7.22962031565512,46.764949112982,1.493617044458,0.605157939742261,0.40516271690101
Fribourg,881f834b49fffff,7.22288294237496,46.7800171563359,1.11791340937659,0.525491859585224,0.470064904112981
Fribourg,881f834b4bfffff,7.23449733052388,46.7787219942198,1.35131254197504,0.604857516508123,0.447607417025881
Fribourg,881f834b55fffff,7.24947924041279,46.769890498796,1.93511310145707,0.762156017618866,0.393856057842298
Fribourg,881f834b57fffff,7.26109356485356,46.7685920285414,2.16276650150938,0.807521383473269,0.373374279151127
Fribourg,881f834b5bfffff,7.26597740192459,46.7823644121867,1.46771453990681,0.591239311507566,0.402829906928024
Fribourg,881f834b63fffff,7.22474519526442,46.751174332618,1.5704941295114,0.593910036017115,0.378167625626139
Fribourg,881f834b69fffff,7.20976639050659,46.7600046304564,1.15119517722362,0.471142362260028,0.40926366925572
Fribourg,881f834b6bfffff,7.22137703112987,46.7587098384472,1.32485700306395,0.525306560630837,0.396500572828599
Fribourg,881f835123fffff,7.23007283096142,46.9365509319282,0.48729568020684,0.435104503914647,0.892896287793809
Fribourg,881f835127fffff,7.22181103268197,46.930319243364,0.414090318328954,0.370778460672582,0.895404804847514
Fribourg,881f835141fffff,7.2131874105717,46.9741333299218,1.26687482049185,0.782835424462746,0.617926421616635
Fribourg,881f835145fffff,7.20492379429771,46.967902422964,0.975991510379369,0.629427065522732,0.644910389925495
Fribourg,881f83514bfffff,7.22145279621518,46.9803635243476,1.5590422325664,0.927422364147377,0.594866735983609
Fribourg,881f83514dfffff,7.20154456827128,46.9754163835164,1.36526356649509,0.812620484680186,0.595211433618162
Fribourg,881f835161fffff,7.20004094334661,46.9541557950147,0.479625906904191,0.344948684506026,0.719203611690919
Fribourg,881f835167fffff,7.20341934675423,46.9466398943148,0.420740300584449,0.321408874098857,0.763912735842963
Fribourg,881f83516dfffff,7.18840186896035,46.9554384734489,0.556524736099595,0.385020117414249,0.69182929785415
Fribourg,881f835307fffff,7.21131552006958,47.0029017881953,2.95503381450353,1.43103254031231,0.484269429773932
Fribourg,881f835321fffff,7.19478433680823,46.9904416278131,1.62887972801243,0.844903928800247,0.518702464196792
Fribourg,881f835323fffff,7.20642909222436,46.9891600454185,1.5465912801366,0.817296994276216,0.528450538143489
Fribourg,881f835325fffff,7.18652140068916,46.9842104786002,1.37335057096546,0.75017656353123,0.546238214328521
Fribourg,881f835327fffff,7.19816474915233,46.9829294518594,1.28780987027986,0.711076383790213,0.552159445427831
Fribourg,881f83532bfffff,7.2030490431934,46.9966720645111,2.53546970246065,1.26187153705857,0.497687484032617
Fribourg,881f835337fffff,7.22971995145231,46.9865930057423,1.9017466939109,1.09802807272819,0.577378720438377
Fribourg,881f83533dfffff,7.21469520541347,46.9953899261243,2.40918891249812,1.23393547978553,0.512178797347216
Fribourg,881f835801fffff,7.19741004605719,46.8615408019563,0.744528747077903,0.729152749038532,0.979348012954882
Fribourg,881f835803fffff,7.20903536332555,46.8602524333843,0.790284598204776,0.800421130317573,1.01282643257356
Fribourg,881f835805fffff,7.1891606563274,46.8553040794629,0.803365903721998,0.793008945031648,0.987108042994647
Fribourg,881f835807fffff,7.20078457149036,46.8540162641688,0.806730663237074,0.822991607945999,1.02015659680478
Fribourg,881f835809fffff,7.1940349292727,46.8690644500675,0.700497648476974,0.642872435917778,0.917736750887766
Fribourg,881f83580bfffff,7.20566120008383,46.8677768165269,0.705173168966033,0.689377220824372,0.977599901929307
Fribourg,881f835811fffff,7.22891508601721,46.8651976833448,0.897916489327755,0.9151750210887,1.01922064241616
Fribourg,881f835813fffff,7.24054269927594,46.8639061833843,1.01789092967602,1.01330750829544,0.995497138989111
Fribourg,881f835815fffff,7.22066112865424,46.8589627762907,0.895238812147031,0.910222260385585,1.01673681707635
Fribourg,881f835817fffff,7.23228734111185,46.857671830516,1.03218757091679,1.02367518334016,0.991753061346137
Fribourg,881f835819fffff,7.22554223966475,46.8727226465337,0.763349267272892,0.781155640052486,1.02332663898822
Fribourg,881f83581bfffff,7.23717080760284,46.8714318813008,0.875084514211234,0.899839143640019,1.02828827276312
Fribourg,881f83581dfffff,7.21728791930923,46.8664878943392,0.780126209540161,0.790406672216213,1.01317794806832
Fribourg,881f835821fffff,7.18428827937114,46.8415418029542,0.942285286112821,0.961269533669624,1.0201470274837
Fribourg,881f835823fffff,7.19590983967058,46.8402538055363,1.0183200042027,1.04724087595896,1.02840057313703
Fribourg,881f835825fffff,7.17604277863943,46.8353035119547,1.11444838156035,1.10340561251941,0.990091269166288
Fribourg,881f835827fffff,7.18766293696654,46.8340160670865,1.06315377829235,1.07150577178543,1.00785586588094
Fribourg,881f835829fffff,7.18091303067056,46.8490666495463,0.898611395094631,0.889476765393171,0.989834727501426
Fribourg,881f83582bfffff,7.19253554358013,46.8477793871921,0.849117297578649,0.871803228444748,1.02671707540382
Fribourg,881f83582dfffff,7.17266716886257,46.8428285127062,1.05272369520434,1.02720886017912,0.975763027714251
Fribourg,881f835831fffff,7.21578191611213,46.8452009984705,1.01809572441643,1.01733439858247,0.999252206039467
Fribourg,881f835833fffff,7.22740577387309,46.8439098717839,1.15211332375706,1.08847946913841,0.94476771224974
Fribourg,881f835835fffff,7.20753184883071,46.8389645202927,0.981468941944209,0.983043811501262,1.00160460457764
Fribourg,881f835837fffff,7.21915430592103,46.8376739470638,1.07415600369487,1.01749923160233,0.947254614881217
Fribourg,881f835839fffff,7.21240893529096,46.8527271606382,0.880575204016147,0.899705061906954,1.02172427500066
Fribourg,881f83583dfffff,7.20415850570421,46.8464908368868,0.926777330850717,0.953736394674206,1.02908904105233
Fribourg,881f835843fffff,7.19065922100487,46.8765872083204,0.66623419047567,0.565268454863233,0.848453085933116
Fribourg,881f835847fffff,7.18240910780726,46.8703507951209,0.76153168739082,0.641751488550796,0.84271147107428
Fribourg,881f835849fffff,7.17565519305427,46.8853939510551,0.850959587185251,0.596275146668911,0.700709123733162
Fribourg,881f83584bfffff,7.18728292112162,46.8841090765331,0.652960676478661,0.511151933619009,0.782821924860147
Fribourg,881f835851fffff,7.21053972648759,46.8815354611161,0.588416429551812,0.55722718102616,0.946994599471995
Fribourg,881f835857fffff,7.21391411863105,46.874012122675,0.792625666505868,0.782522334150184,0.987253336874363
Fribourg,881f835859fffff,7.20716474274674,46.8890579094808,0.526925698025223,0.474966099118581,0.901391032736925
Fribourg,881f83585dfffff,7.19891109924335,46.8828229132735,0.627176270420324,0.544477512457848,0.868141124173826
Fribourg,881f835861fffff,7.16591417563749,46.8578758459816,0.770748700243856,0.65088050048095,0.844478233015532
Fribourg,881f835863fffff,7.17753719073291,46.8565906066805,1.02272467023598,0.947064781667454,0.926021254037938
Fribourg,881f835865fffff,7.15766935621627,46.8516373110411,0.892951749663866,0.745744678529752,0.835145548245437
Fribourg,881f835867fffff,7.16929096790588,46.8503526241092,1.18575775139415,1.09386307448136,0.922501306186069
Fribourg,881f83586dfffff,7.15429161197151,46.8591597975267,0.897720163074748,0.676659255305386,0.753752987999941
Fribourg,881f835889fffff,7.27542820903455,46.8600239481175,0.912826581606431,0.745683208100195,0.816894712671393
Fribourg,881f83588dfffff,7.26716865194027,46.8537912595152,1.13331311258409,0.917664895230123,0.809718766191402
Fribourg,881f835891fffff,7.31031770418154,46.8561301064467,0.414031529723422,0.271722034387895,0.656283434668391
Fribourg,881f835899fffff,7.30695154800053,46.8636602100794,0.472579390379896,0.337242775117304,0.713621418924346
Fribourg,881f83589bfffff,7.3185832181532,46.8623604167617,0.441522405020992,0.29742848081673,0.673643007544744
Fribourg,881f8358a3fffff,7.2772732777461,46.8312017555743,0.880639734106957,0.526493723787597,0.597853700436883
Fribourg,881f8358a5fffff,7.25739329254825,46.826264353947,1.15022728720154,0.748646715798429,0.650868505841013
Fribourg,881f8358a7fffff,7.26901657739653,46.8249678929515,1.01336564035558,0.598513211398793,0.590619207484457
Fribourg,881f8358b1fffff,7.2971582626977,46.8361360490937,0.474661123828983,0.268825983579854,0.566353489014007
Fribourg,881f8358b5fffff,7.28889840286668,46.8299034510984,0.702468946438247,0.387772192524554,0.552013287549135
Fribourg,881f8358b7fffff,7.30052396939843,46.8286038575279,0.567293328623876,0.294131906774285,0.51848292925951
Fribourg,881f8358bdfffff,7.28553174037851,46.837434908735,0.765492020580811,0.465687693683088,0.608350813806983
Fribourg,881f8358c1fffff,7.26042928046289,46.8688464829229,1.01010265085736,0.961508325863624,0.951891696400869
Fribourg,881f8358c3fffff,7.27205918351959,46.8675518494605,0.982391018028633,0.873238728708288,0.888891197784583
Fribourg,881f8358c5fffff,7.25217075815331,46.8626133942988,1.08503333483888,1.02773933337707,0.947196091011972
Fribourg,881f8358c7fffff,7.26379926171705,46.8613193159293,1.06470197770053,0.941269808680652,0.884068808356623
Fribourg,881f8358c9fffff,7.25705870804561,46.8763727603138,1.07273939871799,1.08028148956726,1.00703068318204
Fribourg,881f8358cbfffff,7.26868956691742,46.875078861274,1.11164673120196,1.0602348121791,0.953751567310175
Fribourg,881f8358cdfffff,7.24879982151306,46.8701398268168,0.970225281228062,0.972379013507796,1.00221982700452
Fribourg,881f8358d1fffff,7.29195261430861,46.8724871934766,0.892068683076416,0.739837314969521,0.829350171130428
Fribourg,881f8358d3fffff,7.30358480096106,46.8711894244028,0.528454595968531,0.408722813111375,0.773430331062376
Fribourg,881f8358d5fffff,7.28368952975025,46.8662559262712,0.909760111096947,0.749558233683294,0.823907560400192
Fribourg,881f8358d7fffff,7.29532031822168,46.8649587131967,0.82678159470952,0.631773183427893,0.76413551955019
Fribourg,881f8358d9fffff,7.28858431932839,46.8800147841914,0.925609818319873,0.824383655782029,0.890638408825886
Fribourg,881f8358dbfffff,7.30021746293081,46.8787177492344,0.920915972718314,0.766426944543668,0.832244164775823
Fribourg,881f8358ddfffff,7.28032086931622,46.8737836723811,0.932000232295327,0.83087585868963,0.891497480256365
Fribourg,881f8358e1fffff,7.24728470920723,46.8488521190333,1.28124492255916,1.12210194581327,0.875790355189845
Fribourg,881f8358e3fffff,7.25891085824586,46.8475578609639,1.2330641738864,0.991327519639481,0.803954522914241
Fribourg,881f8358e5fffff,7.23903007805601,46.8426174566678,1.26839470369598,1.11043332704123,0.875463547589352
Fribourg,881f8358e7fffff,7.25065482772962,46.8413237529633,1.29160896322193,1.03407931925696,0.800613303795476
Fribourg,881f8358e9fffff,7.24391399976668,46.8563795959011,1.21015092916853,1.14115437530373,0.942985166393915
Fribourg,881f8358ebfffff,7.25554110368688,46.855086072287,1.08157661159475,0.950687607483989,0.87898314117779
Fribourg,881f8358edfffff,7.23565900508076,46.8501450882296,1.20808672182857,1.13813717630159,0.942098903776457
Fribourg,881f835901fffff,7.13970135563018,46.817868906106,1.51306783384905,1.14430741538327,0.756282956906365
Fribourg,881f835903fffff,7.15131685506581,46.8165844033844,2.05318787127129,1.61754600627982,0.787821722947484
Fribourg,881f835905fffff,7.13146430969804,46.8116272421451,1.58993529056253,1.13420438683186,0.713365124709303
Fribourg,881f835907fffff,7.14307840600003,46.8103432903365,2.34833364234603,1.70629981556881,0.726600251684929
Fribourg,881f835909fffff,7.13632371431025,46.8253936329655,1.32006540812998,1.00756976966647,0.763272610176039
Fribourg,881f83590bfffff,7.14794016428771,46.8241098656424,1.31571600353309,1.0739701865908,0.816262919738657
Fribourg,881f83590dfffff,7.12808630921469,46.8191521224639,1.40244940976935,1.0138404069103,0.722906936854883
Fribourg,881f835911fffff,7.17117442065194,46.8215384708878,1.58713551476314,1.41349447623757,0.890594699122788
Fribourg,881f835913fffff,7.182792225181,46.8202508431357,1.28014359110685,1.14555368403878,0.894863429381622
Fribourg,881f835915fffff,7.16293280659327,46.8152986141386,1.77508083332148,1.438360052752,0.810306790401527
Fribourg,881f835917fffff,7.17454920928402,46.8140115382082,1.52271985130857,1.24546341773266,0.817920260685086
Fribourg,881f835919fffff,7.16779904116089,46.8290645146933,1.39013072694412,1.29918105251458,0.934574732673182
Fribourg,881f83591bfffff,7.17941779736832,46.827777622037,1.10098859833728,1.05778757331686,0.960761605446538
Fribourg,881f83591dfffff,7.1595570667112,46.82282481167,1.66164635668155,1.43255073756505,0.862127330406199
Fribourg,881f835921fffff,7.12660679470743,46.7978589519534,1.5893148748936,1.07912075119185,0.678984868410101
Fribourg,881f835923fffff,7.13821853811893,46.7965748152899,1.62221135405141,1.0639245975165,0.655848323869384
Fribourg,881f835925fffff,7.11837363203019,46.791615727618,1.2546171511305,0.874659165463762,0.697152246544397
Fribourg,881f835927fffff,7.12998397244557,46.7903321411397,1.45334277127971,0.95938920121451,0.660125897464463
Fribourg,881f835929fffff,7.12322902626602,46.8053848742596,1.51817224649447,1.0538519910761,0.694158382561331
Fribourg,881f83592bfffff,7.13484171928892,46.8041014730262,1.61725107563295,1.11388441537152,0.688751692396045
Fribourg,881f83592dfffff,7.11499550510868,46.7991418029495,1.34307441146734,0.940601178001494,0.70033437460391
Fribourg,881f835931fffff,7.15806846412574,46.8015308125396,1.54698885537444,1.04234181085058,0.673787537143111
Fribourg,881f835933fffff,7.16968251408404,46.8002435529656,1.8274830158693,1.21170615894882,0.663046467970831
Fribourg,881f835935fffff,7.14983073441592,46.7952893927983,1.68721753225845,1.0677204510701,0.632829158455277
Fribourg,881f835937fffff,7.16144338267084,46.7940026843183,2.27824921030095,1.39362703268238,0.61170965247401
Fribourg,881f835939fffff,7.15469295496793,46.8090580522892,1.46375919189078,1.07778897083515,0.736315766149309
Fribourg,881f83593bfffff,7.16630795567367,46.8077715278429,1.20302763872387,0.889190399026688,0.739127157518932
Fribourg,881f83593dfffff,7.1464548655514,46.8028167858397,1.75236773193013,1.19542203616133,0.682175330200035
Fribourg,881f835941fffff,7.12132853504426,46.8341992159712,1.62812053795202,1.1190084763135,0.687300755827989
Fribourg,881f835943fffff,7.1329454819086,46.8329174707326,1.72228674987297,1.28313632048444,0.745018981641169
Fribourg,881f835945fffff,7.11309217540721,46.8279573083071,1.63243753109037,1.10341255765287,0.675929422497323
Fribourg,881f835947fffff,7.12470771770731,46.8266761138,1.40927941846397,1.00592284837584,0.713785240312556
Fribourg,881f83594bfffff,7.12956665829354,46.8404404192251,1.55587232440909,1.09799464837229,0.705709993774262
Fribourg,881f835951fffff,7.15280381401517,46.8378745397095,1.70141372018443,1.46966511060703,0.863790560268744
Fribourg,881f835953fffff,7.16442307067912,46.8365896694423,1.20874690255537,1.13461987695178,0.938674485579339
Fribourg,881f835955fffff,7.144562882502,46.8316344388806,2.02630211989633,1.64913814999304,0.813865876070549
Fribourg,881f835957fffff,7.15618073589573,46.8303501202544,1.88375887075238,1.66099646453409,0.881745795771988
Fribourg,881f835959fffff,7.14942630093775,46.8453980698529,0.901170960169668,0.732837477143356,0.813205828342916
Fribourg,881f83595bfffff,7.16104650907484,46.8441139349523,1.41097110344645,1.27289439136018,0.902140652101946
Fribourg,881f83595dfffff,7.14118500957694,46.8391581229168,1.5444715377912,1.20613434428807,0.780936595317904
Fribourg,881f835961fffff,7.10823747880326,46.8141912876893,1.01445901425362,0.701608109746361,0.691608137823647
Fribourg,881f835963fffff,7.11985066698988,46.8129099078757,1.28091529900315,0.897260347434259,0.700483746374594
Fribourg,881f835965fffff,7.10000500364868,46.8079478195109,1.6158760907192,1.14090252726745,0.706058177245298
Fribourg,881f835967fffff,7.11161678741019,46.8066669897008,1.27124873888716,0.889151800296162,0.699431805198501
Fribourg,881f835969fffff,7.10485757915637,46.8217146967325,0.924034458032672,0.624607046081909,0.675956443671741
Fribourg,881f83596bfffff,7.11647171674747,46.820434052619,1.06605708917966,0.740369223636439,0.694493035270899
Fribourg,881f83596dfffff,7.09662474606562,46.8154713817472,0.885002944288688,0.610287212954444,0.689587776959269
Fribourg,881f835981fffff,7.22101931310135,46.8088503644446,1.01785351565545,0.696360018153813,0.684145613728506
Fribourg,881f835983fffff,7.23263795767271,46.8075568526963,1.12058427178943,0.703448711925845,0.627751727054428
Fribourg,881f835985fffff,7.21277245730437,46.8026125628672,0.973388123187785,0.633115608015062,0.650424628093518
Fribourg,881f835987fffff,7.22438970276952,46.8013196040284,1.03508726638057,0.628100743577662,0.606809458466209
Fribourg,881f835989fffff,7.21764833300522,46.816380236462,1.01981939678172,0.786322863384123,0.771041290120141
Fribourg,881f83598bfffff,7.22926793059358,46.8150874592337,1.04008389223601,0.733683958801069,0.705408442797598
Fribourg,881f83598dfffff,7.20940111504728,46.8101425887108,0.986322988553649,0.726568292605057,0.736643372441823
Fribourg,881f835991fffff,7.2525084626607,46.8124980413182,1.17806882558272,0.683345015287991,0.580055256915894
Fribourg,881f835999fffff,7.24913975234003,46.8200292281555,1.17556400632243,0.76007875577461,0.646565182063036
Fribourg,881f83599bfffff,7.26076163910851,46.8187333213662,1.12474897876242,0.658265953998122,0.585255880580946
Fribourg,881f83599dfffff,7.24088797412217,46.8137933942386,1.13484217751847,0.726345481470995,0.640040964162328
Fribourg,881f8359a1fffff,7.20789847671219,46.7888429873152,0.974174702849749,0.52680303238315,0.540768540634544
Fribourg,881f8359a3fffff,7.2195133708365,46.7875498464965,1.02545744430711,0.530202673220224,0.517040152337552
Fribourg,881f8359a9fffff,7.20452736297987,46.7963740550016,0.987009095387558,0.598934066698095,0.606817170679586
Fribourg,881f8359abfffff,7.2161432091902,46.7950816487347,1.04729974660243,0.604043652155878,0.57676291254292
Fribourg,881f8359adfffff,7.19628402990498,46.7901348413476,1.0567857874627,0.591968105836636,0.560159033987318
Fribourg,881f8359b1fffff,7.23937624090452,46.7924929748287,1.27704394177001,0.644497719466179,0.504679360189352
Fribourg,881f8359b3fffff,7.25099342454983,46.7911967068726,1.52866287919895,0.715694370109268,0.468183259924716
Fribourg,881f8359b5fffff,7.23112871134904,46.7862554187326,1.18803593873483,0.581338932947213,0.48932773327236
Fribourg,881f8359b9fffff,7.2360073943991,46.8000253578336,1.16781230755514,0.654611612068141,0.560545224462136
Fribourg,881f8359bbfffff,7.24762553126345,46.7987298241243,1.30662669101349,0.673559248352605,0.51549478744396
Fribourg,881f8359c1fffff,7.20265665889224,46.8251999747989,1.0081850887737,0.926567815769166,0.919045348008658
Fribourg,881f8359c3fffff,7.21427676234931,46.8239092198977,1.02357431069952,0.880872729177475,0.860585030290064
Fribourg,881f8359c5fffff,7.19441047936921,46.8189619282538,1.08497450471154,0.947613082431831,0.873396635881105
Fribourg,881f8359c7fffff,7.20602918228715,46.8176717260823,0.871129136789752,0.722841045375652,0.829774846057193
Fribourg,881f8359c9fffff,7.19928354473066,46.8327273346778,0.991994992699404,0.982001887105828,0.989926253996119
Fribourg,881f8359cbfffff,7.21090460100175,46.8314373145688,1.0141417470811,0.955121410368169,0.941802675136089
Fribourg,881f8359cdfffff,7.19103700358862,46.8264894421255,1.08171883800485,1.03298497151871,0.954947750955294
Fribourg,881f8359d5fffff,7.22589731302984,46.8226171772627,1.03924872478196,0.820794689991084,0.789796196443055
Fribourg,881f8359d7fffff,7.23751831000357,46.8213238467348,1.13099529030505,0.810025276557804,0.716205702624393
Fribourg,881f8359d9fffff,7.23077721001097,46.8363820856902,1.19588377473244,1.04802250368881,0.87635815940666
Fribourg,881f8359e1fffff,7.1895393085849,46.8051946191125,1.0512969288059,0.752142260092991,0.715442268957547
Fribourg,881f8359e5fffff,7.1812970144981,46.7989550069577,1.27554335672419,0.827995808137019,0.649131841557664
Fribourg,881f8359e7fffff,7.19291196443958,46.7976651743562,1.13206827020449,0.714121882209359,0.630811675412793
Fribourg,881f8359e9fffff,7.1861660622093,46.8127231754333,1.35109854870802,1.09113866077477,0.807593688719571
Fribourg,881f8359ebfffff,7.19778336444011,46.8114335256539,0.92175286384887,0.718480422599588,0.779471863639785
Fribourg,881f8359edfffff,7.17792340718883,46.8064837168372,1.47921006948421,1.08367695937092,0.732605180107241
Fribourg,881f835a21fffff,7.1606491178705,46.8941970441171,0.712251819210198,0.417337577543621,0.58594104821859
Fribourg,881f835a23fffff,7.17227734801034,46.8929141936717,0.907914119282277,0.591226781270167,0.651192407644836
Fribourg,881f835a29fffff,7.15726972773913,46.9017156606864,1.24326034088111,0.701767843270517,0.564457676477613
Fribourg,881f835a2bfffff,7.16889891101204,46.9004335458128,0.982094053603315,0.608631147157315,0.619727962840463
Fribourg,881f835a2dfffff,7.14902134000295,46.8954786060212,1.47653492768638,0.790627696737419,0.535461560652868
Fribourg,881f835a31fffff,7.19215863171275,46.897865449424,0.58923690301353,0.454133069664149,0.770713896807176
Fribourg,881f835a33fffff,7.20378916727633,46.8965794675876,0.527336478624921,0.452480238224271,0.858048431248594
Fribourg,881f835a35fffff,7.18390602949089,46.8916300545243,0.70362562406187,0.512609705276014,0.728526204484759
Fribourg,881f835a37fffff,7.19553516138036,46.8903446265141,0.56015975337654,0.456210455050207,0.814429191494488
Fribourg,881f835a3dfffff,7.18052854598056,46.8991501421123,0.732715573911825,0.505153634751133,0.689426638025745
Fribourg,881f835a45fffff,7.14712800384977,46.9242661652965,1.51268715690627,0.895313089939989,0.59186930083486
Fribourg,881f835a49fffff,7.1519978420793,46.9380169430484,0.910692941342225,0.589294125197155,0.647083224702086
Fribourg,881f835a4dfffff,7.14374624428104,46.9317812178646,1.0646069457914,0.657213305403948,0.617329529928431
Fribourg,881f835a51fffff,7.18690240935295,46.9341738979067,0.451234644041263,0.333169712557634,0.738351358782566
Fribourg,881f835a59fffff,7.18352328072801,46.9416901106608,0.507841051239169,0.366109708241949,0.720913969732487
Fribourg,881f835a5bfffff,7.19515999407889,46.940407251467,0.413807902196007,0.314697708761487,0.76049226486841
Fribourg,881f835a61fffff,7.14226006194875,46.9105134769657,1.65616706018869,0.885853314036621,0.53488161631212
Fribourg,881f835a63fffff,7.15388974544665,46.9092333865267,1.33703532464956,0.749711775281196,0.560726976662115
Fribourg,881f835a67fffff,7.14564099709363,46.902996486894,1.59437089330236,0.839634797347054,0.526624514329882
Fribourg,881f835a69fffff,7.13887853443621,46.9180295760552,1.64750946520749,0.91607552074417,0.55603657526107
Fribourg,881f835a6bfffff,7.15050917086091,46.916750221457,1.49758184316371,0.855584978411115,0.571310998672134
Fribourg,881f835a85fffff,7.24694344249269,46.8989462530503,0.635817013307182,0.675966883105372,1.06314689440182
Fribourg,881f835a87fffff,7.25857716926515,46.8976545577168,0.693669732705231,0.733931013271056,1.05804099367117
Fribourg,881f835aa7fffff,7.24542829363393,46.877665369659,0.978777401209817,1.01704043442148,1.03909268150691
Fribourg,881f835aa9fffff,7.23868346363013,46.8927137855881,0.553948582865366,0.583726214817818,1.05375522724225
Fribourg,881f835aabfffff,7.25031578919281,46.8914226455594,0.635077286359326,0.675709695966439,1.06398025953667
Fribourg,881f835ab3fffff,7.28521543314867,46.8875414851588,1.08657566331571,1.02420278273053,0.942596836381508
Fribourg,881f835ab7fffff,7.27695161773881,46.8813105288525,1.07459074827291,1.02180401439139,0.950877360552041
Fribourg,881f835b01fffff,7.11604544906471,46.8705233168078,1.59693212436491,0.828938969511839,0.519082155631069
Fribourg,881f835b03fffff,7.12766760384833,46.8692439633991,1.54997425167478,0.845872820052106,0.545733465661201
Fribourg,881f835b07fffff,7.11942663885072,46.8630039272338,1.51515587428946,0.839895388754811,0.554329361755394
Fribourg,881f835b09fffff,7.11266366740644,46.8780418161979,1.12696560158774,0.561280089843852,0.498045449704129
Fribourg,881f835b0bfffff,7.12428677325006,46.8767631986949,1.67471941644055,0.851640038501572,0.508526998696683
Fribourg,881f835b1dfffff,7.13591033402329,46.8754832936697,1.54676046745654,0.842076439282938,0.544412956627751
Fribourg,881f835b31fffff,7.13442748978189,46.8542028226543,1.41104234468857,0.932629335317648,0.660950636122467
Fribourg,881f835b33fffff,7.14604819653168,46.8529207105026,1.00533710628769,0.746769948952009,0.742805516956927
Fribourg,881f835b35fffff,7.12618724333336,46.8479624782607,1.58542411260006,1.03747942758438,0.654386053131824
Fribourg,881f835b37fffff,7.13780654538081,46.8466809175688,1.43825087354123,1.04389663173637,0.725809836754078
Fribourg,881f835b39fffff,7.13104784264831,46.8617238379917,1.45361467682258,0.869464152310875,0.598139359882782
Fribourg,881f835b3dfffff,7.12280723689637,46.8554836476575,1.46648684854983,0.881634650735158,0.601188242231412
Fribourg,881f835b43fffff,7.1092812937441,46.885559425223,1.32899325043739,0.653621974297111,0.491817376861768
Fribourg,881f835b4bfffff,7.10589832794578,46.8930761437017,1.31823211285758,0.658642797099245,0.499640989378933
Fribourg,881f835b51fffff,7.12914879995706,46.89052056498,1.82936057379403,0.89728403019645,0.490490526061527
Fribourg,881f835b53fffff,7.1407747184932,46.8892408438012,1.63631065789929,0.845990455500013,0.517010905854578
Fribourg,881f835b55fffff,7.12090535072162,46.8842815436977,1.78972778335081,0.874138842649881,0.488419999276804
Fribourg,881f835b57fffff,7.13252986298418,46.8830023745259,1.69940056263628,0.863058762444873,0.507860701838305
Fribourg,881f835b5bfffff,7.13739401533906,46.8967588795453,1.7667012427414,0.889425270321416,0.503438413243707
Fribourg,881f835b5dfffff,7.11752333613111,46.8917989982262,1.42249599726097,0.690126094388545,0.485151519383809
Fribourg,881f9c8031fffff,7.0327457478278,46.5647949284985,0.63505371209147,0.433718053036754,0.68296278689303
Fribourg,881f9c8033fffff,7.04431715445905,46.5635088716692,0.781583085106703,0.560432340255739,0.717047683010217
Fribourg,881f9c8035fffff,7.02454989815592,46.55853674457,0.565863558297252,0.378180568020775,0.668324656139305
Fribourg,881f9c8037fffff,7.03611990604409,46.5572512310265,0.659829024018268,0.454918697248659,0.689449358378125
Fribourg,881f9c803bfffff,7.04094334944828,46.5710524207834,0.769161609377646,0.544551030914209,0.707979993118511
Fribourg,881f9c805bfffff,7.035643019344,46.607473983722,0.922012189444827,0.674811073368894,0.731889535837069
Fribourg,881f9c8081fffff,7.09544225244061,46.5721529671006,1.60893393458414,1.42324475269835,0.884588684535528
Fribourg,881f9c8085fffff,7.0872373081892,46.5658983445117,1.37036112108274,1.22171227952222,0.891525788878868
Fribourg,881f9c8089fffff,7.09207198191934,46.5796984235085,1.51688414845326,1.29726617850942,0.855217703891371
Fribourg,881f9c808dfffff,7.08386668245655,46.57344394976,1.27207974848812,1.09943921245597,0.864284816862039
Fribourg,881f9c80a1fffff,7.08240450884581,46.5520963912575,1.30290136469802,1.17050766822528,0.898385480236697
Fribourg,881f9c80a5fffff,7.07420342212559,46.5458402337866,1.14347019850755,0.989827698233643,0.865634888889589
Fribourg,881f9c80a9fffff,7.07903411554773,46.5596430284309,1.14740134132037,1.0076878117856,0.878234821153343
Fribourg,881f9c80abfffff,7.09060734658495,46.5583518559018,1.50383630961727,1.37516272360946,0.914436441529628
Fribourg,881f9c80adfffff,7.0708326742916,46.553387019359,0.968837934836936,0.821051929129312,0.847460550011909
Fribourg,881f9c80c1fffff,7.07712366845974,46.588532509424,1.15399647853881,0.936803631732775,0.81179071960337
Fribourg,881f9c80c3fffff,7.08870112387334,46.5872429962551,1.4348747699055,1.18563013931101,0.826295203022558
Fribourg,881f9c80c5fffff,7.06891941145737,46.5822776397095,1.48779576894296,1.19686530258394,0.804455374566822
Fribourg,881f9c80c7fffff,7.08049546925683,46.5809886714596,1.20257079833023,1.00581651734678,0.836388609089259
Fribourg,881f9c80c9fffff,7.07375127993504,46.5960754634664,1.05199000779997,0.83464570015522,0.793396984730602
Fribourg,881f9c80cbfffff,7.08532967817233,46.594786685154,1.3534806539272,1.08486862022934,0.80153980559791
Fribourg,881f9c80cdfffff,7.06554666826122,46.589820742766,1.47751048791663,1.16243287395326,0.786751013586617
Fribourg,881f9c80d9fffff,7.1051176910355,46.5997495623815,1.70552033411646,1.29828659035371,0.761226098794232
Fribourg,881f9c80dbfffff,7.1166983944128,46.5984576778075,2.60732518675034,1.95412400922846,0.749474602998788
Fribourg,881f9c80ddfffff,7.09690853105802,46.5934966267294,1.41122827496559,1.12810933913808,0.799381190945585
Fribourg,881f9c80e3fffff,7.07566313497042,46.5671887823553,1.03884528547986,0.88653228527241,0.853382402234138
Fribourg,881f9c8165fffff,6.91761046908394,46.527365304438,0.650058543991972,0.646338041900232,0.994276666115497
Fribourg,881f9c8169fffff,6.92240726269266,46.5411703517021,0.688518840478258,0.667023834233888,0.968780801656149
Fribourg,881f9c816dfffff,6.91422857777894,46.5349054734724,0.740534324295742,0.740846921862293,1.00042212434494
Fribourg,881f9c8191fffff,7.06937460116946,46.5320355673469,1.27698025588052,1.06530543493438,0.834237984517481
Fribourg,881f9c8195fffff,7.06117736967414,46.5257778777686,1.20375538073925,0.948783124344094,0.78818598822082
Fribourg,881f9c8199fffff,7.06600408619956,46.53958338399,1.02899312463041,0.846493942873924,0.822642953205313
Fribourg,881f9c819bfffff,7.07757358286811,46.5382925652652,1.37199480557577,1.2047924230537,0.878131912859614
Fribourg,881f9c819dfffff,7.0578065008429,46.533325842369,0.94645317132911,0.736038696693713,0.777681050674793
Fribourg,881f9c81b1fffff,7.05635252369591,46.5119705022163,1.38982573944881,1.04919772420457,0.754913148047374
Fribourg,881f9c81b5fffff,7.04815914512012,46.5057112833066,1.20513710740984,0.870693538452864,0.722485045974739
Fribourg,881f9c81b7fffff,7.05972257257628,46.5044206251667,1.63017428416296,1.24539398149677,0.76396370228367
Fribourg,881f9c81b9fffff,7.05298188815727,46.5195194970315,1.11935625082066,0.83586550568177,0.746737694160328
Fribourg,881f9c81bbfffff,7.06454765165946,46.5182290306329,1.49651824769501,1.19174399409903,0.796344445471742
Fribourg,881f9c81bdfffff,7.04478815639378,46.5132604256367,0.990563037651232,0.70800307097738,0.714748122094438
Fribourg,881f9c81cbfffff,7.02792440921171,46.5509928989043,0.598939637440548,0.402908004538865,0.672702187920997
Fribourg,881f9c8201fffff,6.99077245310361,46.6339265816923,0.911153528627688,0.661427933676939,0.725923692215881
Fribourg,881f9c8203fffff,7.00235186771065,46.632648423849,0.976797511491059,0.706187192955334,0.722961703574935
Fribourg,881f9c8205fffff,6.98257483363398,46.627669193116,0.845040630419601,0.617222089902282,0.730405222759293
Fribourg,881f9c8207fffff,6.99415284511036,46.6263915787333,0.89103397302392,0.641303092822259,0.719729114980718
Fribourg,881f9c8209fffff,6.98739147228574,46.6414606993589,0.779342754733525,0.568834561584818,0.729890100510802
Fribourg,881f9c820bfffff,6.99897182795867,46.6401832774892,1.10126984433282,0.800205670050135,0.726620886032636
Fribourg,881f9c820dfffff,6.97919350098684,46.6352034600504,0.869012442132673,0.639605042318505,0.73601367633912
Fribourg,881f9c8211fffff,7.02213392416358,46.637624594273,1.24331797245788,0.923559754019643,0.742818630855856
Fribourg,881f9c8215fffff,7.01393174388972,46.6313689863584,1.04156860915773,0.758973886447064,0.728683525764866
Fribourg,881f9c8217fffff,7.02551208072233,46.6300882690588,1.07999444526006,0.801976004060752,0.742574193395629
Fribourg,881f9c8219fffff,7.01875517887847,46.645160034229,1.1893732485577,0.880815555801157,0.740571184755737
Fribourg,881f9c821dfffff,7.01055264555749,46.6389045758478,1.18506771491919,0.86605591113364,0.730807109358048
Fribourg,881f9c8221fffff,6.97776006473806,46.6138758111542,0.710055342110156,0.5199337500256,0.732243980420527
Fribourg,881f9c8223fffff,6.98933573280159,46.6125980038919,0.729590958256014,0.521189262571875,0.714358171073974
Fribourg,881f9c8225fffff,6.96956630650995,46.6076168896924,0.64196844014988,0.480147412154381,0.747929932571579
Fribourg,881f9c8229fffff,6.97437896932159,46.6214111122611,0.77368470027344,0.573021609862942,0.740639707183587
Fribourg,881f9c822bfffff,6.98595557752882,46.6201340410014,0.796099546179812,0.575339242235639,0.72269761362945
Fribourg,881f9c822dfffff,6.96618485993816,46.6151523396282,0.708943478441633,0.536330973994618,0.756521486273569
Fribourg,881f9c8231fffff,7.0091101811262,46.6175760610962,0.883635248280863,0.628781028544057,0.711584366702628
Fribourg,881f9c8233fffff,7.02068817468089,46.6162951521269,0.923408130223573,0.664980908598715,0.720137593371321
Fribourg,881f9c8235fffff,7.00091186321151,46.6113189176793,0.873928171630567,0.616187437366785,0.705077896982206
Fribourg,881f9c8239fffff,7.00573131872308,46.6251126849896,0.950353230191216,0.681997259212382,0.717625023566406
Fribourg,881f9c823bfffff,7.01731025355407,46.623832511723,1.00275977276937,0.726865971223669,0.724865507135622
Fribourg,881f9c823dfffff,6.99753264843623,46.6188556906671,0.837039675979498,0.596293206042605,0.712383442690249
Fribourg,881f9c8241fffff,6.97242906891469,46.6502693376377,0.776196888890779,0.57271735939701,0.737850624749926
Fribourg,881f9c8245fffff,6.96423215039117,46.6440117044328,0.877128923887343,0.657454145027282,0.749552462725222
Fribourg,881f9c8247fffff,6.97581157945717,46.6427368416193,0.864913206545044,0.63873898056003,0.738500667727711
Fribourg,881f9c824dfffff,6.96084869941993,46.6515434641566,0.866324988670876,0.645521061609822,0.745125755405239
Fribourg,881f9c8257fffff,7.00717295842706,46.6464392800058,1.11620969238501,0.815867864991664,0.730927056589514
Fribourg,881f9c8261fffff,6.9594202007613,46.6302205844475,1.25444587931396,0.962479385474188,0.767254611255572
Fribourg,881f9c8263fffff,6.97099728521175,46.6289455283,0.827023207168615,0.617957869298408,0.747207410798108
Fribourg,881f9c8265fffff,6.9512271446772,46.6239614182058,1.2018081979837,0.948222490677507,0.788996523961448
Fribourg,881f9c8267fffff,6.96280282473199,46.6226869046084,1.15965653014435,0.885459698536474,0.763553410444946
Fribourg,881f9c8269fffff,6.95603698789594,46.6377533789605,1.24719946252077,0.955895225585234,0.766433320660059
Fribourg,881f9c826bfffff,6.96761501227835,46.6364790590856,0.863047690059187,0.647639977766342,0.750410417901619
Fribourg,881f9c826dfffff,6.94784358120001,46.6314943617214,1.30911941302743,1.0323026178343,0.788547330030825
Fribourg,881f9c8281fffff,7.07183801621103,46.6249525985439,1.50941321210028,1.17170604469726,0.776265925926864
Fribourg,881f9c8285fffff,7.06363058669196,46.6186990201995,1.04853823244046,0.819667690624247,0.781724180640011
Fribourg,881f9c8289fffff,7.06846363027937,46.6324918654096,0.826620314489852,0.647030203751731,0.782741716371978
Fribourg,881f9c828dfffff,7.06025584595339,46.626238436692,0.895366561996904,0.704471344512386,0.786796575182827
Fribourg,881f9c8291fffff,7.10321570539482,46.6286288715663,0.996127907217661,0.668816460289569,0.671416246290777
Fribourg,881f9c8293fffff,7.11480063896036,46.6273386447267,1.10992383186011,0.707621829426086,0.637540891648567
Fribourg,881f9c8297fffff,7.10658725965168,46.6210873997763,1.18505462930513,0.803810469362833,0.678289801571559
Fribourg,881f9c8299fffff,7.09984356291882,46.6361694586133,0.843339776579094,0.567282605685969,0.672661982086369
Fribourg,881f9c829bfffff,7.11142944115364,46.6348799665713,0.939776267208933,0.593304796592642,0.631325579602807
Fribourg,881f9c82a1fffff,7.05879941833841,46.6049042967051,0.973895005599676,0.751041295234657,0.771172755703991
Fribourg,881f9c82a3fffff,7.0703783035524,46.6036175334006,1.09323806354356,0.855596282319085,0.782625770955875
Fribourg,881f9c82a7fffff,7.06217333726499,46.5973629618266,0.888068776994142,0.688850676542479,0.77567266678831
Fribourg,881f9c82a9fffff,7.05542491135113,46.6124447472152,1.00823365512482,0.77838108358324,0.772024500101492
Fribourg,881f9c82abfffff,7.06700473918151,46.6111587190404,1.07056352399895,0.834292438191971,0.779302133399408
Fribourg,881f9c82adfffff,7.04722098996274,46.606189780092,0.844867894971118,0.635702050376323,0.752427751320879
Fribourg,881f9c82b1fffff,7.09016576273912,46.6085828219214,1.33748145232976,1.01398423036808,0.758129564041299
Fribourg,881f9c82b3fffff,7.10174695662775,46.6072929526573,1.52595628945382,1.12460086783481,0.736981049593066
Fribourg,881f9c82b5fffff,7.08195764468597,46.6023294900185,1.26766947662739,0.993497028387755,0.78371929489928
Fribourg,881f9c82b7fffff,7.09353744082007,46.6010401663987,1.4860460344938,1.15168265047755,0.774997963552221
Fribourg,881f9c82bdfffff,7.0785850232839,46.6098714106625,1.17885511395442,0.912536651095532,0.774087197225165
Fribourg,881f9c82c1fffff,7.05350459920742,46.6413146149346,0.97282417156258,0.768415313174592,0.789880983261693
Fribourg,881f9c82c3fffff,7.06508865591026,46.6400302473109,0.781009883505312,0.615062162610001,0.78752161220994
Fribourg,881f9c82c5fffff,7.04529786072173,46.6350607906765,1.05817632858793,0.825536989352988,0.780150686657878
Fribourg,881f9c82c7fffff,7.05688051683536,46.6337769683323,1.00127535120791,0.791659204280144,0.790650846767681
Fribourg,881f9c82c9fffff,7.05012809293908,46.6488513763135,0.942768823824057,0.738155138623533,0.782965155370146
Fribourg,881f9c82cbfffff,7.0617130929732,46.6475677440624,0.86078833541323,0.677548447413483,0.787125498265749
Fribourg,881f9c82d1fffff,7.08488446347067,46.6449966364318,0.701987609108703,0.512922225180569,0.730671337392713
Fribourg,881f9c82d5fffff,7.07667316937659,46.6387445988231,0.736258458036838,0.561568143415557,0.762732349334124
Fribourg,881f9c82d9fffff,7.0815101997019,46.6525347183648,0.614151188708869,0.455156485865479,0.741114719361459
Fribourg,881f9c82dbfffff,7.09309751278702,46.651247977735,0.61288751928484,0.424953833229818,0.693363496332384
Fribourg,881f9c82ddfffff,7.07329855012386,46.646282830822,0.78646920473734,0.60536459117845,0.769724469225246
Fribourg,881f9c82e1fffff,7.04046950319757,46.6212683259749,1.04254271260911,0.791610691720637,0.759307683173499
Fribourg,881f9c82e3fffff,7.05204981617286,46.6199843131711,1.03911825222197,0.806264899323551,0.775912556246123
Fribourg,881f9c82e5fffff,7.03226662818218,46.6150129635977,1.02725550731825,0.756060497443919,0.736000432275793
Fribourg,881f9c82e7fffff,7.04384554071179,46.6137294953475,0.915473065721004,0.69153558337061,0.755386050408783
Fribourg,881f9c82e9fffff,7.03709287728977,46.6288062717886,1.08341268515941,0.825269408163428,0.761731350821316
Fribourg,881f9c82ebfffff,7.04867413267317,46.6275229943867,1.0598300011237,0.826309181004464,0.779662002517724
Fribourg,881f9c82edfffff,7.02888964868507,46.6225510587719,1.03346491214327,0.76477969186717,0.740015149891365
Fribourg,881f9c8301fffff,6.93342596712068,46.5901103413341,0.637708706473863,0.555402703442499,0.87093479797937
Fribourg,881f9c8303fffff,6.944995556917,46.5888359806282,0.620661555335866,0.514174519461791,0.828429785994315
Fribourg,881f9c8305fffff,6.92524062895044,46.5838481173244,0.678675121158198,0.616021459218996,0.90768239473361
Fribourg,881f9c8307fffff,6.93680881465403,46.5825742977168,0.602302200444146,0.520626921537432,0.864394852207937
Fribourg,881f9c8309fffff,6.93004253118967,46.5976455004461,0.679476866468466,0.596020621919268,0.877175738177879
Fribourg,881f9c830bfffff,6.94161305907541,46.5963718760703,0.620774808291892,0.518851787016717,0.835813212917541
Fribourg,881f9c830dfffff,6.9218568437525,46.5913834245608,0.809372709084872,0.738903467462162,0.9129335090846
Fribourg,881f9c8319fffff,6.96137430261612,46.6013572771169,0.595773947115455,0.458379718675699,0.769385302756232
Fribourg,881f9c831dfffff,6.95318405282805,46.5950969739285,0.618452099122078,0.492526525021285,0.796385889417224
Fribourg,881f9c8321fffff,6.92044059015586,46.5700488650648,0.72555016554443,0.682046270642067,0.940040128211232
Fribourg,881f9c8323fffff,6.9320064344613,46.5687748498597,0.676713319391764,0.607438678718368,0.897630741573611
Fribourg,881f9c8325fffff,6.91225910746187,46.5637851163262,0.806785006663251,0.785487820739004,0.973602402438874
Fribourg,881f9c8327fffff,6.92382354782746,46.562511641494,0.70334320310694,0.659157743799937,0.937177953647922
Fribourg,881f9c8329fffff,6.9170570443352,46.577585204542,0.739634495199935,0.697614038090148,0.943187537381652
Fribourg,881f9c832bfffff,6.92862382581009,46.5763119256954,0.653591764687351,0.589826475012906,0.90243865801316
Fribourg,881f9c832dfffff,6.90887521304533,46.571321603488,1.36997933231725,1.33411362424799,0.973820256099345
Fribourg,881f9c8351fffff,6.94641916874352,46.6101675834047,0.645483811914354,0.523724815941302,0.811367855048226
Fribourg,881f9c8353fffff,6.95799250525513,46.6088928757182,0.658751076417003,0.512386540700663,0.777815109597349
Fribourg,881f9c8355fffff,6.93822997277687,46.6039068868943,0.676121604455024,0.569656257793149,0.842535209701383
Fribourg,881f9c8357fffff,6.94980190504386,46.6026327210319,0.628300560904989,0.505394508988835,0.804383348410316
Fribourg,881f9c835bfffff,6.95461011931887,46.6164275894763,1.0211244008988,0.801530216430889,0.78494864653648
Fribourg,881f9c8403fffff,7.24562478152749,46.6055112634728,2.07320899278162,1.25238311788201,0.604079531895957
Fribourg,881f9c8405fffff,7.22580890092472,46.6005704115772,1.30839939595197,0.883261323166447,0.675070109248867
Fribourg,881f9c8407fffff,7.23739642417748,46.5992658969771,1.79478309774208,1.18142306581899,0.658253951302122
Fribourg,881f9c8411fffff,7.26544563825892,46.6104490326752,2.80776039078856,1.57852205761365,0.562199702934879
Fribourg,881f9c8413fffff,7.277036826155,46.6091408521456,2.98923697464844,1.71921706573624,0.575135755484368
Fribourg,881f9c8415fffff,7.25721413821124,46.6042049164377,2.55937517085665,1.53675549474788,0.600441667265809
Fribourg,881f9c8417fffff,7.26880393620971,46.6028972862591,2.90858450130859,1.76369083387633,0.60637428037
Fribourg,881f9c841bfffff,7.27367889060366,46.616692447885,2.92063613265152,1.55526194957106,0.532507946533929
Fribourg,881f9c841dfffff,7.25385489110368,46.6117559297777,3.0787106907837,1.71861669403849,0.558226110424494
Fribourg,881f9c8429fffff,7.21758368692187,46.5943237962804,1.20256931682231,0.884484385134067,0.735495553363397
Fribourg,881f9c842bfffff,7.22916981883343,46.5930198307914,1.49193698199219,1.07003150325165,0.717209584698963
Fribourg,881f9c8439fffff,7.24898439024098,46.5979600996732,2.26366070364159,1.4655781089843,0.647437182889909
Fribourg,881f9c8441fffff,7.21572262335624,46.6232168514298,0.982849828398431,0.539668835877248,0.549085750726178
Fribourg,881f9c8449fffff,7.21235935578333,46.6307638965899,0.923920430328034,0.473339237880316,0.512316020235919
Fribourg,881f9c844bfffff,7.22395067161427,46.6294623159735,2.03389771433291,1.01447168924929,0.498782058753637
Fribourg,881f9c844dfffff,7.20413270056564,46.6245178827254,0.822741017134488,0.463747889935355,0.563662051942584
Fribourg,881f9c8461fffff,7.20263518654099,46.6031755932924,0.954665646772025,0.675559984557684,0.707640404619072
Fribourg,881f9c8463fffff,7.21422182140513,46.6018736436301,1.11459080894496,0.772709437578695,0.693267368954998
Fribourg,881f9c8467fffff,7.20599799931562,46.5956264795061,1.08986389576652,0.818118606085875,0.750661260790253
Fribourg,881f9c8469fffff,7.1992717863976,46.6107238233029,0.855323708756901,0.566705649759535,0.662562774722059
Fribourg,881f9c846dfffff,7.19104899725429,46.6044762607212,0.90460008196714,0.645533384430556,0.713611901324154
Fribourg,881f9c8481fffff,7.31516752288134,46.5976539309976,2.81498593086906,1.91915332600437,0.681763025867727
Fribourg,881f9c8485fffff,7.30693083041881,46.5914118671414,3.2293635093092,2.28694526427542,0.708172139086511
Fribourg,881f9c8489fffff,7.31181302505025,46.6052086084387,2.84295040071681,1.81553175099148,0.638608310061871
Fribourg,881f9c848dfffff,7.30357596885919,46.5989666953055,3.28821342839569,2.18086213807034,0.66323618754102
Fribourg,881f9c84a9fffff,7.29869588906492,46.5851691015786,3.55112134424254,2.61025843161208,0.735051883215455
Fribourg,881f9c84c1fffff,7.29686448513433,46.6140737015852,3.35437210553642,1.92227338025149,0.573065038633835
Fribourg,881f9c84c5fffff,7.28862845386824,46.6078313880332,3.72452493812293,2.21596050587219,0.594964604261446
Fribourg,881f9c84c7fffff,7.30022052047469,46.6065206401825,3.33329245279866,2.05872584095013,0.617625326941119
Fribourg,881f9c84cdfffff,7.28527146824778,46.6153837166682,3.71665096034804,2.04686867748479,0.550729325761898
Fribourg,881f9c8607fffff,7.2138601871301,46.6521003457437,1.89874999352277,0.801217338868218,0.421970950152164
Fribourg,881f9c8621fffff,7.19740368179047,46.6396096211279,1.43606229010413,0.709701683314833,0.494199790778832
Fribourg,881f9c8625fffff,7.18917806044774,46.6333632088123,0.781011680429057,0.418766153769672,0.536184239318442
Fribourg,881f9c8627fffff,7.2007684850868,46.6320641941503,0.803751974965007,0.422752262176339,0.525973528332224
Fribourg,881f9c8629fffff,7.19403829054575,46.6471541634718,1.51766733763958,0.712608957759479,0.469542264029873
Fribourg,881f9c862dfffff,7.18581230952195,46.6409079018533,1.43963182282467,0.727503054657007,0.505339659156455
Fribourg,881f9c8631fffff,7.22881792732481,46.6432538237858,2.35367732214778,1.01453707098776,0.431043398107764
Fribourg,881f9c8635fffff,7.22058776462929,46.6370092104435,1.92263373108671,0.898559600171268,0.46735869949779
Fribourg,881f9c8637fffff,7.23218047335298,46.63570708017,2.48339870357674,1.13593217025602,0.457410309758147
Fribourg,881f9c8639fffff,7.22545479344093,46.6507996828054,2.28897597621276,0.939073845319931,0.410259371473911
Fribourg,881f9c863dfffff,7.2172242698449,46.644555220429,1.88264588317399,0.831470138808452,0.441649779302447
Fribourg,881f9c8681fffff,7.29167370899388,46.6505181151597,3.27177450918936,1.36822149983257,0.418189424726452
Fribourg,881f9c8683fffff,7.30327235761882,46.6492091955641,2.63476453890292,1.15211443945624,0.437274155790772
Fribourg,881f9c8685fffff,7.28343447159407,46.6442771087116,3.90295886349938,1.66786199247045,0.427332711104994
Fribourg,881f9c8687fffff,7.29503173007173,46.6429687409174,3.34602241152578,1.49457631544013,0.446672535812037
Fribourg,881f9c8689fffff,7.28831510024937,46.658066604882,3.19705766524932,1.25728850270522,0.393264255559549
Fribourg,881f9c868bfffff,7.29991470030686,46.6567584182489,2.56157964008759,1.05215467569181,0.410744471585445
Fribourg,881f9c868dfffff,7.28007549950897,46.6518257499385,3.7994628355405,1.52302539078671,0.400852819651295
Fribourg,881f9c86a9fffff,7.27519698788818,46.6380353994053,4.26581634727305,1.87819895845973,0.440290627996768
Fribourg,881f9c86abfffff,7.28679285606805,46.6367275830763,3.98899040477373,1.82677194825248,0.457953457613318
Fribourg,881f9c86c1fffff,7.27335579198089,46.6669203784216,3.3363176117473,1.20209824890765,0.360306897843004
Fribourg,881f9c86c3fffff,7.28495590370696,46.6656142098982,3.12428426716797,1.16204650493153,0.371940068688074
Fribourg,881f9c86c5fffff,7.2651172195294,46.6606791234706,3.53884203208646,1.30627052412131,0.369123716819636
Fribourg,881f9c86c7fffff,7.27671593968164,46.6593735065706,3.67872433857161,1.39258268066856,0.378550430122545
Fribourg,881f9c86cbfffff,7.28159611923545,46.6731609300222,3.37431551070936,1.19523021901569,0.354214125864131
Fribourg,881f9c86d1fffff,7.30479956479818,46.6705462036997,1.87663395743564,0.715850851922007,0.381454704624547
Fribourg,881f9c86d5fffff,7.29655645527269,46.6643067563025,2.76283103862048,1.06977735543497,0.387203321694665
Fribourg,881f9c86d7fffff,7.308157445752,46.6629980174789,1.92552049205352,0.777263486090876,0.403664094616798
Fribourg,881f9c86d9fffff,7.30144109593543,46.6780935049919,2.04715748928889,0.740956418183333,0.361944023388604
Fribourg,881f9c86ddfffff,7.29319762238511,46.6718542095388,2.72019783639107,0.99758366636121,0.366732026992831
Fribourg,881f9c86e1fffff,7.26024127471108,46.6468899908561,3.84859685740626,1.55127223836346,0.403074755771882
Fribourg,881f9c86e3fffff,7.27183765283216,46.6455841919725,4.11875586307115,1.69681236224617,0.411972065996877
Fribourg,881f9c86e7fffff,7.26360155999932,46.6393419314847,4.06021869943108,1.74064785357155,0.42870790527009
Fribourg,881f9c86ebfffff,7.2684777300896,46.6531321000564,3.94769019048992,1.53290364897483,0.388303938507544
Fribourg,881f9c8701fffff,7.15292592611005,46.6159158653703,1.15937934498668,0.743194205054394,0.64102763971781
Fribourg,881f9c8703fffff,7.16451171906369,46.6146197778425,0.989117761737548,0.644940819276144,0.652036435118908
Fribourg,881f9c8705fffff,7.14470871431476,46.6096661112506,2.05209840995352,1.37974254715993,0.672356910598251
Fribourg,881f9c8709fffff,7.14955815234903,46.6234602752995,1.12402144086055,0.679928964786376,0.604907468905419
Fribourg,881f9c870bfffff,7.1611448913056,46.6221649219911,0.979945785038204,0.59795949371234,0.610196505604673
Fribourg,881f9c870dfffff,7.14134058277102,46.6172106711689,1.30427783032085,0.828498269520391,0.635216094500801
Fribourg,881f9c8711fffff,7.18431971543032,46.6195703691747,0.804622364457913,0.499779790243551,0.621135842502042
Fribourg,881f9c8713fffff,7.19590779875479,46.6182711693507,0.793612494663956,0.48986136699594,0.617255109123963
Fribourg,881f9c8715fffff,7.17609796071055,46.6133224084273,0.909600533511254,0.602826315278755,0.662737424913017
Fribourg,881f9c8717fffff,7.18768465012913,46.6120237569666,0.836633066584542,0.558320527714026,0.667342171871481
Fribourg,881f9c8719fffff,7.18095419302719,46.6271160971591,0.806037669480002,0.466142808976772,0.578313925796413
Fribourg,881f9c871bfffff,7.19254322348176,46.6258176312493,0.769636697286096,0.441942130452683,0.574221749055191
Fribourg,881f9c871dfffff,7.17273207930661,46.6208682866689,0.897483779411923,0.554127494491873,0.617423408872042
Fribourg,881f9c8729fffff,7.13649325569661,46.6034156601328,2.38191732424304,1.68325883140217,0.706682307681311
Fribourg,881f9c872dfffff,7.12827955003231,46.5971645125176,2.6436446018823,1.96904929114662,0.744823751931194
Fribourg,881f9c8739fffff,7.16787795910023,46.6070737495076,1.08223045307273,0.755264522674867,0.697877721450618
Fribourg,881f9c873bfffff,7.17946325446684,46.6057756460738,0.951727463903113,0.675413031584112,0.70967063282401
Fribourg,881f9c8747fffff,7.13797186335847,46.6247543467523,2.11953508276478,1.28421694355098,0.605895582476421
Fribourg,881f9c8751fffff,7.16599855303291,46.6359573900713,1.64791026533211,0.898837731611789,0.545440944522937
Fribourg,881f9c8753fffff,7.17758808278891,46.6346609407333,1.46329949861683,0.793110110103532,0.542001217695498
Fribourg,881f9c8755fffff,7.15777747569532,46.6297091817672,1.20350887364467,0.69273529649759,0.575596334740543
Fribourg,881f9c8757fffff,7.16936561012431,46.6284132806124,1.59246134484332,0.91946464757722,0.577385850246609
Fribourg,881f9c875bfffff,7.17422138458477,46.6422048997113,1.5570897249953,0.800626875342866,0.514181593064769
Fribourg,881f9c8761fffff,7.12154127026623,46.6122533472161,1.49797439124402,1.01250641186436,0.675917036888397
Fribourg,881f9c8763fffff,7.13312476673801,46.6109603698762,1.49680877175874,1.00136918747283,0.669002751965588
Fribourg,881f9c8765fffff,7.11332860403016,46.6060018027107,1.59118738283927,1.14270554491227,0.718146434063133
Fribourg,881f9c8767fffff,7.12491070402647,46.6047093719222,1.66079295782706,1.17492216936185,0.707446502482218
Fribourg,881f9c8769fffff,7.11817124862104,46.619796438213,1.30415533949321,0.850768355693831,0.652352008944298
Fribourg,881f9c876bfffff,7.12975568996771,46.6185041953969,1.35867109101965,0.867241560544736,0.638301327140102
Fribourg,881f9c876dfffff,7.10995822581996,46.613545043429,1.39321464318691,0.96680614042748,0.693939117820324
Fribourg,881f9c88cbfffff,6.99422732363837,46.4543264075939,0.158286894673756,0.126627290795259,0.799985943601017
Fribourg,881f9c88ddfffff,7.00578003993205,46.4530388055171,0.197721566155592,0.155296555361363,0.785430534366477
Fribourg,881f9c8a51fffff,6.91281553563817,46.5135583937432,0.554380015555883,0.555781864113472,1.00252867801554
Fribourg,881f9c8a59fffff,6.90943388368121,46.5210995926896,0.658145571618281,0.666911848292005,1.01331966217165
Fribourg,881f9c8a5bfffff,6.92099177287729,46.5198242522822,0.553779604412279,0.544933943680035,0.984026748797237
Fribourg,881f9c8a5dfffff,6.90125904909138,46.5148331949918,0.632621697179878,0.643117105527277,1.01659033889319
Fribourg,881f9c8a93fffff,7.02358950346735,46.4869294886317,0.717609225771922,0.501602246566462,0.698990799661049
Fribourg,881f9c8a97fffff,7.01540312018971,46.4806675127624,0.438410914223174,0.313148396571747,0.714280567413834
Fribourg,881f9c8ab1fffff,6.99903559818937,46.4681414975654,0.211176066462378,0.161441615478771,0.764488221526435
Fribourg,881f9c8ab3fffff,7.01059064804899,46.4668540899201,0.281759029707888,0.21083080267852,0.74826635688339
Fribourg,881f9c8ab7fffff,7.00240811212183,46.4605905921664,0.200131262718779,0.154947609508342,0.774229909927025
Fribourg,881f9c8abbfffff,7.00721848517239,46.4744048489065,0.29308955217591,0.216105054897228,0.737334556257139
Fribourg,881f9c8f41fffff,7.04333827071315,46.4919012027174,1.05045440676024,0.748504978359101,0.712553513548107
Fribourg,881f9c8f43fffff,7.05489936290141,46.4906103524715,1.47108065549998,1.09696452214878,0.745686185218683
Fribourg,881f9c8f45fffff,7.0351487427524,46.4856404572534,0.720376846646281,0.508097316625722,0.705321553560712
Fribourg,881f9c8f47fffff,7.04670843930656,46.4843501492101,1.08753610784888,0.790875347607776,0.727217553421842
Fribourg,881f9c8f49fffff,7.03996751570701,46.4994513744051,0.949422847641771,0.666507732686465,0.702013580505223
Fribourg,881f9c8f4bfffff,7.05152954724607,46.4981612588556,1.38103188748912,1.01160405766003,0.732498696680525
Fribourg,881f9c8f4dfffff,7.03177763523125,46.4931907760131,1.07641054946168,0.747389349105864,0.694334842295667
Fribourg,881f9c8f61fffff,7.03033183651282,46.4718276757061,0.458607974408485,0.332933853059955,0.725966122785751
Fribourg,881f9c8f69fffff,7.02696096313849,46.4793790229649,0.460852809435521,0.327366661880045,0.710349715088039
Fribourg,881f9c8f6bfffff,7.03851926391875,46.4780892567879,0.728018511174344,0.524773548035746,0.720824457044711
Fribourg,881f9c8f6dfffff,7.0187749316459,46.4731169003534,0.431459252864586,0.313114899040473,0.725711401393318
Fribourg,881f9c9003fffff,6.89758699021158,46.6942579491694,0.496704076968467,0.348225973388517,0.701073314142787
Fribourg,881f9c900bfffff,6.89419624213418,46.7017814431249,0.319497508770594,0.220150860984237,0.689053450937265
Fribourg,881f9c9011fffff,6.91736499082399,46.6992509882366,0.605848808295869,0.433060525431285,0.714799665364363
Fribourg,881f9c9013fffff,6.92895006913429,46.6979838411444,0.614665906251256,0.448828624020563,0.73019931552393
Fribourg,881f9c9015fffff,6.90917019016287,46.6929926243308,0.566191711230648,0.39954872876345,0.705677460192784
Fribourg,881f9c9017fffff,6.92075385968076,46.6917260199594,0.668779027852058,0.476371586957965,0.712300426776158
Fribourg,881f9c9019fffff,6.91397553182897,46.7067750694554,0.468416786932399,0.3367038358567,0.718812487617555
Fribourg,881f9c901bfffff,6.92556155035432,46.7055086594119,0.621126777128337,0.460563967343704,0.741497524020837
Fribourg,881f9c901dfffff,6.90578038151774,46.7005168555086,0.46060408184047,0.323167761920092,0.701617234108709
Fribourg,881f9c9031fffff,6.90436671604993,46.6792083003855,0.67769642307353,0.493910083241001,0.728807274798633
Fribourg,881f9c9033fffff,6.91594803734811,46.6779415013187,0.829249154233274,0.598535482195574,0.721780033347133
Fribourg,881f9c9035fffff,6.89617578141099,46.6729484029976,0.604271112827975,0.459262814549045,0.760027750457416
Fribourg,881f9c9037fffff,6.90775569407152,46.6716821459248,0.782082123808542,0.583869671430439,0.746558006705411
Fribourg,881f9c9039fffff,6.90097714814006,46.686733568195,0.531968123445338,0.379736123905814,0.713832478244035
Fribourg,881f9c903bfffff,6.91255940872955,46.6854675062063,0.676326317173249,0.481475592524349,0.711898354830711
Fribourg,881f9c903dfffff,6.89278586452444,46.6804738203296,0.586388557688492,0.431783374469454,0.736343451467603
Fribourg,881f9c9053fffff,6.91058548256525,46.7142982634322,0.385890233410535,0.278232406977955,0.721014378930792
Fribourg,881f9c9057fffff,6.90238998266374,46.7080401995559,0.342338309899987,0.238715099729528,0.69730758383211
Fribourg,881f9c9081fffff,6.96709321504574,46.6866468038601,0.44098900833507,0.328175382436537,0.744180413193394
Fribourg,881f9c9085fffff,6.95889313401003,46.6803904625098,0.557821023698657,0.408991404614276,0.733194675780488
Fribourg,881f9c9087fffff,6.97047773146779,46.6791180018307,0.497756435581493,0.36570344958018,0.734703608910561
Fribourg,881f9c9089fffff,6.96370810889983,46.6941747193042,0.401551898533809,0.305629839567549,0.761121640025856
Fribourg,881f9c908bfffff,6.97529505403549,46.6929024512903,0.358116566438263,0.271299967139063,0.757574467546544
Fribourg,881f9c908dfffff,6.95550767644828,46.6879185280048,0.514002758835814,0.381188954014267,0.741608770500839
Fribourg,881f9c90c1fffff,6.948734991809,46.7029719988377,0.431563311940924,0.336562633119798,0.779868500883757
Fribourg,881f9c90c3fffff,6.96032241289953,46.701701747979,0.379451303767354,0.298375286316055,0.786333538331948
Fribourg,881f9c90c5fffff,6.94053561552982,46.6967154140676,0.569672284374831,0.4248660085624,0.745807756873158
Fribourg,881f9c90c7fffff,6.95212162909141,46.6954457068421,0.482264081398513,0.365170624397885,0.75720054319395
Fribourg,881f9c90c9fffff,6.94534776447048,46.7104974038079,0.443444274223934,0.358090955674139,0.807521883783097
Fribourg,881f9c90cbfffff,6.95693612691434,46.7092278897007,0.348896314458025,0.285694849296184,0.81885315911113
Fribourg,881f9c90cdfffff,6.93714803732076,46.7042409692607,0.613228393997262,0.468142764907055,0.763406863559462
Fribourg,881f9c90d1fffff,6.98011424899603,46.7066850191544,0.280508526300796,0.223901644556381,0.798199069058906
Fribourg,881f9c90d5fffff,6.97191029967265,46.7004302165209,0.324342362707426,0.253552491470705,0.781743369426654
Fribourg,881f9c90d7fffff,6.98349865120836,46.6991574042999,0.308799395112705,0.237506511353898,0.769128810201242
Fribourg,881f9c90dbfffff,6.98831995709907,46.7129391267043,0.264304634255129,0.213236307656083,0.806782326223796
Fribourg,881f9c90ddfffff,6.96852495539625,46.7079570948707,0.310192238093147,0.252738658668341,0.814780731529609
Fribourg,881f9c90e5fffff,6.92752982750107,46.6766734229649,0.894317348834903,0.644039865427401,0.720146898935195
Fribourg,881f9c90e9fffff,6.93233799784677,46.6904581358907,0.678183884363308,0.490024842286897,0.722554536586993
Fribourg,881f9c90ebfffff,6.94392260374223,46.6891889719604,0.609930840527183,0.447527727285479,0.73373520004115
Fribourg,881f9c90edfffff,6.92414213852965,46.6842001648075,0.81007256021641,0.578203218681165,0.713767194542053
Fribourg,881f9c9113fffff,6.87161352342593,46.6541645664377,0.46042508304941,0.402608674562257,0.874428195561735
Fribourg,881f9c9117fffff,6.86342961863652,46.6479019077877,0.582309198221606,0.520160187131111,0.893271459079987
Fribourg,881f9c9133fffff,6.8586385374803,46.6341115115884,0.453617810302526,0.421947963199694,0.93018385437355
Fribourg,881f9c9135fffff,6.83888844463875,46.6291097994578,0.325106082818941,0.273168445950743,0.840244032292922
Fribourg,881f9c9137fffff,6.85045849306653,46.6278473268767,0.389578060255362,0.35371007659654,0.907931202195239
Fribourg,881f9c9191fffff,6.94107468721852,46.6465575923704,0.980527020813192,0.75778862284365,0.772838082743691
Fribourg,881f9c9193fffff,6.9526531860057,46.6452852879622,0.924293139581536,0.703375889439427,0.760987893686924
Fribourg,881f9c9195fffff,6.93288233577941,46.640298181881,1.44301801290735,1.15647312325185,0.801426671675302
Fribourg,881f9c9197fffff,6.94445942875717,46.6390264198379,1.39955910216918,1.09588361412517,0.78302060443654
Fribourg,881f9c9199fffff,6.93768935645383,46.6540878791339,0.998580068458291,0.75829490235969,0.759373160261873
Fribourg,881f9c919bfffff,6.94926879496032,46.6528163112676,0.934322231700037,0.702598610630485,0.751987469410931
Fribourg,881f9c919dfffff,6.92949665494718,46.6478286178207,1.00140898845201,0.788395489534952,0.787286212353316
Fribourg,881f9c91c1fffff,6.89137628031003,46.6591613614238,0.55437258154189,0.46068300157275,0.830998893003404
Fribourg,881f9c91c3fffff,6.90295384582909,46.6578949088996,0.670937832599536,0.543212189425037,0.80963118046328
Fribourg,881f9c91c5fffff,6.88318920936299,46.6528999333181,0.512644231246028,0.449378577529568,0.876589553026497
Fribourg,881f9c91c7fffff,6.89476536640016,46.6516340220611,0.614899723870601,0.528037356602646,0.85873734546312
Fribourg,881f9c91c9fffff,6.88798660458158,46.6666878145433,0.602563378888532,0.481988662276734,0.799897038492106
Fribourg,881f9c91cbfffff,6.89956510846915,46.6654220991262,0.693565403823058,0.544418547247187,0.784956320263747
Fribourg,881f9c91cdfffff,6.8797991853304,46.6604265355231,0.421015848419638,0.353998195267138,0.840819167724769
Fribourg,881f9c91d1fffff,6.92272352526212,46.6628868319908,0.980764120413581,0.737811698771115,0.752282514637653
Fribourg,881f9c91d3fffff,6.93430343633286,46.6616172799438,1.47657794948929,1.09955196765825,0.744662324151968
Fribourg,881f9c91d5fffff,6.91453188097082,46.6566271777861,0.924616184421427,0.727922664306198,0.787270087384087
Fribourg,881f9c91d7fffff,6.92611038481815,46.6553581679188,1.00725206597905,0.775813290621603,0.770227549612929
Fribourg,881f9c91d9fffff,6.91933607614887,46.6704146098522,0.920727540303963,0.677245156329787,0.735554359660194
Fribourg,881f9c91dbfffff,6.93091692672538,46.6691457946156,0.954808535837446,0.697891942872725,0.730923443474053
Fribourg,881f9c91ddfffff,6.91114408233507,46.6641551049969,0.866791927766605,0.664415095786162,0.766522015840767
Fribourg,881f9c91e1fffff,6.87839367784932,46.6391101781631,0.582651447351132,0.548821973950305,0.941938746475918
Fribourg,881f9c91e5fffff,6.8702104682649,46.632847222105,0.536386581890175,0.514973494817993,0.960079003101226
Fribourg,881f9c91e9fffff,6.87500389539676,46.6466378153099,0.51951752570811,0.474222416999612,0.912813126666401
Fribourg,881f9c91ebfffff,6.88657864381731,46.6453724449821,0.49904493706793,0.452008378366715,0.905746847212654
Fribourg,881f9c91edfffff,6.86682033817976,46.6403750078997,0.475452751234371,0.443119905420478,0.931995669958896
Fribourg,881f9c9203fffff,6.87383935324058,46.7469037691922,0.110127835906961,0.0626691459192444,0.569058180460288
Fribourg,881f9c9207fffff,6.86564527997408,46.7406452215243,0.0956987100059937,0.0532845154797939,0.55679450095468
Fribourg,881f9c9223fffff,6.86084795615068,46.7268675126709,0.11088251123531,0.063500234443105,0.572680341883201
Fribourg,881f9c9283fffff,6.95497767654259,46.7380557357883,0.400722896944235,0.389556450697749,0.972134244557431
Fribourg,881f9c9289fffff,6.93999584264392,46.7468452875854,0.429044960830623,0.40431359116941,0.942357160859474
Fribourg,881f9c9291fffff,6.97477785669733,46.7430401110971,0.406794121240285,0.398909635988272,0.980617996081227
Fribourg,881f9c9293fffff,6.98637279271794,46.7417691554918,0.374308875640418,0.348979293249773,0.932329730767652
Fribourg,881f9c9295fffff,6.96657073911305,46.7367866068141,0.384750318949801,0.373452486255409,0.970635936767434
Fribourg,881f9c9297fffff,6.97816426730292,46.7355161962965,0.340174326842196,0.319267543614995,0.938540972738075
Fribourg,881f9c929bfffff,6.98298673476194,46.7492929191467,0.527898264250196,0.513080011098337,0.971929717986653
Fribourg,881f9c92a3fffff,6.94195994694534,46.7180219215688,0.429748349525367,0.35930859654967,0.836090695744395
Fribourg,881f9c92a5fffff,6.92217244137635,46.7130325905094,0.459601082943465,0.346068877770314,0.752976636943399
Fribourg,881f9c92a7fffff,6.93375986898459,46.7117656373561,0.598717261682253,0.46912381625951,0.78354817254038
Fribourg,881f9c92a9fffff,6.92698176140885,46.7268123115193,0.425814709096942,0.346585990201119,0.813936162365433
Fribourg,881f9c92b1fffff,6.96175249658031,46.723008190193,0.355726983690884,0.319631781598173,0.898531166463108
Fribourg,881f9c92b3fffff,6.97334367452259,46.7217375877032,0.28208174169121,0.248454060073398,0.880787457507182
Fribourg,881f9c92b5fffff,6.95354925081366,46.7167531442854,0.403693712592744,0.345388964413108,0.855571820018769
Fribourg,881f9c92b7fffff,6.96513902107566,46.715483086156,0.33620083334297,0.287456832704118,0.855015229575213
Fribourg,881f9c92b9fffff,6.9583653817795,46.7305324067982,0.447423159076924,0.420401909206834,0.939606948540981
Fribourg,881f9c92bbfffff,6.96995750200019,46.7292625410301,0.33449988986606,0.310314326934435,0.92769635009055
Fribourg,881f9c92bdfffff,6.95016178446692,46.7242775115496,0.449589520925534,0.400793351083592,0.891465064084479
Fribourg,881f9c92c1fffff,6.9250120019493,46.755631195818,0.366894317932862,0.306735070644655,0.836031128453682
Fribourg,881f9c92c3fffff,6.93660601400638,46.7543661037347,0.429387377067246,0.397440147260452,0.925598116029873
Fribourg,881f9c92cbfffff,6.93321559446938,46.7618860316478,0.447341942915417,0.397411756073651,0.888384740951495
Fribourg,881f9c92d1fffff,6.95640690695581,46.7593534770763,0.642833644191183,0.655798368810077,1.02016808662093
Fribourg,881f9c92d5fffff,6.94820049423759,46.7530997301903,0.485423871312986,0.481742398589066,0.992415962746204
Fribourg,881f9c92d9fffff,6.95301778130219,46.7668739908572,0.603655216658308,0.600855884569305,0.995362697096367
Fribourg,881f9c92dbfffff,6.96461508102888,46.7656065277433,0.651128083727269,0.667382770543047,1.02496388532765
Fribourg,881f9c92ddfffff,6.944811016908,46.7606203952363,0.508575915518485,0.493892621799321,0.971128609768722
Fribourg,881f9c9401fffff,7.10572354460184,46.7214570521301,0.961430428615669,0.876979478576062,0.912161142890802
Fribourg,881f9c9403fffff,7.11732258829391,46.7201712504054,0.91402937197317,0.794742454890141,0.869493343714418
Fribourg,881f9c9405fffff,7.09750132906279,46.715209408021,0.754732661389881,0.666005837791486,0.882439401211285
Fribourg,881f9c9407fffff,7.109098971601,46.7139241544813,1.03005700222326,0.891713894220815,0.86569373568274
Fribourg,881f9c9409fffff,7.10234752797566,46.7289890629249,0.665706331016281,0.627163110326472,0.942101766358496
Fribourg,881f9c940bfffff,7.11394751870017,46.7277039964523,0.83716223974866,0.763051586758182,0.911473965891334
Fribourg,881f9c940dfffff,7.09412495545799,46.7227415703657,0.73243002784748,0.668824843856997,0.913158688786408
Fribourg,881f9c9411fffff,7.13714886115725,46.725130012023,0.99876572592301,0.745845763427395,0.746767479168472
Fribourg,881f9c9413fffff,7.14875021104067,46.7238410937459,1.16699497138961,0.758220111543126,0.649720118879578
Fribourg,881f9c9415fffff,7.1289220856101,46.7188841650312,1.13236466411555,0.898241410847563,0.793243942797477
Fribourg,881f9c9417fffff,7.1405220356262,46.7175957958474,1.47023941087435,1.03154426028714,0.701616520858791
Fribourg,881f9c9419fffff,7.13377509715072,46.7326633413803,0.897372387155129,0.699770468685444,0.77979942184746
Fribourg,881f9c941bfffff,7.14537739519993,46.7313751580528,0.958413604595073,0.651413252617008,0.67967863717067
Fribourg,881f9c941dfffff,7.12554796340217,46.7264176462051,0.925535785141362,0.778130145758281,0.840734802749342
Fribourg,881f9c9421fffff,7.09265701256074,46.7014278642616,0.793228055632332,0.639316422166837,0.805967990702495
Fribourg,881f9c9423fffff,7.10425230769567,46.7001424232868,1.27017843628377,1.00217722512383,0.789005069284559
Fribourg,881f9c9425fffff,7.0844386697626,46.6951786709667,0.791078107582991,0.614350137363205,0.776598582964521
Fribourg,881f9c9427fffff,7.09603256388343,46.6938937774503,0.777093023750543,0.596854902101717,0.76806107359074
Fribourg,881f9c9429fffff,7.08928087185758,46.7089610646254,0.800849240745528,0.671697964393876,0.838732098651398
Fribourg,881f9c942bfffff,7.10087711309837,46.7076763589333,0.730508221423562,0.613391691725458,0.839678012836221
Fribourg,881f9c942dfffff,7.0810621727605,46.7027120224436,0.824989308957099,0.657043307139689,0.796426450629139
Fribourg,881f9c9431fffff,7.1240709589515,46.7051030981535,1.15721756215653,0.865641184135868,0.748036680779975
Fribourg,881f9c9433fffff,7.13566856171672,46.7038145427454,0.955951608795978,0.644520710230049,0.674218971232051
Fribourg,881f9c9435fffff,7.11584805724233,46.6988556993588,1.12498434684663,0.838506735422889,0.745349691107483
Fribourg,881f9c9437fffff,7.12744426027745,46.6975676923174,0.936497228466007,0.640824535410551,0.684278090667955
Fribourg,881f9c9439fffff,7.120697068334,46.7126376175777,1.02490135163248,0.832766846057067,0.812533659684052
Fribourg,881f9c943bfffff,7.13229561833794,46.7113497971498,1.40057930055128,1.02954160366934,0.735082692757277
Fribourg,881f9c943dfffff,7.11247380910415,46.7063903701628,1.04406949898683,0.843325297863224,0.807729081906511
Fribourg,881f9c9441fffff,7.08737043901659,46.7378032340896,0.714040496303286,0.666282697940431,0.933116120710092
Fribourg,881f9c9443fffff,7.09897092159141,46.7365201866815,0.653542358951185,0.623378099371913,0.953844981635651
Fribourg,881f9c9445fffff,7.07914891215598,46.7315553451882,0.776973844979468,0.690508293824689,0.88871497835675
Fribourg,881f9c9447fffff,7.09074799215292,46.7302728457832,0.71734697706952,0.66706289419896,0.92990270471902
Fribourg,881f9c9449fffff,7.08399229591789,46.7453327351009,0.72611153245912,0.671755500615435,0.92514093301948
Fribourg,881f9c944bfffff,7.09559372531795,46.7440504232163,0.662964194061528,0.629257284307388,0.949157269644321
Fribourg,881f9c9451fffff,7.11879795002149,46.741481947694,0.834132018991039,0.736921093797595,0.883458585715209
Fribourg,881f9c9453fffff,7.13040074347548,46.7401957837351,0.855785190318118,0.682430362279207,0.797431843878404
Fribourg,881f9c9455fffff,7.1105718594217,46.7352358555344,0.619103712351589,0.578318100263722,0.934121519102271
Fribourg,881f9c9457fffff,7.12217325158302,46.7339502404874,0.852297543681291,0.742796719375344,0.87152277380387
Fribourg,881f9c9459fffff,7.11542205858642,46.749012767641,0.865903076384173,0.760808540131812,0.878630138731909
Fribourg,881f9c945bfffff,7.1270258000003,46.7477273389035,0.877271086267322,0.702033312547428,0.800246723660404
Fribourg,881f9c945dfffff,7.10719561032736,46.7427668274676,0.619462465969644,0.580634591702779,0.937320053433604
Fribourg,881f9c9461fffff,7.0743074102651,46.7177760656506,0.781203495196666,0.644468383668444,0.824968638301088
Fribourg,881f9c9463fffff,7.08590414164303,46.7164933783572,0.798353250696493,0.689777318360362,0.864000137481236
Fribourg,881f9c9465fffff,7.0660897573636,46.7115266274171,1.26933813688783,0.986504339240542,0.777180099275406
Fribourg,881f9c9467fffff,7.07768508630497,46.7102444873997,0.783017198767862,0.636213583997603,0.81251546581446
Fribourg,881f9c9469fffff,7.07092914450998,46.7253067570124,1.15197018468599,0.960858671451678,0.834100295498179
Fribourg,881f9c946bfffff,7.08252682178616,46.7240248052728,0.788351373661685,0.694263267049853,0.880652067396271
Fribourg,881f9c946dfffff,7.06271113585221,46.7190574700624,0.780672564003691,0.612457829041423,0.784525878430291
Fribourg,881f9c94c1fffff,7.16858334504219,46.7287949380976,0.720219608672296,0.369556620065108,0.513116576687456
Fribourg,881f9c94c5fffff,7.16035201212756,46.7225508912142,0.779770816842113,0.439569755137314,0.563716601908068
Fribourg,881f9c94c9fffff,7.16521183714474,46.7363295851446,0.657150138885493,0.346745199712621,0.527649891850728
Fribourg,881f9c94cbfffff,7.17681643638519,46.735038282844,0.681614951537096,0.319292897687225,0.468435877128567
Fribourg,881f9c94cdfffff,7.15698014480552,46.730085690345,0.690046086060511,0.40574817807678,0.588001564349427
Fribourg,881f9c94d5fffff,7.19179109370635,46.7262095793463,1.0179075391579,0.422634981093902,0.415199774867119
Fribourg,881f9c94ddfffff,7.18842148475796,46.7337456955594,0.89980101403562,0.382891053654414,0.42552858652286
Fribourg,881f9c94e1fffff,7.15549407446209,46.708770305082,0.983015616548149,0.562526284308021,0.572245521676784
Fribourg,881f9c94e5fffff,7.14726661647592,46.7025247037788,1.05574245665905,0.633710733403068,0.600251253898114
Fribourg,881f9c94e7fffff,7.15886512230504,46.701233581094,1.75438399963582,0.938745868167795,0.535085744262752
Fribourg,881f9c94e9fffff,7.15212243741767,46.7163061426942,0.853527096729892,0.522511666333479,0.612179353573391
Fribourg,881f9c94ebfffff,7.1637232900598,46.715015205412,0.891004198430353,0.477019766872573,0.535373197694152
Fribourg,881f9c94edfffff,7.14389462068873,46.7100606930378,0.921717972815993,0.599560059346769,0.650481033276392
Fribourg,881f9c9509fffff,7.04482644519872,46.6852419440874,0.730470300897665,0.530763019829032,0.726604516537886
Fribourg,881f9c950bfffff,7.05641662185894,46.6839607081855,0.752181692364859,0.556012017025553,0.739199082707599
Fribourg,881f9c950dfffff,7.03661617885117,46.678989565891,0.720373909652435,0.524757001957607,0.728450871035559
Fribourg,881f9c9511fffff,7.07959834814618,46.6813943908971,0.731852686225896,0.548109316031627,0.748933940323676
Fribourg,881f9c9513fffff,7.09118989592991,46.6801093091886,0.710428506366101,0.517417525939366,0.728317517248848
Fribourg,881f9c9515fffff,7.07138387577001,46.6751436511813,0.736386223526699,0.554551164386438,0.753071074212365
Fribourg,881f9c9517fffff,7.08297402268029,46.6738591162047,0.689813643695844,0.50870659617599,0.737455109543023
Fribourg,881f9c9519fffff,7.07622208447829,46.6889287795491,0.726985500500778,0.550952696273765,0.757859263897624
Fribourg,881f9c951bfffff,7.0878145774421,46.6876444331536,0.749182435684487,0.564518196144479,0.753512321239499
Fribourg,881f9c9531fffff,7.06654754560996,46.661356638849,0.755131469076324,0.580872000942654,0.769232941189931
Fribourg,881f9c9533fffff,7.0781353472493,46.6600719149241,0.689969424996886,0.516798127821738,0.749015984040265
Fribourg,881f9c9537fffff,7.06992334224517,46.6538201775591,0.758208219183738,0.585552402037477,0.772284429556651
Fribourg,881f9c9539fffff,7.06317116008764,46.6688922145068,1.30158391703271,0.990924477164974,0.76132200482627
Fribourg,881f9c953bfffff,7.07475990598223,46.6676082259247,0.703315575268322,0.529611739828423,0.753021486302746
Fribourg,881f9c9543fffff,7.04144734811161,46.6927741260516,0.687547666993686,0.494612460980857,0.719386429079977
Fribourg,881f9c9547fffff,7.03323672742261,46.6865218983763,0.655903370227153,0.472417627883164,0.720254917610129
Fribourg,881f9c9553fffff,7.07284523154576,46.6964622819761,0.768491374670592,0.587783356390095,0.764853550427998
Fribourg,881f9c9555fffff,7.05303846889118,46.691493625837,0.752595204215757,0.549541244311375,0.730194985608533
Fribourg,881f9c9557fffff,7.06463004798732,46.6902118437232,0.759214510087095,0.566766003233985,0.746516295070503
Fribourg,881f9c9559fffff,7.05787386285525,46.7052764910724,1.23381660895605,0.917978880529723,0.744015661538579
Fribourg,881f9c955bfffff,7.06946778921781,46.7039948979935,1.26739024247786,0.977045809170496,0.770911575948607
Fribourg,881f9c955dfffff,7.04965972651349,46.6990256571171,0.730637835568484,0.530251221255707,0.72573742481203
Fribourg,881f9c9589fffff,7.12596726677649,46.6762463698809,0.926001914752531,0.55148974071864,0.595560043594535
Fribourg,881f9c958dfffff,7.11774719432083,46.6699978188056,0.799222040844093,0.487280456118609,0.609693465915894
Fribourg,881f9c9599fffff,7.1573790694962,46.6799114191515,1.87867574627452,0.938377305484627,0.499488699604209
Fribourg,881f9c95a1fffff,7.11627350215815,46.6486706515287,0.814369884974586,0.488591568506836,0.599962716600311
Fribourg,881f9c95a5fffff,7.10805765507021,46.6424204035608,0.806214661479901,0.510480631863366,0.633182024904284
Fribourg,881f9c95a9fffff,7.11290148437042,46.6562100531446,0.744118086937017,0.454533089122258,0.610834620339944
Fribourg,881f9c95adfffff,7.10468528057951,46.6499599555096,0.712403770474689,0.457673783666645,0.642435936802646
Fribourg,881f9c95c1fffff,7.11100092909929,46.6850718930559,0.777804097731897,0.533287338372785,0.685631947591777
Fribourg,881f9c95c3fffff,7.12259478594756,46.6837836990331,0.904912985781603,0.57438634341818,0.63474207182701
Fribourg,881f9c95c5fffff,7.10278189891103,46.6788229452233,0.689527818339711,0.475818311524311,0.690063981276371
Fribourg,881f9c95c7fffff,7.11437435616738,46.6775352988407,0.786396452074149,0.50543408744833,0.642721729116694
Fribourg,881f9c95c9fffff,7.10762691298567,46.6926076012662,1.29693482289778,0.954339090226234,0.735841981707241
Fribourg,881f9c95cbfffff,7.11922171614649,46.6913201422541,0.868329696208596,0.595482635525071,0.685779420104067
Fribourg,881f9c95cdfffff,7.09940752595657,46.686358804376,0.75760754077538,0.551734585389729,0.72825909946072
Fribourg,881f9c95d1fffff,7.14241268095135,46.688741375106,1.22190645345356,0.698970327446845,0.572032601572157
Fribourg,881f9c95d3fffff,7.15400884074863,46.6874500666508,1.90293963712413,0.994590205373523,0.522659881569668
Fribourg,881f9c95d5fffff,7.13418909557858,46.6824942221478,1.05582348463057,0.616716557925963,0.584109528631815
Fribourg,881f9c95d7fffff,7.14578385706922,46.6812034622405,1.84715385528613,0.994397149816068,0.538340185886699
Fribourg,881f9c95d9fffff,7.13904091587751,46.6962784020026,1.07080453356305,0.661888729550261,0.61812283082876
Fribourg,881f9c95dbfffff,7.15063802311888,46.6949878282548,1.15677083418904,0.643806786391695,0.556555168373554
Fribourg,881f9c95ddfffff,7.13081697244279,46.6900314002539,1.0130743477027,0.63640492917036,0.628191732041687
Fribourg,881f9c95e1fffff,7.0979387658535,46.6650364035429,0.590750781237777,0.400931707734698,0.678681637787497
Fribourg,881f9c95e3fffff,7.10952887798717,46.6637485694225,0.704544233977405,0.443724429689388,0.629803507416993
Fribourg,881f9c95e5fffff,7.08972360486998,46.6587859094386,0.581409784947959,0.411860142245688,0.708381855462844
Fribourg,881f9c95e7fffff,7.10131231755084,46.6574986222321,0.610531954737052,0.401767011516629,0.658060578810596
Fribourg,881f9c95ebfffff,7.10615568287762,46.6712862001771,0.690748438510012,0.453504545298814,0.656540818647454
Fribourg,881f9c9601fffff,7.08207903870957,46.7741624934623,0.754009529250747,0.643783223755921,0.853813113470387
Fribourg,881f9c9603fffff,7.09368471316823,46.7728818400368,0.841163902007883,0.711066093340396,0.845335958477367
Fribourg,881f9c9605fffff,7.07385432553661,46.7679159125289,0.804026720153391,0.698455808074645,0.868697259142575
Fribourg,881f9c9607fffff,7.08545859585121,46.7666358076516,0.801244627233708,0.705689010072255,0.880741019766512
Fribourg,881f9c9609fffff,7.07869889102285,46.7816882911337,0.865934378682816,0.717632647155669,0.828737909964112
Fribourg,881f9c960bfffff,7.09030551302689,46.780408373471,0.906861956379626,0.742194246440742,0.818420313278693
Fribourg,881f9c960dfffff,7.07047382127728,46.775441862525,1.0562275369364,0.896522135214507,0.848796404054076
Fribourg,881f9c9611fffff,7.11352012547547,46.7778446840384,1.02855905487393,0.770773797069784,0.749372428755931
Fribourg,881f9c9613fffff,7.12512811406812,46.776560911946,1.13427475580754,0.78511606581251,0.692174503393185
Fribourg,881f9c9615fffff,7.10529084372786,46.7715999020873,0.858135371079547,0.69969210414833,0.815363318806107
Fribourg,881f9c9617fffff,7.11689742946286,46.7703166794526,0.910103661644168,0.694239519827144,0.762813676161845
Fribourg,881f9c9619fffff,7.11014223103174,46.7853718005201,0.973834462862211,0.719113122318,0.738434661887446
Fribourg,881f9c961bfffff,7.12175116830619,46.7840887638892,1.19601707986393,0.829377581025202,0.6934496128764
Fribourg,881f9c961dfffff,7.10191259148637,46.7791271711597,0.883656728474432,0.700520892338815,0.792752286906945
Fribourg,881f9c9623fffff,7.08061356272574,46.7528613486336,0.75531089404993,0.686886738177271,0.909409282440277
Fribourg,881f9c9629fffff,7.06563137328142,46.7616686311712,0.803425132588982,0.692195210956588,0.861555337117769
Fribourg,881f9c962bfffff,7.07723423930904,46.7603890745041,0.8005445467984,0.712138551781259,0.889567675689378
Fribourg,881f9c962dfffff,7.05741018171715,46.7554206498893,0.959181231915331,0.804857532803774,0.83910892542862
Fribourg,881f9c9631fffff,7.10044134216655,46.757826109152,0.699588493501359,0.630794353510742,0.901664849222562
Fribourg,881f9c9633fffff,7.11204557714662,46.7565427001446,1.02311987716281,0.881947701002451,0.862017951843687
Fribourg,881f9c9635fffff,7.0922159390242,46.7515797723452,0.693166203461444,0.646158851712089,0.932184587888712
Fribourg,881f9c9637fffff,7.10381877128604,46.750296912068,0.647695456438017,0.598896660435509,0.924657807126091
Fribourg,881f9c9639fffff,7.0970633228377,46.7653544185361,0.767753176605561,0.670898712105139,0.87384687233905
Fribourg,881f9c963bfffff,7.10866850557086,46.7640717450212,0.766388509835755,0.643279264411177,0.839364442649379
Fribourg,881f9c963dfffff,7.08883756257902,46.7591082338848,0.741155548883705,0.672895362511496,0.90790032338688
Fribourg,881f9c9641fffff,7.063711040773,46.7904910976987,0.95052831958579,0.774393172750199,0.814697633719798
Fribourg,881f9c9643fffff,7.07531815265979,46.7892132004829,0.966271882569588,0.778818210155263,0.806003180061668
Fribourg,881f9c9645fffff,7.05548702008319,46.7842442731596,1.04622290829854,0.871168227475426,0.832679365520867
Fribourg,881f9c9647fffff,7.06709272639983,46.7829669243093,0.976424357537966,0.811155483729593,0.830740730162554
Fribourg,881f9c964dfffff,7.05210438754761,46.7917677104651,1.09450474602215,0.903665397825551,0.825638628895687
Fribourg,881f9c9651fffff,7.09515431528258,46.7941790445908,0.961088098865865,0.724066326055448,0.753381845961764
Fribourg,881f9c9653fffff,7.1067637460003,46.7928980287147,1.08259196407458,0.789146715904583,0.72894196714194
Fribourg,881f9c9655fffff,7.0869257222824,46.7879340186556,0.894196753813454,0.709807601470336,0.793793534189474
Fribourg,881f9c9657fffff,7.09853374871507,46.7866535520552,0.938983430144721,0.725175210543983,0.772298197458304
Fribourg,881f9c9659fffff,7.09177429105753,46.8017036485837,1.41983623206568,1.04337456338565,0.734855569834043
Fribourg,881f9c965bfffff,7.10338467024977,46.8004233684392,1.06688134708268,0.766904449651485,0.718828248097635
Fribourg,881f9c965dfffff,7.08354534080343,46.7954587754077,0.974802878586471,0.751780192350701,0.771212528055756
Fribourg,881f9c9661fffff,7.05064715862282,46.7704722702158,0.835247377080786,0.699759740621308,0.837787414630368
Fribourg,881f9c9663fffff,7.06225051281891,46.7691947333298,0.859915463806702,0.731376444242914,0.850521330323836
Fribourg,881f9c9665fffff,7.04242701665127,46.7642238932963,0.828197171622695,0.685220288320967,0.827363714583095
Fribourg,881f9c9667fffff,7.05402896542071,46.762946904048,0.832633199500492,0.697450339383521,0.837644162882204
Fribourg,881f9c9669fffff,7.04726476119236,46.7779967482097,1.11947456393026,0.939410077440237,0.839152677254362
Fribourg,881f9c966bfffff,7.05886906179656,46.7767199473869,0.982298261034114,0.826001830299436,0.840886992337605
Fribourg,881f9c9681fffff,7.16332830563591,46.7651709388474,1.16320577215278,0.586376576365857,0.504103908701064
Fribourg,881f9c9683fffff,7.17493715335542,46.7638812903786,1.01429784137409,0.472846699922013,0.466181313450731
Fribourg,881f9c9685fffff,7.15509377545824,46.7589282037515,1.0915642819027,0.598883271810466,0.548646819742539
Fribourg,881f9c9687fffff,7.16670122303881,46.7576391058298,0.685640010385939,0.338002651546578,0.492973931548015
Fribourg,881f9c9689fffff,7.15995479820361,46.7727018842365,1.40938540359865,0.735768423941204,0.522049130111986
Fribourg,881f9c968bfffff,7.17156459594562,46.7714129706551,1.17197624209699,0.569653084736838,0.486061973165575
Fribourg,881f9c968dfffff,7.15171990846027,46.7664593018293,1.3029418690919,0.725344994429025,0.556697893924127
Fribourg,881f9c9691fffff,7.19478554041229,46.7688312860164,1.02656798348293,0.456964233738665,0.445137819502495
Fribourg,881f9c9693fffff,7.206396685282,46.7675385146406,1.04638654477242,0.45225906557432,0.432210322116369
Fribourg,881f9c9697fffff,7.19815619671805,46.7612981363422,1.04440429701149,0.441740502797973,0.422959292739402
Fribourg,881f9c9699fffff,7.19141429416895,46.7763635480986,1.06949916223957,0.509245004860563,0.476152785191702
Fribourg,881f9c969bfffff,7.20302639019457,46.7750715113064,0.94986181229561,0.439857166610951,0.463074903019748
Fribourg,881f9c969dfffff,7.18317484365761,46.7701227713015,1.13309334959068,0.523145130892084,0.461696409286193
Fribourg,881f9c96a1fffff,7.15023464146724,46.7451526278557,1.06768769201782,0.656450011943871,0.614833360777297
Fribourg,881f9c96a3fffff,7.16183973966913,46.7438633452252,0.634729033493508,0.34107003020724,0.537347454125444
Fribourg,881f9c96a5fffff,7.14200398976424,46.7389083354305,0.898674049873489,0.627874887051302,0.698668095667936
Fribourg,881f9c96a7fffff,7.15360768796252,46.7376196026203,0.93675824736816,0.567002377234653,0.6052814360884
Fribourg,881f9c96a9fffff,7.1468610051885,46.7526847658673,0.990645444800844,0.612658870256203,0.618444140102385
Fribourg,881f9c96abfffff,7.15846705248408,46.7513962181555,0.661014044708893,0.35919013517528,0.543392592109696
Fribourg,881f9c96adfffff,7.13862999460241,46.7464406256952,0.904697890466875,0.639030330311404,0.706346656762545
Fribourg,881f9c96b1fffff,7.1816804984412,46.7488152673438,0.722870384008305,0.320659112749484,0.443591437473803
Fribourg,881f9c96b3fffff,7.19328789524985,46.7475228639252,0.758344010837089,0.314279550632565,0.41442873701297
Fribourg,881f9c96b5fffff,7.17344528828209,46.7425727776442,0.637837107444997,0.304793533897089,0.477854816440532
Fribourg,881f9c96b7fffff,7.18505128638002,46.7412809249533,0.762561990350099,0.3316270922486,0.434885421047996
Fribourg,881f9c96b9fffff,7.17830912081015,46.7563487225469,0.780428381300911,0.353648749388024,0.453146961158076
Fribourg,881f9c96bdfffff,7.17007355054376,46.7501063853675,0.636705737822956,0.30899232949756,0.48529848427953
Fribourg,881f9c96c1fffff,7.14497040402236,46.7815188346964,1.9389064379496,1.14895427798274,0.592578504818292
Fribourg,881f9c96c3fffff,7.15658070061051,46.7802319418136,1.72913835273047,0.949912029363221,0.549355711105027
Fribourg,881f9c96c5fffff,7.13673655633805,46.7752758547219,1.91709120086359,1.20698774741341,0.629593285321898
Fribourg,881f9c96c7fffff,7.14834545135878,46.7739895122054,1.59882015668467,0.912502817752527,0.570735122357165
Fribourg,881f9c96c9fffff,7.14159476631957,46.7890472691189,1.52498990202924,0.948433795157297,0.621927918273594
Fribourg,881f9c96cbfffff,7.15320601272511,46.7877611113952,1.5002764168482,0.880461089682899,0.586865913371205
Fribourg,881f9c96cdfffff,7.13336055961197,46.7828044420015,1.31643710795462,0.845870677304784,0.642545452565549
Fribourg,881f9c96d1fffff,7.17642985942125,46.7851849381982,1.48847892798263,0.797607304792675,0.535853944451662
Fribourg,881f9c96d3fffff,7.18804245785654,46.7838949224052,1.16624131815884,0.60551974103079,0.519206215388366
Fribourg,881f9c96d5fffff,7.16819144844924,46.7789437631928,1.40486207061151,0.724868503239791,0.515971295975176
Fribourg,881f9c96d7fffff,7.17980264661124,46.7776542986743,1.28018255643107,0.630415575514147,0.492441935212456
Fribourg,881f9c96d9fffff,7.17305648195602,46.7927146896897,1.61544719256398,0.958377958846939,0.593258611769187
Fribourg,881f9c96dbfffff,7.18467003134346,46.7914254087527,1.38846514652471,0.800810420136208,0.576759468641047
Fribourg,881f9c96ddfffff,7.16481771073485,46.7864736678083,1.68670008133974,0.941033322369909,0.557913841814989
Fribourg,881f9c96e1fffff,7.13188023457524,46.7615025441494,1.31476768830441,0.920345725562001,0.700006346177344
Fribourg,881f9c96e3fffff,7.14348677899493,46.7602160164713,1.13684191941274,0.704437067815739,0.619643818359224
Fribourg,881f9c96e5fffff,7.12365026659398,46.7552580067017,0.956852501852816,0.757864210610707,0.792038698904173
Fribourg,881f9c96e7fffff,7.13525540958316,46.7539720286627,0.982476792014079,0.692988525753656,0.705348494118653
Fribourg,881f9c96e9fffff,7.12850446944734,46.7690321719717,1.69195063177098,1.17529427307569,0.694638632479188
Fribourg,881f9c96ebfffff,7.14011196275526,46.767746379484,1.58740339900328,0.987930586136899,0.622356350476012
Fribourg,881f9c96edfffff,7.12027414312525,46.7627877869459,1.26630536158839,0.985189615467388,0.778003193662241
Fribourg,881f9c970dfffff,7.01294763637432,46.731697273848,0.337129391443721,0.2671461047857,0.792414163718196
Fribourg,881f9c9717fffff,7.0593319245528,46.7265874257456,1.18877079172074,0.942285911986413,0.792655673027146
Fribourg,881f9c9733fffff,7.05449488595621,46.7128074848387,1.18756407868128,0.888781544617578,0.748407231721354
Fribourg,881f9c9737fffff,7.04628039459516,46.7065568018416,1.10004801883517,0.799983380296571,0.727225872506606
Fribourg,881f9c9741fffff,7.00617988575239,46.7467486348038,0.425292385580554,0.364690481756777,0.85750531662811
Fribourg,881f9c9743fffff,7.01777715567327,46.745474569048,0.439605931531801,0.35772406309424,0.813738026344993
Fribourg,881f9c9745fffff,6.9979681928705,46.7404969178925,0.323916836196051,0.283248297051031,0.874447590861239
Fribourg,881f9c9747fffff,7.00956405623301,46.739223398136,0.352218686034747,0.289816000381053,0.822829713107446
Fribourg,881f9c9749fffff,7.00279512480154,46.7542729836679,0.538969166816578,0.481502140357534,0.893376040788246
Fribourg,881f9c974bfffff,7.01439333906516,46.7529996543053,0.613970734039233,0.517891132230684,0.843511104875547
Fribourg,881f9c974dfffff,6.99458307847448,46.7480214181157,0.439632119798475,0.402145743934008,0.914732399712628
Fribourg,881f9c9751fffff,7.03759115289598,46.7504491472256,0.765184388106656,0.612719412533278,0.800747404229415
Fribourg,881f9c9753fffff,7.04919075061678,46.7491719691833,0.837716810227316,0.679961509086376,0.811684212116822
Fribourg,881f9c9755fffff,7.02937488731446,46.7441992206853,0.51218526758061,0.404686304925638,0.790117034871463
Fribourg,881f9c9759fffff,7.03420863565438,46.7579748171283,0.826486278006389,0.674993909297398,0.816703104769733
Fribourg,881f9c975bfffff,7.04580917885553,46.7566983751799,0.881309427393757,0.721185945700572,0.818311847444196
Fribourg,881f9c975dfffff,7.02599201540435,46.7517250422121,0.591237870860879,0.479674307134336,0.811305112163907
Fribourg,881f9c9763fffff,7.00473665055957,46.7254452545514,0.284628770451766,0.227793599074357,0.80031824861837
Fribourg,881f9c9765fffff,6.98493531737306,46.7204657039166,0.260792695655711,0.220691689415983,0.846234166417497
Fribourg,881f9c9767fffff,6.99652742421067,46.71919253867,0.272310522661186,0.219665495067982,0.806672812057629
Fribourg,881f9c9769fffff,6.98975826019084,46.7342445040718,0.279913063825633,0.248588887286077,0.888093195396309
Fribourg,881f9c976dfffff,6.98155008748458,46.7279913938419,0.277274361147121,0.247246007329804,0.891701657185012
Fribourg,881f9c9833fffff,6.82515302036601,46.537526431702,0.505296194326999,0.381861384206881,0.755717910591985
Fribourg,881f9c9837fffff,6.81698767515845,46.5312564143158,0.416426153699508,0.301088175441625,0.723028975886298
Fribourg,881f9c9891fffff,6.90746303211581,46.5499831614302,0.859156877834542,0.860512954289712,1.00157838049157
Fribourg,881f9c9893fffff,6.91902513215584,46.548709490247,0.748332307599644,0.727448891714386,0.972093392636963
Fribourg,881f9c9895fffff,6.89928540257881,46.5437178907344,0.964365105743135,0.981114894038264,1.01736872082511
Fribourg,881f9c9897fffff,6.91084609883277,46.5424447591987,0.813175622593307,0.815264251567719,1.00256848449017
Fribourg,881f9c9899fffff,6.90407937749844,46.5575206799805,0.946220857597345,0.945068628336359,0.998782282960966
Fribourg,881f9c989bfffff,6.9156424137888,46.5562477451838,0.787706808819573,0.766701969066019,0.973334190439422
Fribourg,881f9c98b1fffff,6.89449328727095,46.5299132372679,0.942272112240353,0.963194783402672,1.02220448943626
Fribourg,881f9c98b3fffff,6.90605164427199,46.5286399086282,0.758339777054883,0.773016220785699,1.0193533877226
Fribourg,881f9c98b7fffff,6.89787646194229,46.5223736576705,0.843345642194903,0.861900080237261,1.02200098881648
Fribourg,881f9c98b9fffff,6.89110952494794,46.5374519335974,0.94748243250232,0.964278384090619,1.01772692665545
Fribourg,881f9c98bbfffff,6.90266881728106,46.536179341372,0.967700468628482,0.987485673043742,1.02044558730379
Fribourg,881f9c98e5fffff,6.8367085513515,46.5362607529296,0.567009585011693,0.459528537973076,0.810442274910747
Fribourg,881f9c98e7fffff,6.84826455561822,46.5349937995896,0.598472347122166,0.518730684149252,0.866757982459236
Fribourg,881f9c99d9fffff,6.82854179917105,46.5299912727428,0.49747135597883,0.384894982357324,0.773702802646799
Fribourg,881f9c99dbfffff,6.84009639702078,46.5287248568896,0.51874950123111,0.429612435455131,0.828169346545034
Fribourg,881f9c99ddfffff,6.82037679873636,46.5237211089682,0.407454237241486,0.301899817560304,0.740941656673402
Fribourg,881f9c9a85fffff,6.84427645592097,46.5927291023496,0.661971843514437,0.571014834467367,0.862596861274076
Fribourg,881f9c9a89fffff,6.84906195713941,46.6065251073573,0.585321417949483,0.528853734896278,0.903527051425823
Fribourg,881f9c9a8dfffff,6.84088611700371,46.6002592514666,0.594694275474633,0.505778520993897,0.850484932935043
Fribourg,881f9c9aa1fffff,6.83949281264921,46.5789312307648,0.706881781685827,0.58340838427109,0.825326666192659
Fribourg,881f9c9aa9fffff,6.83610271657191,46.5864624122786,0.655190808831207,0.530782302188577,0.810118663195898
Fribourg,881f9c9aabfffff,6.84766620601055,46.585198068331,0.586319187569062,0.512652492618006,0.874357352594095
Fribourg,881f9c9aadfffff,6.8279307314852,46.5801950362995,0.63318294066388,0.482487251423975,0.762002922754199
Fribourg,881f9c9ac1fffff,6.83410367216739,46.6153168942552,0.467774829554847,0.382793781799702,0.818329156709828
Fribourg,881f9c9ac3fffff,6.84567137549659,46.6140542235036,0.4170781873978,0.370967746843175,0.889444133143685
Fribourg,881f9c9ac7fffff,6.83749518912912,46.6077885154968,0.528561058161285,0.442072917714569,0.83637057798472
Fribourg,881f9c9acbfffff,6.84228020470629,46.6215824542653,0.367380572676605,0.31911659650619,0.868626759932401
Fribourg,881f9c9ad5fffff,6.8572395523664,46.6127902761751,0.467211783652797,0.44218578808859,0.946435435834801
Fribourg,881f9c9ad9fffff,6.86202901483247,46.6265835773085,0.415078315397562,0.397044068001286,0.956552181293781
Fribourg,881f9c9addfffff,6.85384931732035,46.6203192442744,0.442381740158608,0.412212564161647,0.931802845239172
Fribourg,881f9c9ae1fffff,6.82114808183364,46.595255039779,0.537984007395374,0.392497092791753,0.729570186838844
Fribourg,881f9c9ae3fffff,6.83271203172724,46.5939927090037,0.59753858716897,0.475339968632788,0.795496690657023
Fribourg,881f9c9ae5fffff,6.81297716044054,46.5889872730698,0.425249647356848,0.291973580012774,0.686593350112209
Fribourg,881f9c9ae7fffff,6.82453970107767,46.5877254804698,0.587779835291485,0.438084581289299,0.745320875242427
Fribourg,881f9c9ae9fffff,6.81775587362348,46.6027837140421,0.487377073236488,0.348128431396035,0.714289716346822
Fribourg,881f9c9aebfffff,6.8293207579856,46.601522120755,0.537905252365834,0.419994140095754,0.780795759566431
Fribourg,881f9c9aedfffff,6.80958460715302,46.5965160948409,0.484912366469964,0.325447934893859,0.671147938055355
Graubünden,881f8a064dfffff,10.4539410285114,46.6191891944478,1.0235904601946,7.50498188637293,7.33201624890693
Graubünden,881f8a0a21fffff,10.1464886100894,46.4218990948397,3.33581853605619,2.38091588628586,0.713742627349486
Graubünden,881f8a0a25fffff,10.1379123672621,46.4158075374119,3.34512496631452,2.37531663287953,0.710083078150746
Graubünden,881f8a0b03fffff,10.1121938925444,46.3975281393966,3.27940115209215,2.17318046551618,0.662676008432137
Graubünden,881f8a0b05fffff,10.0919334050706,46.3930507376953,3.14782734644615,2.02595130977332,0.643603059126032
Graubünden,881f8a0b07fffff,10.1036244851362,46.3914334331325,3.21802661333654,2.0506126106695,0.637226740814105
Graubünden,881f8a0b0bfffff,10.1090714426702,46.4052406004192,3.29085259995521,2.27607025272043,0.691635429903912
Graubünden,881f8a0b11fffff,10.1324587840989,46.4020022009743,3.32736015008924,2.23914509316148,0.672949423013743
Graubünden,881f8a0b15fffff,10.1238864258869,46.3959088999158,3.30240070553521,2.16107736688949,0.654395865185977
Graubünden,881f8a0b19fffff,10.1293378334802,46.4097151920319,3.34065649878034,2.33954795882398,0.700325807121487
Graubünden,881f8a0b1bfffff,10.1410328508414,46.4080947147529,3.33570055824727,2.28641524409513,0.685437797599112
Graubünden,881f8a0b1dfffff,10.1207650086166,46.403622059195,3.31965635270455,2.27125986519395,0.684185236024067
Graubünden,881f8a0b21fffff,10.086490795801,46.3792416631893,3.03324176133466,1.76326802203194,0.581314699180484
Graubünden,881f8a0b25fffff,10.077926513618,46.3731446005017,2.91475762224492,1.61565763040575,0.554302566386766
Graubünden,881f8a0b29fffff,10.0833669495287,46.3869546276082,3.0532645069177,1.8848959510995,0.617337917114269
Graubünden,881f8a0b2bfffff,10.0950567862643,46.3853379408981,3.1354255037548,1.91132027879326,0.609588802701379
Graubünden,881f8a0b2dfffff,10.0748022026543,46.3808577323653,2.93511246988504,1.73602904716551,0.591469344012396
Graubünden,881f8a0b39fffff,10.1153157760786,46.389814812073,3.25832881027815,2.05540766197693,0.630816526402524
Graubünden,881f8a0b3dfffff,10.1067468345467,46.3837199379415,3.19368764487689,1.92818035277931,0.603747318831374
Graubünden,881f8a0b53fffff,10.126216316476,46.4174273165719,3.34515930760456,2.42117810795761,0.723785591452563
Graubünden,881f8a0b61fffff,10.0685518814413,46.3962813976773,2.96362515755078,1.95798956140924,0.660673822538131
Graubünden,881f8a0b63fffff,10.0802425368498,46.394666725848,3.06683814335759,1.9979201544377,0.65145927533377
Graubünden,881f8a0b65fffff,10.0599879145673,46.3901840526355,2.83673108197681,1.81625125946115,0.640262050569656
Graubünden,881f8a0b67fffff,10.0716773253072,46.3885699981584,2.95097499957761,1.85292629811299,0.62790308232981
Graubünden,881f8a0b69fffff,10.0654258709211,46.4039919307182,2.97422075096039,2.0442330824251,0.687317201241704
Graubünden,881f8a1011fffff,10.1871301542691,46.6489659377631,1.39745961474882,1.4929263927349,1.06831451655455
Graubünden,881f8a1019fffff,10.1840038483491,46.6566582843532,1.37091857070911,1.532083990108,1.11756016939469
Graubünden,881f8a101bfffff,10.1957380712771,46.6550437669152,1.34713040507581,1.48380291145495,1.10145454802607
Graubünden,881f8a101dfffff,10.1753971781913,46.6505798302286,1.4264811608402,1.56228190681389,1.09519981735595
Graubünden,881f8a1051fffff,10.1691419143206,46.6659622526649,1.38962042922074,1.65947088024162,1.19419004308407
Graubünden,881f8a1053fffff,10.1808769728672,46.6643497587037,1.35248308754719,1.58266564402074,1.17019255811251
Graubünden,881f8a1055fffff,10.1605360204916,46.6598833467826,1.43999326389752,1.70135647195032,1.18150307685841
Graubünden,881f8a1057fffff,10.1722698310943,46.6582714776134,1.40560545641663,1.60664907253351,1.14302990586662
Graubünden,881f8a1059fffff,10.1660134277333,46.6736521551843,1.37442121881326,1.71695107221587,1.24921752423057
Graubünden,881f8a105bfffff,10.1777495276865,46.6720403606156,1.33855391523039,1.64213816714709,1.22680016730178
Graubünden,881f8a105dfffff,10.1574070627256,46.6675734223723,1.42208757769362,1.75280940207392,1.23256079974812
Graubünden,881f8a1099fffff,10.2661476731525,46.6453288497296,1.61011997817888,1.7074137581187,1.060426416204
Graubünden,881f8a109bfffff,10.277883308376,46.6437050606415,1.70728648932525,1.8114296622563,1.06099923684877
Graubünden,881f8a10c9fffff,10.2160833804252,46.6595043304283,1.3132150408438,1.50702970709517,1.14758791227889
Graubünden,881f8a10cbfffff,10.2278192569862,46.6578865385848,1.33931411323847,1.53481085994007,1.14596780902196
Graubünden,881f8a10d1fffff,10.2512916152938,46.6546469807552,1.45591509692901,1.66219477402481,1.14168386434821
Graubünden,881f8a10d3fffff,10.263028095081,46.6530252145985,1.54189441777876,1.75788373860007,1.14008048691976
Graubünden,881f8a10d5fffff,10.2426770001399,46.6485724536594,1.44336630435775,1.5459075398149,1.07104311299741
Graubünden,881f8a10d7fffff,10.2544122367473,46.6469513140407,1.51917000332889,1.61761657034833,1.06480286393473
Graubünden,881f8a10d9fffff,10.248170424833,46.6623417755944,1.40192087779644,1.71880513457146,1.22603576406759
Graubünden,881f8a10ddfffff,10.2395553356023,46.6562674220556,1.38705348929439,1.58695325348282,1.14411828075219
Graubünden,881f8a1203fffff,10.1448855310084,46.6983249964893,1.29065987831137,1.89262888082679,1.46640405627469
Graubünden,881f8a1205fffff,10.1245414462641,46.6938525802408,1.28269931119505,1.95296339997682,1.52254186381164
Graubünden,881f8a1207fffff,10.1362790028817,46.6922461587002,1.32370183563307,1.92607867789765,1.45506988511238
Graubünden,881f8a120dfffff,10.1214081259629,46.7015377639792,1.27689956667355,2.00945689316604,1.57370003531356
Graubünden,881f8a122bfffff,10.127674195997,46.6861665230953,1.342010252492,1.9713035810903,1.46891842102529
Graubünden,881f8a1231fffff,10.1511474372719,46.6829509554762,1.37488289968211,1.8484932922832,1.34447325856668
Graubünden,881f8a1233fffff,10.1628843711951,46.6813411849729,1.35559971074117,1.77360362212328,1.30835349703163
Graubünden,881f8a1237fffff,10.1542775350314,46.6752626253364,1.4016827346461,1.80389614390137,1.28695039135002
Graubünden,881f8a1239fffff,10.1480167693099,46.6906384125933,1.33846433601144,1.87996495836987,1.40456858489938
Graubünden,881f8a123dfffff,10.1394107118793,46.6845594014877,1.37206529444727,1.91796070624242,1.39786401857432
Graubünden,881f8a1261fffff,10.1010669663788,46.6970614499771,1.13894317440516,1.93816923265474,1.70172601777696
Graubünden,881f8a1263fffff,10.1128041004366,46.6954576773036,1.21874917382142,1.9568085291222,1.60558757384555
Graubünden,881f8a1265fffff,10.0924659152029,46.6909799423782,2.43932710831118,4.33233432512201,1.77603664156441
Graubünden,881f8a1267fffff,10.1042017966796,46.6893767934518,1.44089767651183,2.3924551796682,1.66039214211235
Graubünden,881f8a1269fffff,10.0979315652817,46.7047452329092,1.0623868377947,1.84255835570866,1.73435728885105
Graubünden,881f8a126bfffff,10.1096697395869,46.7031421607198,1.20361900248281,1.98445123104202,1.6487370396683
Graubünden,881f8a126dfffff,10.08933004507,46.6986638983503,1.05262986375834,1.90201250229857,1.80691482142409
Graubünden,881f8a12a1fffff,10.2012223454294,46.6688127978798,1.28588621347208,1.56079207391207,1.2137870812828
Graubünden,881f8a12a3fffff,10.2129590612601,46.6671970295394,1.28360352145647,1.56058280829351,1.21578258567159
Graubünden,881f8a12a5fffff,10.1926122373864,46.6627359404015,1.32259502949959,1.5301127603015,1.15690194365877
Graubünden,881f8a12a7fffff,10.2043477068988,46.6611207976719,1.30815752409888,1.50494418260552,1.15043039915411
Graubünden,881f8a12b5fffff,10.2246959804241,46.6655799364355,1.30181636837823,1.58764683771572,1.21956281721482
Graubünden,881f8a12b7fffff,10.2364331019417,46.6639615184824,1.34139427455101,1.64082921069168,1.22322663949113
Graubünden,881f8a12e5fffff,10.1746215126697,46.6797300898901,1.32462924907506,1.70594950273925,1.28786942001353
Graubünden,881f8a1341fffff,10.0549411858689,46.6743305996951,2.18493280537073,4.94289463541183,2.26226391185203
Graubünden,881f8a1343fffff,10.0666730925718,46.6727306433856,2.32636070235826,4.86793753091473,2.09251193333005
Graubünden,881f8a1345fffff,10.0463482758289,46.6682452873974,2.19952323430744,5.2869897246138,2.40369805699212
Graubünden,881f8a1347fffff,10.0580789282272,46.6666459533034,2.31689502671984,5.14080881859896,2.21883544973425
Graubünden,881f8a134bfffff,10.0635358176825,46.6804151174335,2.19240029551682,4.66863339054866,2.1294621242733
Graubünden,881f8a1359fffff,10.0838665859296,46.6848976384172,2.39842007583294,4.48051494709937,1.86811100867864
Graubünden,881f8a135dfffff,10.0752689784292,46.6788145385883,2.35472857194377,4.64976471364199,1.97464997411728
Graubünden,881f8a1361fffff,10.0408957635537,46.6544741904783,2.38202836180527,5.92662869165396,2.48805966657859
Graubünden,881f8a1365fffff,10.0323067629631,46.6483871187241,2.4592814938693,6.46364281629922,2.62826473196026
Graubünden,881f8a1369fffff,10.0377570874315,46.6621591810349,2.24485608127463,5.72946769977479,2.55226504165095
Graubünden,881f8a136bfffff,10.0494864852647,46.6605604688362,2.33673967383467,5.49426476099161,2.35125239773728
Graubünden,881f8a136dfffff,10.0291676205456,46.6560722811019,2.31582310927508,6.26945479071845,2.70722524773534
Graubünden,881f8a14a1fffff,10.4477347741837,46.6346033500186,1.05955286294212,8.0354444396978,7.58380701967557
Graubünden,881f8a14a5fffff,10.4390986368608,46.6285396825477,1.09771881294788,6.9076094636537,6.29269479777209
Graubünden,881f8a14a7fffff,10.4508381848568,46.6268967073647,1.04019814406712,7.77523133906352,7.4747598651376
Graubünden,881f8a1501fffff,10.3193204955669,46.6234248187743,1.98908057184336,2.02639427821549,1.01875927345545
Graubünden,881f8a1503fffff,10.3310548268804,46.6217943353572,1.96716676554604,2.1512337432072,1.0935695848898
Graubünden,881f8a1509fffff,10.3162062304393,46.6311257168256,1.96120902844812,2.09941167279644,1.07046808491275
Graubünden,881f8a150bfffff,10.3279416063872,46.6294959305514,1.95509992604292,2.23292943671122,1.14210501824867
Graubünden,881f8a1511fffff,10.3514129381714,46.6262323828277,1.83241917184321,2.56645595170063,1.40058344244405
Graubünden,881f8a1515fffff,10.3427893515206,46.6201625270743,1.90757742852421,2.29591330208408,1.20357541861895
Graubünden,881f8a1517fffff,10.3545240685077,46.6185293938432,1.81726796833277,2.46987927188062,1.35911671526714
Graubünden,881f8a151dfffff,10.3396771759579,46.6278648192463,1.91043182746759,2.38545235425858,1.24864563077378
Graubünden,881f8a1541fffff,10.3013551713591,46.6404535077972,1.87365109608497,2.04974500506244,1.09398436525638
Graubünden,881f8a1543fffff,10.313091397159,46.6388257438731,1.91906162204877,2.18223186743696,1.13713485922731
Graubünden,881f8a1545fffff,10.2927360633307,46.6343813146141,1.86379103227367,1.86554575429855,1.00094148002351
Graubünden,881f8a1547fffff,10.3044710490939,46.6327541781521,1.9286348728009,1.97816534401239,1.02568162170559
Graubünden,881f8a154dfffff,10.2896191414381,46.6420799466921,1.79931759280698,1.92623116056917,1.07053427825613
Graubünden,881f8a1585fffff,10.392836789324,46.6059160949763,1.4359922939945,3.21614853826679,2.23966977519109
Graubünden,881f8a1587fffff,10.4045712196109,46.6042769650781,1.32790603281239,3.63785883236398,2.73954537630899
Graubünden,881f8a1591fffff,10.4335685853308,46.6147682178423,1.12098467241592,5.70802824358483,5.09197706627249
Graubünden,881f8a1593fffff,10.4453058533981,46.6131251775774,1.05998818045099,6.46418850485731,6.09835904218007
Graubünden,881f8a1595fffff,10.4249363548438,46.6087027659606,1.1728324746822,4.85669924933199,4.14099997584735
Graubünden,881f8a1597fffff,10.4366723908211,46.6070603558072,1.10323435977313,5.53107369711378,5.01350746386397
Graubünden,881f8a159bfffff,10.4422025286292,46.6208328651414,1.0771593023395,6.6884249628652,6.2093182952034
Graubünden,881f8a15a9fffff,10.3842104514416,46.5998477771949,1.52172397778641,2.81134735826667,1.84747523158321
Graubünden,881f8a15abfffff,10.3959436477181,46.5982092762805,1.40681352984727,3.14929388240905,2.23860079221086
Graubünden,881f8a15b1fffff,10.419410602806,46.5949282995408,1.21463433978926,4.04976867889478,3.33414637330063
Graubünden,881f8a15b9fffff,10.4163058370506,46.6026365099897,1.23357471080647,4.14277570005635,3.35835005676142
Graubünden,881f8a15bbfffff,10.428040640663,46.6009947296306,1.15449627368246,4.72413561196342,4.09194530952881
Graubünden,881f8a15bdfffff,10.4076770318328,46.5965694504226,1.30348468931037,3.56205430021771,2.73271663981131
Graubünden,881f8a15e1fffff,10.3693684941281,46.6091903795258,1.6761315508013,2.60366052453041,1.55337480717769
Graubünden,881f8a15e3fffff,10.3811025471698,46.6075538997652,1.554221453287,2.87425123064991,1.84931897868943
Graubünden,881f8a15e7fffff,10.3724774439827,46.6014849532469,1.642657347204,2.54194927679918,1.54746166699092
Graubünden,881f8a15e9fffff,10.3662589768621,46.6168949355815,1.70639545250003,2.68590858501115,1.57402469695757
Graubünden,881f8a15ebfffff,10.3779940756038,46.6152591522075,1.58643605862316,2.95910391440108,1.86525255670829
Graubünden,881f8a15edfffff,10.3576346311786,46.6108255343396,1.79235476938938,2.39112026814443,1.33406639633014
Graubünden,881f8a1725fffff,10.2747647739841,46.6514021235007,1.63688009470527,1.87001648366422,1.14242728573282
Graubünden,881f8a1727fffff,10.2865016510232,46.6497777073772,1.73032617430696,1.99485069945961,1.15287552663798
Graubünden,881f8a1921fffff,9.98274583608575,46.444464799832,2.38196378492585,1.25507711631231,0.526908563536947
Graubünden,881f8a1923fffff,9.99444034293881,46.4428615240188,2.51865320897033,1.38564745543545,0.550154126221261
Graubünden,881f8a1925fffff,9.97418704265687,46.438364592952,2.25375981835675,1.20664992807817,0.535394196954828
Graubünden,881f8a1927fffff,9.98588029877626,46.4367619333252,2.4027246304243,1.31057200291649,0.545452436089214
Graubünden,881f8a192dfffff,9.97105155031746,46.4460667591257,2.22390793159787,1.15104328906665,0.517576862203837
Graubünden,881f8a1965fffff,9.95622039669015,46.4553679994207,1.99861242043591,1.0375892921991,0.51915483041619
Graubünden,881f8a4643fffff,10.0561854683655,46.317884658136,2.30540455647582,0.986668999802098,0.427980849187867
Graubünden,881f8a464bfffff,10.0530615663124,46.3256019185026,2.32988681735983,1.0264570667396,0.440560914415042
Graubünden,881f8a465dfffff,10.0647410659027,46.3239855216321,2.42289357652356,1.01063245397787,0.41711797157346
Graubünden,881f8a5201fffff,9.71351020832884,46.4011096470583,4.96835556616773,19.939736823894,4.01334738593886
Graubünden,881f8a5205fffff,9.70498912892615,46.3949916895298,4.91087095157165,20.9239943924018,4.26075020067579
Graubünden,881f8a5209fffff,9.71035477416385,46.4088029463947,2.38979254925492,8.74139346402034,3.65780430052212
Graubünden,881f8a520bfffff,9.72203300277394,46.4072268308745,4.88490569998174,18.70013883022,3.82814735406047
Graubünden,881f8a520dfffff,9.70183324354955,46.4026851536521,4.89821883519058,19.3007018910993,3.94035108281322
Graubünden,881f8a5211fffff,9.74539018560788,46.4040706619554,1.99575217666652,9.94146251292063,4.98131112126644
Graubünden,881f8a5219fffff,9.74223724613252,46.4117652028644,2.03554743114296,8.70533431763913,4.2766551073443
Graubünden,881f8a521bfffff,9.75391722043417,46.4101858523023,1.85672183979926,9.64898824954262,5.19678717765599
Graubünden,881f8a521dfffff,9.73371147357624,46.40564940276,2.15530262031224,9.15956883266129,4.2497831841982
Graubünden,881f8a5221fffff,9.69962553132662,46.3811784620073,2.11402518110549,10.3839414381366,4.91192892636527
Graubünden,881f8a5223fffff,9.71129919182654,46.3796021570201,2.14530705419487,10.9281909413341,5.09399851175868
Graubünden,881f8a5229fffff,9.69646976442508,46.3888729587862,2.16553538341543,9.88198470004174,4.56329865386735
Graubünden,881f8a522bfffff,9.7081444449735,46.3872973572518,2.22394059495926,10.3371793560369,4.64813645628259
Graubünden,881f8a5243fffff,9.70719877050705,46.4164953772642,2.62324316576873,8.85922776453197,3.37720417235351
Graubünden,881f8a5247fffff,9.69867678870873,46.4103777494165,2.20798764255135,8.14249766573487,3.68774603118981
Graubünden,881f8a5251fffff,9.72740298181608,46.42103620972,2.53567589331094,8.27790284708891,3.26457449429
Graubünden,881f8a5253fffff,9.7390837373533,46.4194588753828,4.42982560869799,16.2372164545823,3.66543017465527
Graubünden,881f8a5255fffff,9.71887802020578,46.4149199652497,2.33882579366468,8.02639152317608,3.43180391840968
Graubünden,881f8a5257fffff,9.73055751240198,46.4133432404816,4.6927988392749,17.413925642336,3.71077607175395
Graubünden,881f8a5259fffff,9.72424788168344,46.4287283102734,2.45725364565634,7.14184565235024,2.90643404476164
Graubünden,881f8a525bfffff,9.73592965913516,46.4271516793089,4.37601720404956,13.8149619871671,3.15697158923022
Graubünden,881f8a5261fffff,9.68163797198641,46.3981401735195,2.41706162143251,10.7002892492462,4.42698239646223
Graubünden,881f8a5263fffff,9.69331342822193,46.3965665875186,4.72303243635163,20.1802531754593,4.27273228532976
Graubünden,881f8a5265fffff,9.67312113677948,46.3920202264641,2.22439689261306,10.7230888927179,4.82067248355181
Graubünden,881f8a5267fffff,9.68479532803982,46.3904472484915,2.42162468214049,11.2370666663454,4.64030068293362
Graubünden,881f8a526bfffff,9.69015652258232,46.4042593480026,2.14942428208166,8.68834318987528,4.04217225156722
Graubünden,881f8a526dfffff,9.66996276118152,46.3997124476288,2.21687624555963,10.3376315171305,4.66315227917509
Graubünden,881f8a52dbfffff,9.81770880038461,46.4160784858585,2.16672230456735,27.0254008730785,12.4729416483645
Graubünden,881f8a5301fffff,9.65389866049841,46.3582677242386,1.48785950175022,9.13984588587189,6.14294956957992
Graubünden,881f8a5305fffff,9.64538958243632,46.3521443646436,1.37695816218098,8.71417510883247,6.32856926824123
Graubünden,881f8a5309fffff,9.65074007593393,46.3659621733878,1.53088181067542,9.14234394137231,5.97194628456573
Graubünden,881f8a530bfffff,9.66240945261213,46.3643903136014,1.69411503509016,9.98708881428704,5.89516568085679
Graubünden,881f8a530dfffff,9.64223054935281,46.3598389773492,1.41536937675209,8.74194170465356,6.17643835470999
Graubünden,881f8a5351fffff,9.66776427254612,46.3782062537443,1.97141149808046,10.6082179334778,5.38102671299568
Graubünden,881f8a5355fffff,9.65925131695089,46.3720845990186,1.74174937636191,9.93490271776135,5.70397948900832
Graubünden,881f8a5359fffff,9.66460601681968,46.3858995073337,2.00552935488015,10.422326285881,5.1967956791656
Graubünden,881f8a535dfffff,9.65609261196492,46.3797780166253,1.78339609888665,9.8657395675185,5.53199570957767
Graubünden,881f8a5361fffff,9.62205614074614,46.3552843479577,1.15830264780575,7.24772852024648,6.25719757610527
Graubünden,881f8a5363fffff,9.63372273706484,46.3537150114002,1.2545812147098,7.92024052550392,6.31305525113891
Graubünden,881f8a5365fffff,9.61355130927683,46.3491590068191,0.999899066451841,6.27577946693035,6.27641296756088
Graubünden,881f8a5367fffff,9.62521663892715,46.3475902760381,1.07076514654563,6.834305249231,6.3826370061437
Graubünden,881f8a536bfffff,9.6305626866064,46.3614089200051,1.29361787497749,7.98998256862383,6.17646271219223
Graubünden,881f8a5481fffff,10.0405602992587,46.3564623097521,2.3965753252203,1.29475721661556,0.540253086556563
Graubünden,881f8a5483fffff,10.0522439154664,46.3548487075251,2.50962930044608,1.27063075546045,0.506302167907666
Graubünden,881f8a5487fffff,10.0436864651186,46.3487485098814,2.38147898733049,1.21205241257134,0.508949446549594
Graubünden,881f8a5489fffff,10.0374335671092,46.3641752439878,2.41208673065009,1.38237409038128,0.573102978767564
Graubünden,881f8a548bfffff,10.0491182127504,46.3625623406598,2.52593986153023,1.36504439958362,0.54041049051606
Graubünden,881f8a5491fffff,10.0724881486303,46.3593325884423,2.7611800200873,1.37196552406599,0.496876521662869
Graubünden,881f8a5493fffff,10.0841734369368,46.3577157393789,2.85766767019763,1.39441222212426,0.487954648004198
Graubünden,881f8a5495fffff,10.0639277465635,46.3532337903033,2.62822701361639,1.2661012768109,0.481732084120377
Graubünden,881f8a5497fffff,10.0756117915842,46.3516175579999,2.73310420077787,1.2776914296642,0.46748727300648
Graubünden,881f8a5499fffff,10.0693639395871,46.3670467533312,2.78453521257252,1.47881747153496,0.531082338214979
Graubünden,881f8a549bfffff,10.0810502583337,46.3654306027715,2.88904600890949,1.49979705865586,0.519132285893217
Graubünden,881f8a549dfffff,10.0608030735795,46.3609481221737,2.64401503957656,1.35983129983574,0.514305433018081
Graubünden,881f8a54b1fffff,10.0584936224996,46.3394188448405,2.47537428148441,1.1155760181245,0.450669632656732
Graubünden,881f8a54b3fffff,10.0701753944683,46.3378025304334,2.5755388493055,1.11451222997481,0.43272972965457
Graubünden,881f8a54b5fffff,10.0499370985103,46.3333183140521,2.35120020441742,1.07740616558668,0.458236675703949
Graubünden,881f8a54b7fffff,10.0616176270873,46.3317026156994,2.45097274884614,1.05673491936386,0.43114919162661
Graubünden,881f8a54b9fffff,10.0553690520044,46.3471342088505,2.49619208438454,1.18796225146138,0.475909790313387
Graubünden,881f8a54bbfffff,10.0670518534813,46.3455185929884,2.60398668635824,1.18306574099081,0.454328644300929
Graubünden,881f8a54bdfffff,10.0468120648241,46.3410338445799,2.36533670228416,1.13819302447925,0.48119704200257
Graubünden,881f8a54c1fffff,10.0226208098008,46.3734982014845,2.32730104356241,1.47609187806425,0.634250511830988
Graubünden,881f8a54c3fffff,10.0343062685347,46.3718873123844,2.43393673400245,1.47214357411359,0.604840525863936
Graubünden,881f8a54cbfffff,10.0311784034001,46.3795985147379,2.45487724217963,1.55255461347272,0.632436761723468
Graubünden,881f8a54d3fffff,10.066239164319,46.3747600524623,2.80407043452233,1.5934083457857,0.5682483314857
Graubünden,881f8a54d5fffff,10.0459919437212,46.3702751080505,2.54225047126354,1.46420673072587,0.575949044862655
Graubünden,881f8a54d7fffff,10.0576778343941,46.3686615883952,2.66201580697467,1.46516846406112,0.550398108163851
Graubünden,881f8a54dbfffff,10.0631138226909,46.3824724856317,2.81598408070313,1.70558125262357,0.605678584730386
Graubünden,881f8a54ddfffff,10.0428651082435,46.3779870094932,2.56472793031884,1.56448752688257,0.610001360529527
Graubünden,881f8a5601fffff,9.93683165916431,46.4216587708602,1.45609398969721,1.2554816082399,0.862225664773861
Graubünden,881f8a5605fffff,9.92828096799875,46.4155548183607,1.34452814947742,1.47377323144329,1.0961267207504
Graubünden,881f8a5607fffff,9.93996899421784,46.4139559355418,1.47047093273925,1.32647389986736,0.902074206523996
Graubünden,881f8a5609fffff,9.93369375609633,46.4293607384582,1.4376809140209,1.18609389176471,0.82500496472993
Graubünden,881f8a560dfffff,9.92514260524467,46.4232569529131,1.32707239894843,1.40225372437575,1.05665201498192
Graubünden,881f8a5643fffff,9.93055528487843,46.4370618381336,1.41412686510297,1.1219172070225,0.793363901576687
Graubünden,881f8a5653fffff,9.96249400828945,46.4399659363111,2.08712233574024,1.13545354235622,0.544028264617037
Graubünden,881f8a5655fffff,9.94224661985083,46.43546374215,1.5599581037041,1.04886665285375,0.672368476027162
Graubünden,881f8a5659fffff,9.9476636459072,46.4492667285143,1.6511616756181,0.927217840497305,0.561554846014825
Graubünden,881f8a565bfffff,9.95935748660196,46.4476674019897,2.0504833054921,1.08028377397423,0.526843486645685
Graubünden,881f8a565dfffff,9.93910860868108,46.4431646745866,1.53130937534477,0.991884607010034,0.647736259556769
Graubünden,881f8a5681fffff,10.0186612745522,46.4104346596484,2.57141256925531,1.69228446467596,0.658114720644012
Graubünden,881f8a5683fffff,10.0303520991399,46.4088259517087,2.66409517412058,1.80069743503013,0.675913327918003
Graubünden,881f8a5687fffff,10.0217914072814,46.4027269235032,2.53991961465622,1.69188193896882,0.666116332661109
Graubünden,881f8a5689fffff,10.0155305745859,46.4181415287332,2.60017888987795,1.67072640470105,0.642542869340606
Graubünden,881f8a568bfffff,10.0272224293888,46.4165335203566,2.69104359090529,1.79905153953545,0.668533035145012
Graubünden,881f8a568dfffff,10.0069706679133,46.4120420515397,2.4776813596007,1.58136052053951,0.638242086461983
Graubünden,881f8a5691fffff,10.0506067898692,46.4133135546169,2.88255611948776,2.02195175225346,0.701444019973762
Graubünden,881f8a5693fffff,10.0622992936111,46.4117015970778,2.9832574822836,2.10647607578174,0.706099318711601
Graubünden,881f8a5695fffff,10.042043140709,46.4072159276325,2.76258215758608,1.89735141491681,0.686803615851447
Graubünden,881f8a5697fffff,10.0537343982919,46.4056045873315,2.86752266931494,1.97861033721686,0.690006868433773
Graubünden,881f8a569dfffff,10.0389145014725,46.4149241956806,2.78429924607705,1.91846976912703,0.689031458033853
Graubünden,881f8a56b1fffff,10.036609737401,46.3934082137191,2.60933481942733,1.72580777483685,0.66139759527511
Graubünden,881f8a56b5fffff,10.0280499715699,46.3873088508446,2.47995145798739,1.61951750152395,0.653044032901466
Graubünden,881f8a56b7fffff,10.0397377061819,46.3856980447839,2.58541338850514,1.65319022647988,0.639429746063061
Graubünden,881f8a56b9fffff,10.0334812017655,46.4011175160952,2.63603225189977,1.77627051017467,0.673842480073804
Graubünden,881f8a56bdfffff,10.0249209729087,46.3950183205009,2.50872199980834,1.66726757918738,0.664588415661342
Graubünden,881f8a56c1fffff,10.0007066406655,46.4274535229002,2.52306610825274,1.49435847245245,0.592278762559778
Graubünden,881f8a56c5fffff,9.99214752069305,46.4213535969424,2.39473668090762,1.42819905300643,0.596390853488385
Graubünden,881f8a56c7fffff,10.0038389380315,46.4197482208988,2.50444528718642,1.54372645163553,0.616394560317906
Graubünden,881f8a56c9fffff,9.9975737756798,46.435157957341,2.52913245782385,1.43961791752234,0.569214124419972
Graubünden,881f8a56cdfffff,9.98901419360016,46.4290581989612,2.40579373893704,1.37019518753377,0.569539759522016
Graubünden,881f8a8889fffff,10.1080679350077,46.7613876507404,1.6425098854748,2.9940937082287,1.82287713133805
Graubünden,881f8a88a5fffff,10.0885219358409,46.7277913381692,1.83019994512965,3.25167012020406,1.77667479930654
Graubünden,881f8a88adfffff,10.0853842501867,46.735471624752,1.70779954809096,3.03237834502963,1.77560554364786
Graubünden,881f8a88c3fffff,10.104930515294,46.7690656659173,1.57132100295969,2.90144467709466,1.84650028328367
Graubünden,881f8a88c5fffff,10.0845742917598,46.7645865583254,1.47107926473274,2.59558663674462,1.76440977652973
Graubünden,881f8a88c7fffff,10.0963210066318,46.7629877674998,1.54517677664965,2.76259514049632,1.78788290261931
Graubünden,881f8a88e1fffff,10.0791071642941,46.7508295739787,1.52119169619548,2.68197866712791,1.76307737797648
Graubünden,881f8a88e5fffff,10.0705028303584,46.7447492798625,1.52499221820719,2.73517264365612,1.79356498413588
Graubünden,881f8a88e7fffff,10.0822459930502,46.7431510367542,1.60338787252752,2.83840721844376,1.77025613519791
Graubünden,881f8a88e9fffff,10.075967763781,46.7585072362285,1.46085456817565,2.56559000068458,1.75622547006068
Graubünden,881f8a88ebfffff,10.0877132230085,46.7569090700224,1.52948325870971,2.69280687444608,1.76059911680091
Graubünden,881f8a88edfffff,10.0673629609736,46.7524271158858,0.674677663187669,1.19814754276932,1.775881444049
Graubünden,881f8a8991fffff,10.0830565919365,46.714029189039,1.97294849767252,3.61988302652993,1.83475799332841
Graubünden,881f8a8993fffff,10.0947955932511,46.7124281420503,2.13713207036713,3.75592128467202,1.75745866937779
Graubünden,881f8a8997fffff,10.0861936040269,46.7063469806366,2.12506059709362,3.88098310901865,1.82629291340047
Graubünden,881f8a8999fffff,10.0799190086617,46.7217105233602,1.83309058797773,3.36118825688368,1.83361819591892
Graubünden,881f8a899bfffff,10.0916590501499,46.7201101772028,0.912050558094158,1.61543491983961,1.77121202931476
Graubünden,881f8a899dfffff,10.0713178049535,46.7156289114936,1.83450682359768,3.51092466696142,1.91382480664536
Graubünden,881f8a89b3fffff,10.0807302471528,46.6925817672554,2.25151022603027,4.27558797158183,1.89898669886136
Graubünden,881f8a89b7fffff,10.0721321714004,46.6864988401184,2.21573945305379,4.44804814031983,2.00747797047592
Graubünden,881f8a89d3fffff,10.0767808540652,46.7293909834027,1.7072277084976,3.11527604796215,1.82475719697853
Graubünden,881f8a89d7fffff,10.068179181807,46.7233095448219,1.7187550909657,3.26250456678631,1.89817885278421
Graubünden,881f8a89dbfffff,10.0736421280099,46.7370705689692,1.60726493809868,2.91006259484378,1.81056808113181
Graubünden,881f8a8c01fffff,10.2538014333012,46.78496050203,1.24153037658462,7.13414316748242,5.74624938868437
Graubünden,881f8a8c03fffff,10.2655577264049,46.7833446784057,1.28622175025513,7.96904187761469,6.19569827367171
Graubünden,881f8a8c09fffff,10.2506752081334,46.7926430672181,1.21916884966078,7.44841114099094,6.10941720095896
Graubünden,881f8a8c0bfffff,10.2624325483177,46.7910279427099,1.26247410392199,8.3627324300032,6.6240823506982
Graubünden,881f8a8c0dfffff,10.2420453407577,46.7865749974267,1.19689785602567,6.33538207410151,5.29316853748764
Graubünden,881f8a8c11fffff,10.2859478273249,46.7877937081773,1.33882376026752,10.190110368609,7.61124105429147
Graubünden,881f8a8c19fffff,10.2828241736071,46.7954774953335,1.31664409084826,10.7322514507824,8.15121681354905
Graubünden,881f8a8c1bfffff,10.294583158554,46.7938590838571,1.34551095978005,11.6917336692453,8.68943770711205
Graubünden,881f8a8c1dfffff,10.2741900883766,46.7894114897249,1.30384501122454,9.29061498015243,7.12555165696183
Graubünden,881f8a8c43fffff,10.2475484119268,46.8003247572365,1.19443866324055,7.70107791322318,6.4474452730205
Graubünden,881f8a8c45fffff,10.2271611313287,46.795869331149,1.12557395095379,5.74263127243938,5.10195822102419
Graubünden,881f8a8c47fffff,10.2389180688088,46.7942568633356,1.17212996083779,6.55917518828287,5.59594533663712
Graubünden,881f8a8c4bfffff,10.2444210445434,46.8080055718885,1.17002122840987,7.90410356049313,6.75552149702042
Graubünden,881f8a8c51fffff,10.2679401144062,46.8047767910917,1.25810345988339,10.1194874111453,8.04344613445644
Graubünden,881f8a8c55fffff,10.2593067993081,46.7987103319374,1.24021467531837,8.71716248011737,7.02875288738189
Graubünden,881f8a8c57fffff,10.2710653868633,46.7970945779984,1.2802838866391,9.72997311984294,7.59985595490489
Graubünden,881f8a8c59fffff,10.2648142708674,46.8124581288082,1.23325897667305,10.4186680560145,8.44807802179622
Graubünden,881f8a8c5bfffff,10.2765751535523,46.8108424441881,1.27141730713239,11.6309000064373,9.14797992853361
Graubünden,881f8a8c5dfffff,10.2561804792381,46.8063918458916,1.21537070621154,8.99418439395818,7.40036299047731
Graubünden,881f8a8c65fffff,10.2130373833629,46.7760483550892,1.05619963492652,3.87493074407497,3.66874842211488
Graubünden,881f8a8c6bfffff,10.230289449759,46.7881881646822,1.15010608696074,5.57876627580183,4.8506536388693
Graubünden,881f8a8d59fffff,10.2044139357651,46.7699772451361,1.04262192948202,3.35278370017353,3.21572336564915
Graubünden,881f8a8f33fffff,10.2012841937208,46.7776589380234,1.01618978970917,3.43887393984169,3.38408629437804
Graubünden,881f8a8f37fffff,10.1926619959383,46.7715872004163,1.00461306586776,2.99951323924127,2.98573982476562
Graubünden,881f8a9821fffff,9.8885768874265,46.8634587804302,1.16868455681367,1.11182469481461,0.951347126418714
Graubünden,881f8a9825fffff,9.87998337673861,46.8573724757434,2.77366705111887,2.61176664073505,0.941629471958968
Graubünden,881f8a9827fffff,9.89173610844407,46.8557998982344,2.74751261609882,2.51480655555282,0.915303005641368
Graubünden,881f8a9829fffff,9.88541709153513,46.8711167841211,1.04818420179619,1.05977733053372,1.01106020174476
Graubünden,881f8a982dfffff,9.87682311770372,46.8650306535663,1.03747261929187,1.03517668441408,0.997786992316627
Graubünden,881f8a9861fffff,9.87050087453986,46.8803443732332,0.907209805148771,1.07931245261297,1.18970545345459
Graubünden,881f8a9863fffff,9.88225672063227,46.8787739091134,0.911192013946164,0.998246998832719,1.09553967062281
Graubünden,881f8a9865fffff,9.8619077084052,46.8742577952671,1.99808671207331,2.38328123384348,1.19278168431963
Graubünden,881f8a9867fffff,9.87366228368337,46.8726879527941,1.04929882904033,1.13351029295704,1.08025498703142
Graubünden,881f8a9869fffff,9.86733889013546,46.88799991469,0.907566521508074,1.20291342903235,1.32542728331749
Graubünden,881f8a986bfffff,9.87909577458019,46.8864301552135,0.912450767829725,1.09957424417778,1.20507788797541
Graubünden,881f8a986dfffff,9.8587452613289,46.8819135109949,2.14368421472371,2.84714222077774,1.32815374635051
Graubünden,881f8a9903fffff,9.85421324047949,46.8391087908324,2.52055009863969,2.61138395946078,1.03603731616766
Graubünden,881f8a9907fffff,9.84562665986801,46.8330193072255,2.41055219906624,2.64753150712391,1.09830913769445
Graubünden,881f8a990bfffff,9.85105159437239,46.8467674900212,1.83480070547379,1.97361543441605,1.07565657050825
Graubünden,881f8a9911fffff,9.87455174574017,46.8436261455049,2.6457252472986,2.45397048372735,0.927522797853996
Graubünden,881f8a9913fffff,9.88630217040253,46.8420534850881,2.63617391207409,2.37855447215465,0.902275248708175
Graubünden,881f8a9915fffff,9.86596216274996,46.837538076685,2.55294478510381,2.46515877517961,0.96561382352003
Graubünden,881f8a9917fffff,9.87771131801947,46.8359660373208,2.56605099036316,2.37372653023709,0.925050413710271
Graubünden,881f8a9919fffff,9.87139159877668,46.8512853755855,2.71289318210312,2.58823062247476,0.95404811348609
Graubünden,881f8a991bfffff,9.88314306092567,46.8497134195194,2.71213172415722,2.46916959998637,0.910416547247037
Graubünden,881f8a991dfffff,9.86280155340296,46.8451974804505,2.6252073951572,2.59027444635743,0.986693261315579
Graubünden,881f8a9927fffff,9.83162114998172,46.8131778632352,1.51645291641682,1.91994040659148,1.26607320663015
Graubünden,881f8a9931fffff,9.86053480852312,46.8237887583798,2.36263656409599,2.44109356512125,1.03320739305297
Graubünden,881f8a9933fffff,9.87228165760723,46.8222166353498,1.69252278633554,1.68487639610628,0.995482252711164
Graubünden,881f8a9935fffff,9.85194915113424,46.8176989281944,1.59553888203981,1.77846916084353,1.11465109428725
Graubünden,881f8a9937fffff,9.8636947307346,46.8161274255046,1.61820060916575,1.72766844575408,1.0676478775056
Graubünden,881f8a9939fffff,9.85737431181724,46.8314492135539,2.44380729217165,2.49820279056949,1.0222585056408
Graubünden,881f8a993bfffff,9.8691221974389,46.82987779492,1.75222971043836,1.69815955720602,0.969142086274284
Graubünden,881f8a993dfffff,9.8487881928039,46.8253595566057,2.33053270564873,2.55005992065835,1.09419615286991
Graubünden,881f8a9953fffff,9.86823087699145,46.8589437273687,1.95953937499424,1.9718013345627,1.00625757243
Graubünden,881f8a995bfffff,9.86506958024682,46.8666012006605,1.98414541091312,2.15377254829261,1.08549128327315
Graubünden,881f8a9b03fffff,9.83206963986999,46.8927012344117,2.76017720414718,5.19062691812086,1.88054118783458
Graubünden,881f8a9b09fffff,9.81714698350596,46.9019175301786,2.74881590104962,6.16848631516099,2.24405217999706
Graubünden,881f8a9b0bfffff,9.82890396652494,46.9003537815468,2.76154276420623,5.75803108660805,2.08507764617692
Graubünden,881f8a9b11fffff,9.85241864092125,46.8972223050406,2.81905496940765,4.71237656962301,1.67161570837095
Graubünden,881f8a9b15fffff,9.84382582179736,46.891135454192,2.788575674112,4.6939110025417,1.6832647025211
Graubünden,881f8a9b17fffff,9.85558223888016,46.8895683476505,2.82509370369072,4.20796642914023,1.4894962328658
Graubünden,881f8a9b1dfffff,9.84066118599106,46.8987887065334,2.78579815147519,5.24332989265137,1.88216432331066
Graubünden,881f8a9b33fffff,9.85015336668314,46.8758263116366,1.96970446433214,2.64200902488479,1.34132255509742
Graubünden,881f8a9b3bfffff,9.84698988198214,46.8834813224953,2.11406603375393,3.17175948021034,1.50031239780068
Graubünden,881f8a9b41fffff,9.80222191432906,46.9111302089604,2.07662809776777,5.13858570281442,2.47448530063618
Graubünden,881f8a9b43fffff,9.81397969694956,46.9095684922226,0.871960870767695,2.11293102229234,2.42319477069202
Graubünden,881f8a9b45fffff,9.79363373074095,46.9050410486895,1.9429820494184,4.49387667844942,2.31287606583632
Graubünden,881f8a9b47fffff,9.80539023791703,46.9034799525267,0.871338181387306,2.02783302573872,2.32726290326231
Graubünden,881f8a9b49fffff,9.79905301451087,46.9187795853845,2.0626670070733,5.33080334060405,2.58442265393476
Graubünden,881f8a9b4dfffff,9.79046437043097,46.9126905993559,2.06783488582181,5.00242704029981,2.41916173994314
Graubünden,881f8a9b55fffff,9.82573771730941,46.908005449044,2.75873147646523,6.29892852594886,2.28326989403829
Graubünden,881f8a9b57fffff,9.83749597442544,46.9064410793264,2.78019701710384,5.7978939104754,2.08542555610505
Graubünden,881f8ac013fffff,9.75056000006124,46.6066693359533,0.736665856889828,6.38734440214773,8.67061279195812
Graubünden,881f8ac01bfffff,9.74739927770976,46.6143451265554,0.654061059111669,6.48204852365,9.91046391365016
Graubünden,881f8ac085fffff,9.78029498903427,46.5881692507201,1.27278863846676,5.76330059669933,4.52808928561932
Graubünden,881f8ac087fffff,9.79200297754403,46.5865943314194,1.42442654484937,5.51446079348279,3.87135497679589
Graubünden,881f8ac08dfffff,9.77713746558527,46.5958481953814,1.08728422057673,6.28395000213189,5.77949158390132
Graubünden,881f8ac0a9fffff,9.77174521837132,46.5820637389111,1.24258978677403,5.06927892058725,4.07960774709724
Graubünden,881f8ac0abfffff,9.78345194087534,46.5804894335844,1.48412570731457,5.19033686695693,3.49723533618221
Graubünden,881f8ac0b1fffff,9.8068660996157,46.5773368696786,1.73920374442408,4.63324551573606,2.66400387567605
Graubünden,881f8ac0b3fffff,9.81857353391147,46.5757586109081,1.75466079704388,4.31654634806134,2.46004604156743
Graubünden,881f8ac0b5fffff,9.79831425432036,46.5712324174745,1.86675832066531,4.38067849272242,2.34667682700413
Graubünden,881f8ac0b7fffff,9.81002042435446,46.5696547731202,1.93338000730285,4.10180808535498,2.12157365332291
Graubünden,881f8ac0b9fffff,9.80371120362366,46.5850180941451,1.54030772757015,5.19345439822594,3.37169924247452
Graubünden,881f8ac0bbfffff,9.81541966630247,46.5834405388016,1.59356104012988,4.85298663024763,3.04537228762325
Graubünden,881f8ac0bdfffff,9.79515890161354,46.5789138105389,1.64040038485385,4.93821082855637,3.01036922092427
Graubünden,881f8ac0c5fffff,9.76226956516481,46.6050984607107,0.823726951736858,6.70669260085132,8.1418880209152
Graubünden,881f8ac0cdfffff,9.75910987029911,46.6127749556495,0.720561278743591,6.92364094039963,9.6086774916244
Graubünden,881f8ac0e1fffff,9.75687972860612,46.5913151357848,0.979287725336298,5.77288007870092,5.89497849237154
Graubünden,881f8ac0e3fffff,9.76858723906484,46.5897428521431,1.11640616291215,5.87006108014033,5.25799773876943
Graubünden,881f8ac0e9fffff,9.75372015031466,46.598992672297,0.844179820431952,6.14111913785873,7.27465758979695
Graubünden,881f8ac0ebfffff,9.76542868804134,46.5974210928091,0.954971252297783,6.3422364283641,6.64128518330145
Graubünden,881f8ac121fffff,9.63323469342859,46.5425803368826,1.23144309015561,2.57855692578027,2.09393105243251
Graubünden,881f8ac125fffff,9.6247080401893,46.5364641427991,1.34392253213256,2.91223971941522,2.16696993300204
Graubünden,881f8ac129fffff,9.6300669428173,46.5502565624752,1.154122522858,2.25332607371388,1.95241495515908
Graubünden,881f8ac12dfffff,9.62153983970097,46.5441405349981,1.26902378066896,2.52826571501712,1.99229183371516
Graubünden,881f8ac141fffff,9.62909043418941,46.5793947550305,0.867598298605347,1.61550431542349,1.86204182052961
Graubünden,881f8ac145fffff,9.62056025758933,46.5732800049271,0.959080463224456,1.66846332317183,1.73964895245849
Graubünden,881f8ac147fffff,9.63225945145552,46.5717213139024,0.918679833852431,1.71741109929415,1.86943376354772
Graubünden,881f8ac14dfffff,9.6173902175964,46.5809527403076,0.962826406316231,1.67938202800963,1.74422099040152
Graubünden,881f8ac161fffff,9.61520172224908,46.559490702755,1.13013766752702,1.98782391504907,1.75892191913119
Graubünden,881f8ac163fffff,9.62689862006408,46.5579319158125,1.0805971821073,1.9933607905934,1.8446844241312
Graubünden,881f8ac167fffff,9.61837106709942,46.5518160550496,1.19632968063097,2.22029965501694,1.85592624755904
Graubünden,881f8ac169fffff,9.61203180501429,46.5671644779156,1.07335976686591,1.82608328829636,1.70127793556892
Graubünden,881f8ac16bfffff,9.62372972503332,46.565606396696,1.0146940348996,1.79922922339069,1.7731741406844
Graubünden,881f8ac203fffff,9.69644134628562,46.6574030070853,0.576323826085218,3.10136953395723,5.38129675294501
Graubünden,881f8ac209fffff,9.6815583249497,46.6666321067459,0.645523944903995,2.52752884393067,3.9154687659287
Graubünden,881f8ac20bfffff,9.69327410591801,46.6650714396123,0.605942440567494,2.85001908872684,4.7034485421712
Graubünden,881f8ac211fffff,9.71670640537346,46.661946148812,0.538187223392141,3.8198597384053,7.09764106685606
Graubünden,881f8ac215fffff,9.70815634620325,46.6558403157843,0.544412903361704,3.61818921069259,6.64603867459895
Graubünden,881f8ac217fffff,9.71987159100402,46.6542763057304,0.52136246089107,4.23662642559988,8.12606726299202
Graubünden,881f8ac21dfffff,9.70499013304994,46.6635094536673,0.568209924729952,3.28554412946575,5.78227163319479
Graubünden,881f8ac23bfffff,9.71132198622403,46.6481703034794,0.530589178717952,3.96093347766165,7.46516068652653
Graubünden,881f8ac241fffff,9.6666729236535,46.6758576016205,0.723670842932237,2.21026357257338,3.05423880782267
Graubünden,881f8ac243fffff,9.67838948419103,46.6742989589598,0.686667118616591,2.36623096839792,3.44596516164208
Graubünden,881f8ac245fffff,9.65812750539153,46.6697494849757,0.710455333183939,2.19589841312217,3.09083247117189
Graubünden,881f8ac247fffff,9.66984279111695,46.6681914551673,0.68141598266929,2.31383379287696,3.39562594909067
Graubünden,881f8ac249fffff,9.66350248246023,46.6835228729868,0.871958612064093,2.39644341344928,2.74834536902668
Graubünden,881f8ac24bfffff,9.6752200698106,46.6819649361771,0.829332971847198,2.5153823608295,3.03301863813145
Graubünden,881f8ac24dfffff,9.65495661153257,46.6774149255115,0.752566897940467,2.13876705639181,2.84196270423922
Graubünden,881f8ac255fffff,9.6901062921732,46.6727389974299,0.64387767198754,2.62005370699801,4.06917931928025
Graubünden,881f8ac257fffff,9.70182334662779,46.6711777169313,0.600828350500596,2.97711953069309,4.95502505534672
Graubünden,881f8ac259fffff,9.69548805343145,46.6865116188157,0.77709636148038,2.77929534771889,3.57651313979168
Graubünden,881f8ac25dfffff,9.68693790491481,46.6804056803412,0.778405039296377,2.73145147033302,3.50903621179285
Graubünden,881f8ac269fffff,9.64958381488087,46.6636405867384,0.697590270894812,2.18061765690116,3.12592899855676
Graubünden,881f8ac2a1fffff,9.75278876405564,46.6281253258461,0.586034641970945,6.81821619370618,11.6344934333152
Graubünden,881f8ac2a3fffff,9.76450165298792,46.6265552453143,0.610564598833707,6.81784733888076,11.1664635517751
Graubünden,881f8ac2a5fffff,9.74423798312411,46.6220200439052,0.593237290296467,6.41224323128305,10.8089011533287
Graubünden,881f8ac2a7fffff,9.7559496033081,46.6204505774272,0.642417642255267,6.96419821850501,10.8406086016825
Graubünden,881f8ac2a9fffff,9.74962735240549,46.6357992007081,0.548075755964202,6.50411182703476,11.8671766744953
Graubünden,881f8ac2adfffff,9.74107611616812,46.6296940878048,0.55108314437383,6.18624563551421,11.2256121397858
Graubünden,881f8ac2e1fffff,9.73475066460033,46.6450395544624,0.512043008232669,5.39165881399951,10.5296991215815
Graubünden,881f8ac2e5fffff,9.72620024332944,46.638933996771,0.519094259885088,5.05580002407246,9.73965696556087
Graubünden,881f8ac2e7fffff,9.7379136767056,46.6373672580564,0.524785686394567,5.83256302586075,11.1141808495811
Graubünden,881f8ac2edfffff,9.7230362036106,46.6466055883177,0.514623128386438,4.65784545977125,9.05098353114361
Graubünden,881f8ac321fffff,9.61104841942074,46.5962955917239,0.854636373903346,1.59445159417045,1.86564911447448
Graubünden,881f8ac325fffff,9.6025186176466,46.5901805661453,1.01399090154145,1.77650472456958,1.75199276627529
Graubünden,881f8ac327fffff,9.61421960491878,46.5886246026391,0.927136599697291,1.65595414009754,1.78609510253204
Graubünden,881f8ac32dfffff,9.59934640951711,46.5978508491443,0.996455180428226,1.83807938409278,1.84461822287167
Graubünden,881f8ac34dfffff,9.59518389486888,46.6346374315249,0.806814867369915,2.1714434425579,2.69137757666322
Graubünden,881f8ac361fffff,9.59300027393307,46.6131887943389,0.97205482653387,2.07729213901532,2.13701129021959
Graubünden,881f8ac365fffff,9.58447084942455,46.6070734937072,1.11961753068613,2.25955275860556,2.01814699812788
Graubünden,881f8ac367fffff,9.59617362832456,46.605520258608,0.982750453325602,1.94067549831623,1.97473884824884
Graubünden,881f8ac369fffff,9.58982634620677,46.6208564561394,0.962469422090117,2.23348863084702,2.32058139155916
Graubünden,881f8ac36bfffff,9.60153142464548,46.619303317519,0.860970190070175,1.98839152418258,2.30947778113027
Graubünden,881f8ac36dfffff,9.58129647249794,46.614741323015,1.10843552480345,2.41570576236983,2.1793832011999
Graubünden,881f8ac433fffff,9.96051384404891,46.6073485724572,1.32674634485812,5.36346738155718,4.04257181664271
Graubünden,881f8ac437fffff,9.95193986482208,46.6012545526509,1.30153787709783,5.3609830314303,4.11896044345955
Graubünden,881f8ac489fffff,10.0096900550232,46.622434598802,3.03908519735247,8.802041528143,2.89627995154956
Graubünden,881f8ac48dfffff,10.0011084023559,46.6163441873911,3.19921715252356,9.64361233501982,3.01436628876939
Graubünden,881f8ac4c3fffff,10.0065500865999,46.6301211480301,2.86102026612917,8.77334372517631,3.06650876578594
Graubünden,881f8ac4c7fffff,9.99796796917581,46.6240309076371,3.02071327396854,9.71580904938802,3.21639565499827
Graubünden,881f8ac4d1fffff,10.0268585211,46.6346130473994,2.73707748728911,7.25449428334345,2.65045265142586
Graubünden,881f8ac4d5fffff,10.018273427894,46.6285242189697,2.87966584495948,7.98877226027262,2.77420113665481
Graubünden,881f8ac4d9fffff,10.0237194833617,46.6422992540683,2.56835609979639,7.11811314338194,2.77146659839974
Graubünden,881f8ac4ddfffff,10.0151339246179,46.6362105970054,2.70548416476132,7.89358890658162,2.91762524778185
Graubünden,881f8ac4e1fffff,9.98080889557954,46.6118480545773,3.27705651928296,11.4676891864917,3.49938706244863
Graubünden,881f8ac4e3fffff,9.99252846975982,46.6102529852317,3.33979506406007,10.4330705575985,3.12386549398496
Graubünden,881f8ac4e5fffff,9.97223193914204,46.6057554429003,3.33234072630452,12.0418762010771,3.61363893734578
Graubünden,881f8ac4e7fffff,9.98395025710258,46.6041609928187,3.43234241193107,11.0428276655284,3.2172861388021
Graubünden,881f8ac4ebfffff,9.98938757221319,46.6179398763212,3.16631741319171,10.6487993449487,3.36314966420707
Graubünden,881f8ac4edfffff,9.96908954359527,46.6134418031459,1.32464575168006,5.18501862429284,3.91426811109057
Graubünden,881f8ac501fffff,9.87081620285751,46.5832175586192,1.1850681935583,4.28045316778775,3.61198890583266
Graubünden,881f8ac503fffff,9.88252709506437,46.5816327954311,1.14009552719568,4.26407195891795,3.740100594383
Graubünden,881f8ac509fffff,9.8676663401438,46.590901257581,1.16669943164913,4.76149522587324,4.08116700557816
Graubünden,881f8ac50bfffff,9.87937826278331,46.5893171970472,1.12969056294731,4.75276680848326,4.20714040142418
Graubünden,881f8ac50dfffff,9.85910554172805,46.5848010030108,1.25740303509521,4.36621210572381,3.47240461797771
Graubünden,881f8ac511fffff,9.90280279832033,46.5861451187359,1.14792944877494,4.89566500127827,4.26477864689582
Graubünden,881f8ac513fffff,9.91451540927361,46.5845571007717,1.2096649953083,4.98937750438403,4.12459443212411
Graubünden,881f8ac517fffff,9.9059495688235,46.5784593122911,1.16146922533321,4.37334098719645,3.76535244482417
Graubünden,881f8ac519fffff,9.89965545714636,46.5938300533214,1.13057991986889,5.3536901210571,4.73534867104129
Graubünden,881f8ac51dfffff,9.89109041583285,46.5877318174633,1.12158448059403,4.80582271246353,4.28485129351842
Graubünden,881f8ac521fffff,9.85684745466862,46.5633310172436,2.94520501120078,6.3717097743184,2.16341808128345
Graubünden,881f8ac523fffff,9.86855479493946,46.5617467831868,2.63867168619735,6.0549215010148,2.29468544066605
Graubünden,881f8ac525fffff,9.84829101471849,46.5572288554694,3.34426188005476,5.95517513041749,1.78071435312356
Graubünden,881f8ac527fffff,9.85999709380434,46.5556452367776,2.92616864904801,5.54821363355589,1.89606762254148
Graubünden,881f8ac52dfffff,9.84514034650417,46.564913933171,3.31076386871359,6.79122093674461,2.05125499916228
Graubünden,881f8ac533fffff,9.90053210866556,46.5646738900737,2.34350811499362,6.71077393564689,2.86355907739844
Graubünden,881f8ac537fffff,9.8919701679172,46.5585743603103,2.33296013090604,5.74399938982644,2.46210782333244
Graubünden,881f8ac547fffff,9.85595464888614,46.5924839991586,1.2214997376229,4.84682168655684,3.96792691580024
Graubünden,881f8ac557fffff,9.88794204350726,46.5954160496222,1.10691650963697,5.25064112286941,4.74348433432567
Graubünden,881f8ac561fffff,9.8388372975747,46.5802814735259,1.49831138874304,4.25043511590218,2.83681693127084
Graubünden,881f8ac563fffff,9.8505464642263,46.578699963404,1.38945083247121,4.02789148672221,2.89890897366868
Graubünden,881f8ac565fffff,9.83028120353029,46.5741790341323,1.68840524464867,4.0171686935803,2.37926807341576
Graubünden,881f8ac569fffff,9.83568491658742,46.5879639357807,1.41266388118821,4.75939661997956,3.36909344349935
Graubünden,881f8ac56bfffff,9.84739511264752,46.5863831286999,1.34103313731438,4.52663376752229,3.37548241096231
Graubünden,881f8ac56dfffff,9.82712836460977,46.5818616652935,1.57540717379343,4.53045903433656,2.8757384818984
Graubünden,881f8ac5c1fffff,9.93479706679195,46.5890641476661,2.84524777301134,11.5162182697409,4.0475273819659
Graubünden,881f8ac5c3fffff,9.9465113896745,46.5874728732209,3.09189870780642,11.3553579549301,3.67261641730373
Graubünden,881f8ac5c5fffff,9.92622824772043,46.5829677634779,2.68399719420846,10.4040189138013,3.87631512292603
Graubünden,881f8ac5c7fffff,9.93794131268842,46.581377106762,2.91915347705642,10.3788126794436,3.55541863797763
Graubünden,881f8ac5cbfffff,9.9433676057811,46.5951597442222,2.99461747124547,12.3541938465392,4.1254664294071
Graubünden,881f8ac5d1fffff,9.96679899107377,46.5919746392121,3.43100097341203,11.3617586227649,3.31149967919303
Graubünden,881f8ac5d9fffff,9.96365670276762,46.5996620417852,3.31743546472705,12.2437310314344,3.69072169198678
Graubünden,881f8ac5dbfffff,9.97537376425154,46.5980682106472,3.46871920986886,11.3913993268533,3.28403616367782
Graubünden,881f8ac5ddfffff,9.95508318632297,46.593567851727,3.23212514558351,12.0066199970661,3.71477571450856
Graubünden,881f8ac5e1fffff,9.92080631716677,46.5691832119667,2.56956656145991,7.95243528540256,3.09485475281262
Graubünden,881f8ac5e5fffff,9.91224139836229,46.563085084621,2.4340973741714,6.75920335489325,2.77688289162802
Graubünden,881f8ac5e9fffff,9.91766114843205,46.5768705921529,2.53360860790392,9.14718540116151,3.61033877633099
Graubünden,881f8ac5ebfffff,9.92937295523062,46.5752805528455,2.73757120055419,9.20015204662123,3.3606987262135
Graubünden,881f8ac5edfffff,9.90909576879209,46.5707726341864,2.41463269162216,7.87482587606813,3.26129348922954
Graubünden,881f8ac6b3fffff,10.0205798750398,46.649984588093,2.41683000376943,6.93268234926976,2.8685022688634
Graubünden,881f8ac811fffff,9.64151173032795,46.4689033344309,1.63879025992074,7.03280940482743,4.29146400050459
Graubünden,881f8ac813fffff,9.65319612184527,46.4673373992435,1.62481336265425,6.54445947976534,4.02782229035493
Graubünden,881f8ac819fffff,9.63834765214905,46.4765868622029,1.64164651715002,6.80459832740158,4.14498386608507
Graubünden,881f8ac81bfffff,9.65003306427995,46.4750216318001,1.61901586134732,6.39640428419307,3.95079778827495
Graubünden,881f8ac853fffff,9.63518300296884,46.4842695195314,1.64269346668879,6.4633822352167,3.93462466752552
Graubünden,881f8ac889fffff,9.68825078167427,46.4626317133922,1.62467310886167,4.43947294698391,2.73253303865812
Graubünden,881f8ac88bfffff,9.6999361601624,46.4610605243532,1.65892806275,3.93373920839144,2.37125364066148
Graubünden,881f8ac88dfffff,9.67972609335424,46.4565150772024,1.65982092185854,5.25778278836153,3.16768075345999
Graubünden,881f8ac899fffff,9.72015072172958,46.4656026630036,1.69961668887863,3.14569000136694,1.85082320146103
Graubünden,881f8ac89dfffff,9.7116217829825,46.4594880216081,4.88252819180538,10.3310214765289,2.11591640041486
Graubünden,881f8ac8c3fffff,9.68509078779205,46.4703180593547,1.57778134330799,4.29923623745243,2.72486188006167
Graubünden,881f8ac8c5fffff,9.66488076155149,46.4657701507398,1.6118771515875,5.84405886820414,3.6256229964228
Graubünden,881f8ac8c7fffff,9.67656564848252,46.4642015888219,1.60947418665111,5.09964957168952,3.16851901943239
Graubünden,881f8ac8d3fffff,9.71699322403883,46.4732902511474,1.65195116697157,2.93227605995341,1.77503797847062
Graubünden,881f8ac8d5fffff,9.69677718812123,46.4687475744679,1.59960592954101,3.7435900459995,2.34032018565578
Graubünden,881f8ac8d7fffff,9.70846383308866,46.4671757757165,1.64189588101989,3.354446224678,2.04303224306424
Graubünden,881f8ac8e9fffff,9.65635860865138,46.4596522965357,1.63860200191996,6.64533570246702,4.05549101897877
Graubünden,881f8ac8ebfffff,9.66804222754382,46.4580843434971,1.64290117152801,5.95674277551197,3.62574625835332
Graubünden,881f8ac9b3fffff,9.66144719160558,46.3935918928008,2.0225175118315,10.2006068719957,5.04351967897599
Graubünden,881f8aca11fffff,9.61935118731283,46.5226697425267,1.51073557591208,3.82536737831552,2.53212239078041
Graubünden,881f8aca13fffff,9.63104272536853,46.5211087427545,1.47933525773768,3.87030064684126,2.61624309067036
Graubünden,881f8aca17fffff,9.62251869352922,46.514991440413,1.56186743815545,4.37522458361511,2.80127780164379
Graubünden,881f8aca19fffff,9.61618310928304,46.5303471729989,1.44948502972364,3.32588469416779,2.29452848837074
Graubünden,881f8aca1bfffff,9.62787566869999,46.5287868786516,1.41572841819196,3.36517153719617,2.37698946630871
Graubünden,881f8acaa5fffff,9.64686943582016,46.482704994005,1.6154369807993,6.16684645274139,3.81744786459582
Graubünden,881f8acaa9fffff,9.65222918970743,46.4965046771131,1.55511453563768,5.09199936159954,3.27435648301722
Graubünden,881f8acaadfffff,9.64370523633066,46.4903874856581,1.60860782207703,5.83886234524952,3.62976125387132
Graubünden,881f8acae1fffff,9.63737512372117,46.505749856509,1.56902409909988,4.92845173490549,3.14109371406905
Graubünden,881f8acae3fffff,9.64906486910117,46.5041861320561,1.52935302576476,4.72751690362702,3.09118746553825
Graubünden,881f8acae7fffff,9.6405404656761,46.4980691065594,1.59417005868305,5.41790738113983,3.39857554821699
Graubünden,881f8acae9fffff,9.63420921033043,46.5134297353072,1.53098468642583,4.40186615204101,2.87518627133849
Graubünden,881f8acaedfffff,9.62568562806764,46.5073122668571,1.59987500788076,4.94502693155658,3.090883292256
Graubünden,881f8acc01fffff,9.83298546303358,46.4866795866566,1.72222209613672,3.04335238184809,1.7671079639931
Graubünden,881f8acc03fffff,9.84468033264005,46.4850942099553,1.47851195486795,2.71099049866729,1.83359389806856
Graubünden,881f8acc05fffff,9.82444036033691,46.4805725062974,1.74735443812755,3.65649682853118,2.09259023169303
Graubünden,881f8acc07fffff,9.83613396998731,46.4789877429522,1.52267116708732,3.39323941313617,2.22847814188734
Graubünden,881f8acc09fffff,9.82983638634704,46.4943705605754,1.94491578882239,2.75869719230572,1.41841472425706
Graubünden,881f8acc0bfffff,9.84153228271786,46.492785886352,1.64454555206334,2.51304751045248,1.52811061225971
Graubünden,881f8acc0dfffff,9.82129082703223,46.4882636474567,1.99631902026292,3.20520259104247,1.60555630563512
Graubünden,881f8acc11fffff,9.86492477331595,46.4896125893468,1.11616892624485,1.65410552254337,1.48194908821581
Graubünden,881f8acc19fffff,9.86177820829422,46.4973048005114,2.8312636329136,3.86489527473135,1.36507785068184
Graubünden,881f8acc1bfffff,9.87347582837076,46.4957168796331,1.05681841881168,1.3589625830873,1.28589979025476
Graubünden,881f8acc1dfffff,9.85322841203012,46.4911998959737,3.03830185065232,4.71916318417746,1.55322394421221
Graubünden,881f8acc21fffff,9.81904639434595,46.4667724679767,1.36520905473985,4.61643811743877,3.381488059584
Graubünden,881f8acc25fffff,9.81050518108272,46.4606636609966,1.46741805716119,5.93379542720351,4.04369797566945
Graubünden,881f8acc29fffff,9.81589697449051,46.4744646457707,1.72425087691629,4.30543040300365,2.49698605965254
Graubünden,881f8acc2bfffff,9.827589323935,46.4728804954606,1.52831389312582,4.20409479642809,2.75080584907173
Graubünden,881f8acc2dfffff,9.80735530535681,46.4683560055725,1.67252938220202,4.92099235673025,2.94224568434868
Graubünden,881f8acc41fffff,9.81499005076074,46.5036433199396,2.50176921399805,2.61497175414542,1.04524899399752
Graubünden,881f8acc43fffff,9.82668673979202,46.5020606645079,2.17287804858452,2.54773614545762,1.17251685943318
Graubünden,881f8acc45fffff,9.80644529630053,46.4975359609328,2.50978165040783,2.81429910913048,1.12133225162164
Graubünden,881f8acc47fffff,9.81814072388538,46.4959539187376,2.25735605207114,2.85822966434852,1.26618468616241
Graubünden,881f8acc49fffff,9.81183880752266,46.511331850862,2.69415664768556,2.47053563584803,0.916997769216709
Graubünden,881f8acc4bfffff,9.82353652323286,46.5097498982535,2.37950634770156,2.41410044467977,1.01453835036482
Graubünden,881f8acc4dfffff,9.80329359691074,46.5052246592445,2.47405806425604,2.34301158031455,0.94703176702488
Graubünden,881f8acc51fffff,9.84693265723842,46.5065820438002,1.75132544779512,2.14519611700321,1.22489861590487
Graubünden,881f8acc53fffff,9.85863107359722,46.5049961417674,1.46750289305249,1.86498175497471,1.27085388642433
Graubünden,881f8acc55fffff,9.83838366303668,46.5004766928553,1.82619958376963,2.36212895700827,1.29346703284883
Graubünden,881f8acc57fffff,9.8500808195268,46.4988914048876,1.60777104806569,2.19776174764543,1.3669618881927
Graubünden,881f8acc59fffff,9.84378392502931,46.5142718125108,1.63200310110473,1.84526883570971,1.13067728514769
Graubünden,881f8acc5bfffff,9.8554833690892,46.5126866129142,1.56829329745621,1.89089730993169,1.20570387758384
Graubünden,881f8acc5dfffff,9.83523447346087,46.5081666292643,2.00764011305634,2.2657626265461,1.12857011165054
Graubünden,881f8acc61fffff,9.80105384480809,46.4837380861399,2.165519947682,3.45915265156996,1.59737741288076
Graubünden,881f8acc63fffff,9.81274698495483,46.4821559539953,1.97798691470581,3.66566295193666,1.85322912132705
Graubünden,881f8acc65fffff,9.79251298136144,46.4776290003047,2.04491525586158,3.69827007685766,1.80851996984074
Graubünden,881f8acc67fffff,9.8042048599771,46.4760474806873,2.01033222161968,4.31053985001974,2.14419278747213
Graubünden,881f8acc69fffff,9.79790225971424,46.4914278217294,2.41652494096824,2.99691095665343,1.24017381564978
Graubünden,881f8acc6bfffff,9.80959642560336,46.4898463924496,2.24890437782813,3.17130248315048,1.41015443538474
Graubünden,881f8acc6dfffff,9.78936094086359,46.4853189028256,2.26462379712109,3.15055452748178,1.39120437199633
Graubünden,881f8acc81fffff,9.91485440179741,46.4755543105969,1.38302314460192,1.06824415901682,0.772397890220631
Graubünden,881f8acc83fffff,9.92655087954294,46.4739597199811,1.5193011507122,0.991397505033758,0.652535216319045
Graubünden,881f8acc87fffff,9.91799571579772,46.4678575535656,1.43342065357352,1.08133929669217,0.754376807670789
Graubünden,881f8acc89fffff,9.91171251883379,46.4832501984945,1.33404197158106,1.07267027013032,0.804075353685481
Graubünden,881f8acc8bfffff,9.92341002546558,46.4816563092329,1.45598658678404,0.997710776928386,0.685247230973544
Graubünden,881f8acc9dfffff,9.93510775826133,46.4800611031681,1.60946456486379,0.97719567118662,0.607155753857382
Graubünden,881f8accb1fffff,9.932830881275,46.458563934558,1.44841466103735,0.908888296125092,0.627505589783348
Graubünden,881f8accb3fffff,9.94452552683757,46.4569666251946,1.60403190468664,0.89083808835992,0.555374295085453
Graubünden,881f8accb7fffff,9.93597002920097,46.45086473879,1.49389820324972,0.944768972290501,0.632418574595857
Graubünden,881f8accb9fffff,9.92969116476751,46.466262261689,1.39679859087031,0.885375007099243,0.633860180620305
Graubünden,881f8accbbfffff,9.94138683929715,46.4646656533315,1.54779621423413,0.867417916056396,0.560421267398956
Graubünden,881f8accbdfffff,9.92113646097036,46.4601599276019,1.48250171392528,1.10999081088347,0.74872818051893
Graubünden,881f8accc1fffff,9.89687175857776,46.4925370879985,2.36366874800258,2.35586858857445,0.996699977763499
Graubünden,881f8accc3fffff,9.90857006677118,46.490945217057,2.46971853468698,2.10174203519024,0.851004681574624
Graubünden,881f8accc5fffff,9.88831818793633,46.486434026975,2.36654623240457,2.71820747890011,1.1485968208355
Graubünden,881f8accc7fffff,9.90001523933459,46.4848427710445,2.40762855204805,2.31823042901056,0.962868805920479
Graubünden,881f8accc9fffff,9.89372770847585,46.500230535323,2.33733691464498,2.44165945718348,1.04463307873368
Graubünden,881f8acccbfffff,9.90542704547383,46.4986393660832,1.00399328585752,0.918801349963882,0.915146906763551
Graubünden,881f8acccdfffff,9.88517367878808,46.4941276421597,2.37549738640978,2.73630349064993,1.15188655070905
Graubünden,881f8accd5fffff,9.92026860239972,46.489352029243,1.3949032441801,1.02414488689735,0.734204964516603
Graubünden,881f8accd7fffff,9.93196736449456,46.4877575244648,1.53680691125991,1.00294430172161,0.652615689305671
Graubünden,881f8accd9fffff,9.92568486978458,46.5031477588084,1.40522867933873,1.12768751675531,0.802493952291084
Graubünden,881f8accddfffff,9.91712661020964,46.4970468798102,1.33931835177931,1.07384413810395,0.80178408417784
Graubünden,881f8acd01fffff,9.7732057931888,46.4439136579924,1.69617273477775,6.58480124988729,3.88215251599957
Graubünden,881f8acd03fffff,9.78489183786986,46.4423325680429,3.18012480656668,16.1160053349315,5.06772731109591
Graubünden,881f8acd05fffff,9.76467270554628,46.4378011268827,1.77008029930107,6.79003575429661,3.83600436487413
Graubünden,881f8acd07fffff,9.77635748853061,46.436220648042,3.31979698931028,16.5422299251686,4.98290406866275
Graubünden,881f8acd0bfffff,9.78174059685242,46.4500254119128,1.66092478541954,6.37984996594636,3.84114321247536
Graubünden,881f8acd11fffff,9.80511544572536,46.4468606946824,2.80697459358291,17.3528795558483,6.1820579336625
Graubünden,881f8acd13fffff,9.81680322411486,46.4452763642658,2.53442736850697,18.0483852735583,7.12128723743644
Graubünden,881f8acd15fffff,9.79657811982418,46.4407501638762,2.85615387330375,18.6616443923205,6.53383718809741
Graubünden,881f8acd17fffff,9.80826463808662,46.4391664453979,2.56083157957029,20.4183804997762,7.97333985673606
Graubünden,881f8acd19fffff,9.80196568400759,46.4545540750167,1.51580526668622,6.98445353935974,4.60775120186039
Graubünden,881f8acd1bfffff,9.81365448729024,46.4529704471606,2.81837937817588,15.3890701475311,5.4602550198516
Graubünden,881f8acd1dfffff,9.79342790298271,46.4484437105333,3.11621468588026,15.4555754484683,4.95972742779832
Graubünden,881f8acd21fffff,9.75929393661802,46.4239944774947,5.01233214989103,22.9256392919654,4.57384678556544
Graubünden,881f8acd23fffff,9.77097643472135,46.4224139064541,1.57309910162001,9.25708313460241,5.88461535898743
Graubünden,881f8acd25fffff,9.75076473376655,46.4178802279415,1.99430508559471,8.75522636021844,4.39011384138732
Graubünden,881f8acd27fffff,9.76244597009222,46.4163002673008,1.70997441030346,9.42095129381516,5.50941068886713
Graubünden,881f8acd29fffff,9.75614133378576,46.43168781908,5.10038988914731,19.1521318902546,3.75503291052452
Graubünden,881f8acd2bfffff,9.76782485482632,46.430107951027,4.65524316800961,22.305034910405,4.79137911928707
Graubünden,881f8acd2dfffff,9.74761167776796,46.4255737350812,4.14077299261374,15.2660246482307,3.68675720100138
Graubünden,881f8acd39fffff,9.78804250944868,46.4346388552384,1.37167607404454,8.94029236115736,6.51778691072151
Graubünden,881f8acd3bfffff,9.79972776733568,46.4330557483774,1.22250598072257,10.1042306472666,8.26517890840453
Graubünden,881f8acd3dfffff,9.77950861446057,46.4285267692655,4.16896098233047,26.0793601753822,6.25560188399837
Graubünden,881f8acd49fffff,9.75205841187105,46.4685651391042,1.85076417264154,3.07287147840539,1.660325785332
Graubünden,881f8acd4bfffff,9.76374728933931,46.466987472874,1.86818936669971,3.45762146825475,1.85078746827624
Graubünden,881f8acd51fffff,9.78712576076856,46.4638281965166,1.74758229180454,4.71750647928924,2.69944740308508
Graubünden,881f8acd53fffff,9.79881535279797,46.4622465861993,1.61779025610061,5.43274749020353,3.35812845312728
Graubünden,881f8acd55fffff,9.77858878626104,46.4577173866466,1.70274224823514,4.91444212638257,2.88619262925807
Graubünden,881f8acd57fffff,9.79027711667597,46.4561363881472,1.5817574308831,5.80559951944431,3.67034755525254
Graubünden,881f8acd59fffff,9.78397383512506,46.4715191354404,1.92570115637826,3.87900677429161,2.01433475876756
Graubünden,881f8acd5bfffff,9.79566445196107,46.4699382280289,1.82312895892684,4.4513715903906,2.44161092861519
Graubünden,881f8acd5dfffff,9.77543640596038,46.4654084920433,1.83464567832038,4.0181577354843,2.19015463474285
Graubünden,881f8acd63fffff,9.75298816146028,46.4393802918553,2.14551988662169,6.59820797195718,3.07534225765049
Graubünden,881f8acd65fffff,9.73277501134294,46.4348436144411,2.34212246407784,6.43435076023614,2.74723071014544
Graubünden,881f8acd67fffff,9.74445805230325,46.4332663735196,2.26381775267775,7.0197859524305,3.10086178276815
Graubünden,881f8acda9fffff,9.83793095777896,46.4206011515251,1.99571950817559,20.6688253368909,10.356578292801
Graubünden,881f8acdadfffff,9.8293924802911,46.4144913461305,2.0298308839212,24.6532415424427,12.1454657812762
Graubünden,881f8acdc1fffff,9.83703279784505,46.4497992468954,2.36793805258996,13.4066738566396,5.66175024805903
Graubünden,881f8acdc5fffff,9.82849123718561,46.4436907191895,2.32731524953464,17.0731354741408,7.33597886128864
Graubünden,881f8acdcdfffff,9.82534352555804,46.4513855044848,2.55870615776431,15.0520225960165,5.882669469623
Graubünden,881f8acde1fffff,9.82309899015677,46.4298855921059,2.17724195677739,22.6346502347037,10.3960196818024
Graubünden,881f8acde3fffff,9.83478495316071,46.4282985425078,2.0571273118312,20.0294528401726,9.7366131522229
Graubünden,881f8acde7fffff,9.82624601964473,46.4221889032442,2.0825696027361,24.0331924519986,11.5401628931987
Graubünden,881f8acde9fffff,9.8199513916919,46.4375814125137,2.3241113410176,20.5640618370417,8.84813970575
Graubünden,881f8acdebfffff,9.83163837967471,46.4359950651299,2.16405046344327,18.795669302326,8.68541174054682
Graubünden,881f8acdedfffff,9.8114132612267,46.4314713273645,2.37870408954123,23.2438174948926,9.77163052650887
Graubünden,881f8ace07fffff,9.81408245217358,46.5328123763657,2.71973372168489,2.59441292916133,0.953921668314673
Graubünden,881f8ace1bfffff,9.85144111228058,46.5495429063507,1.61103340697353,2.54022317244145,1.57676629264535
Graubünden,881f8ace21fffff,9.7969884873277,46.5205994445515,2.62086032602982,2.21023050540848,0.843322508817792
Graubünden,881f8ace23fffff,9.80868699403546,46.5190195113046,2.54352574619531,2.19666085177845,0.863628313990643
Graubünden,881f8ace25fffff,9.78844408352794,46.5144918073146,2.57015801188962,2.19300911517611,0.853258478673759
Graubünden,881f8ace27fffff,9.80014132729836,46.5129124871841,2.59567011112731,2.23106216065868,0.859532246064088
Graubünden,881f8ace29fffff,9.79383507686302,46.5282855311464,2.54724909660648,2.2743390140196,0.892860858032903
Graubünden,881f8ace2bfffff,9.80553461016343,46.5267063010671,2.5471868553184,2.23183759715761,0.87619704557506
Graubünden,881f8ace2dfffff,9.7852902173788,46.5221780614474,2.52165540108382,2.21073455586087,0.876699708814568
Graubünden,881f8ace31fffff,9.82893438408238,46.523543890998,2.07254914519249,2.04835124988709,0.988324573455096
Graubünden,881f8ace35fffff,9.82038573653391,46.5174382616118,2.30094280507928,2.1413639121472,0.930646301776902
Graubünden,881f8ace37fffff,9.83208471385468,46.5158556953786,1.96761573147406,2.02381283159241,1.02856101382979
Graubünden,881f8ace3dfffff,9.81723437955941,46.5251257543826,2.37195737815319,2.16230727356012,0.911613038866533
Graubünden,881f8ace53fffff,9.836585168405,46.5588111562856,3.78735304506043,6.42930425479568,1.69757193963762
Graubünden,881f8ace5bfffff,9.83343347141667,46.5664955310633,1.77474763032547,3.53474627679288,1.9916895317362
Graubünden,881f8ace81fffff,9.89284926522142,46.5294072628091,0.965477235975839,1.34790204025659,1.39609924504768
Graubünden,881f8ace83fffff,9.90455294749125,46.5278175836311,1.12607189873822,1.49477992496676,1.32742849425661
Graubünden,881f8ace85fffff,9.88429214074187,46.5233056575119,0.996212983522222,1.28831729354291,1.29321471899305
Graubünden,881f8ace87fffff,9.89599456481566,46.5217165939358,1.11647368146886,1.37957192396028,1.23565109223648
Graubünden,881f8ace89fffff,9.88970339571328,46.537097061143,0.974263528770597,1.54912287617121,1.59004502418972
Graubünden,881f8ace8dfffff,9.88114581190169,46.5309956243115,1.17869242767358,1.67607781256226,1.42198063991161
Graubünden,881f8acea1fffff,9.87888295198996,46.5095122631606,1.19297323771683,1.42376651681329,1.19346056709383
Graubünden,881f8acea3fffff,9.89058308889308,46.5079231128172,0.975903528639008,1.08159196356873,1.10829803543913
Graubünden,881f8acea5fffff,9.87032972156879,46.5034089230723,2.62655630775061,3.28172909229946,1.24944174340201
Graubünden,881f8acea7fffff,9.88202860018455,46.5018203876218,1.00700345509791,1.17424100107277,1.16607445101427
Graubünden,881f8acea9fffff,9.87573673406856,46.5172032685754,1.05898774694798,1.31058389941281,1.23758174085577
Graubünden,881f8aceabfffff,9.8874378996937,46.5156148202804,0.982101803352517,1.16875401109648,1.19005382854079
Graubünden,881f8aceadfffff,9.8671830450657,46.5111000964953,1.3350663325344,1.64153190888479,1.22955082371721
Graubünden,881f8aceb1fffff,9.91084091791375,46.5124339718117,1.25441485724988,1.26144705909845,1.00560596186176
Graubünden,881f8aceb5fffff,9.90228345480602,46.5063326453723,1.22454987798869,1.22302985997454,0.99875871286137
Graubünden,881f8aceb7fffff,9.91398404875961,46.5047408607334,1.29190084427696,1.15115385278894,0.891054338952161
Graubünden,881f8aceb9fffff,9.90769721753625,46.5201262128445,1.14122680910185,1.31183168640801,1.14949252501388
Graubünden,881f8acebdfffff,9.8991392946319,46.5140250547234,1.12244889024238,1.23974854140021,1.10450333389568
Graubünden,881f8acec1fffff,9.8748514440128,46.5463729458136,2.54637415224542,4.52174616542067,1.77575874363685
Graubünden,881f8acec3fffff,9.88655695615531,46.5447859887372,2.35894576847097,4.2961937985712,1.8212346616836
Graubünden,881f8acec5fffff,9.86629466058504,46.5402710620715,1.35809625294838,2.06506426590525,1.52055810582061
Graubünden,881f8acec7fffff,9.87799891303732,46.5386847204787,1.20675939266739,1.90803978887708,1.58112694251304
Graubünden,881f8acec9fffff,9.87170340469219,46.5540603001162,2.60034783312159,5.23058236023895,2.01149334470377
Graubünden,881f8acecbfffff,9.88340994641154,46.5524740453918,2.39581600968279,5.01310070275652,2.09243977104079
Graubünden,881f8acecdfffff,9.86314616239781,46.547958584987,2.87402976163385,4.84217609335043,1.68480374072317
Graubünden,881f8aced5fffff,9.89826269785497,46.5431977136644,0.96536496217513,1.74255599290369,1.80507482784274
Graubünden,881f8aced9fffff,9.90367819868231,46.5569861713039,2.34573211003483,5.71902371860005,2.43805492286803
Graubünden,881f8aceddfffff,9.89511671799176,46.5508864725108,2.31643780162353,4.89097253547443,2.11141975495585
Graubünden,881f8acee1fffff,9.86088798241311,46.52647983249,1.469983987886,1.85508211779974,1.26197437052873
Graubünden,881f8acee3fffff,9.8725899462845,46.5248934036657,1.26974000503667,1.65461286960773,1.30311155279379
Graubünden,881f8acee5fffff,9.85233509463443,46.5203762137513,1.66760754117003,1.95963500765032,1.17511762166499
Graubünden,881f8acee7fffff,9.86403579872574,46.5187903997013,1.40203615258313,1.72701426895309,1.2317901116681
Graubünden,881f8aceebfffff,9.86944258850197,46.5325826682311,1.31467854531042,1.83461600411085,1.39548638003951
Graubünden,881f8acf13fffff,9.79475010456001,46.4991166872554,2.38944476547197,2.43597026313251,1.019471258902
Graubünden,881f8acf19fffff,9.77990139862547,46.5083833898528,2.42088817452345,2.18454220546592,0.902372207215209
Graubünden,881f8acf1bfffff,9.79159737920978,46.5068046825173,2.52299312993125,2.26493772534856,0.897718546467177
Graubünden,881f8acf21fffff,9.73721375270068,46.4778296165356,1.78631430310421,2.60860445861661,1.46032781245912
Graubünden,881f8acf23fffff,9.74890341363692,46.4762539683537,1.87604873045793,2.71224334627561,1.44572115971293
Graubünden,881f8acf25fffff,9.7286813782554,46.4717165281449,1.7240350350755,2.81913203480285,1.63519416801144
Graubünden,881f8acf27fffff,9.74036977452126,46.4701414908292,1.79639722187757,2.86358810263879,1.59407288530863
Graubünden,881f8acf35fffff,9.76059331499696,46.4746770055076,1.94300884224102,2.96241472370133,1.52465323847139
Graubünden,881f8acf37fffff,9.77228345581501,46.4730987279016,1.96483140015925,3.35852615747342,1.7093202791859
Graubünden,881f8acf53fffff,9.77674707717926,46.5160698113486,2.39994228604517,2.16120100913841,0.900522075762004
Graubünden,881f8acf57fffff,9.76820565612532,46.5099607813462,2.22252802199512,2.12972721661064,0.958245383425501
Graubünden,881f8ad00dfffff,9.56877016140381,46.7250240493702,2.33691533389332,2.69330470869318,1.15250418773457
Graubünden,881f8ad021fffff,9.56659160018074,46.7035976374792,1.1405695600206,1.72754960822111,1.51463765891657
Graubünden,881f8ad025fffff,9.55805550561289,46.6974849646511,1.10795702983456,1.60222965043857,1.4461117239157
Graubünden,881f8ad029fffff,9.5634118060586,46.7112555042075,1.20204725289781,1.53044230591152,1.27319645897617
Graubünden,881f8ad02dfffff,9.55487526222622,46.7051430002317,1.14747795913571,1.37498986925166,1.198271268136
Graubünden,881f8ad041fffff,9.56240859678424,46.7403350615006,1.6263357238773,1.38575415998055,0.852071401762494
Graubünden,881f8ad043fffff,9.57413057273746,46.7387905986145,2.9509267869311,3.13803775927652,1.06340752782282
Graubünden,881f8ad045fffff,9.55386897316063,46.7342238452509,2.70616699114632,2.06776359220535,0.764093124692743
Graubünden,881f8ad047fffff,9.56558966674409,46.7326799938802,2.7128024540884,2.68172970549668,0.988545885991482
Graubünden,881f8ad049fffff,9.55922695138778,46.7479892520364,1.77569772514403,1.31676383881939,0.741547291621715
Graubünden,881f8ad04bfffff,9.5709499527313,46.7464454967212,3.22638641660033,2.99434060444656,0.928078728896249
Graubünden,881f8ad04dfffff,9.5506868782294,46.7418782052344,1.61270500817773,1.06392773493903,0.659716271447071
Graubünden,881f8ad051fffff,9.59439672465771,46.7433540277578,3.13069365094625,3.78510006630246,1.20902920832207
Graubünden,881f8ad053fffff,9.60612049329409,46.7418063139047,3.06109089542225,3.81833392476447,1.24737685198262
Graubünden,881f8ad055fffff,9.58585280511627,46.7372448164736,2.91747924041065,3.62755700828378,1.24338742776219
Graubünden,881f8ad059fffff,9.59121758111576,46.7510094635287,3.40954112138804,3.66787419599993,1.07576769583196
Graubünden,881f8ad05bfffff,9.60294237618492,46.7494624568696,3.33094254957897,3.72085691271838,1.11705826724292
Graubünden,881f8ad05dfffff,9.58267321081235,46.7449004219959,3.18632556943546,3.49951615590526,1.09829208586657
Graubünden,881f8ad061fffff,9.54851305041251,46.7204564423354,2.31205644068119,1.89498322669547,0.819609414957517
Graubünden,881f8ad063fffff,9.5602314369388,46.7189124945424,1.27847197388313,1.36549663484856,1.06806927546569
Graubünden,881f8ad065fffff,9.53997733977902,46.7143434965166,2.83460234868369,2.17773741983703,0.768269108662918
Graubünden,881f8ad067fffff,9.55169444387154,46.7128001595249,1.20024518703312,1.18711331302487,0.989059007151104
Graubünden,881f8ad069fffff,9.54533108171281,46.728111848468,2.46676497709378,1.69669462662142,0.68782175942046
Graubünden,881f8ad06bfffff,9.55705049268494,46.7265686082886,1.37241915859431,1.23400536076349,0.899146119489775
Graubünden,881f8ad06dfffff,9.53679492229283,46.7219990716476,2.25218308506901,1.44083885631593,0.639752099137972
Graubünden,881f8ad0a7fffff,9.65178514383593,46.6850794908701,0.905105130781072,2.35881727001034,2.60612517793901
Graubünden,881f8ad0b3fffff,9.69231954638448,46.6941772570428,0.835352518936812,2.54342263020464,3.04472970697659
Graubünden,881f8ad0b5fffff,9.67205008167205,46.6896300382012,0.887930573711578,2.37735417408622,2.67740997378748
Graubünden,881f8ad0b7fffff,9.68376894400647,46.6880714881497,0.834965278849433,2.53200969530955,3.03247303744008
Graubünden,881f8ad101fffff,9.52074639403201,46.6806851940693,0.90222779316161,1.1139495583348,1.2346655321172
Graubünden,881f8ad103fffff,9.53245760415533,46.6791422720518,0.908699664978294,1.25073182195375,1.37639736225018
Graubünden,881f8ad109fffff,9.51756378262362,46.6883430274761,0.869652425661937,0.903913764460663,1.03939658855392
Graubünden,881f8ad10bfffff,9.52927601530619,46.6868008131568,0.931512342864156,1.06962311835834,1.14826510518318
Graubünden,881f8ad10dfffff,9.50903544432573,46.682226798949,0.777104931502528,0.930180200021649,1.19698146584034
Graubünden,881f8ad113fffff,9.56441426802742,46.6821662654102,1.05906527287943,2.14525588432591,2.02561252763325
Graubünden,881f8ad115fffff,9.54416907372577,46.6775980327932,0.975675026271744,1.58049147304704,1.61989538574788
Graubünden,881f8ad117fffff,9.55588080177328,46.6760524761906,0.912411537853265,1.77823782683864,1.94894272273507
Graubünden,881f8ad11bfffff,9.56123517416788,46.6898260529787,1.07919765449726,1.86333509922683,1.72659298457692
Graubünden,881f8ad11dfffff,9.5409885077479,46.6852572814414,0.96141757337276,1.30564532709582,1.35804187821892
Graubünden,881f8ad13bfffff,9.54734906506762,46.6699379084616,0.996374451428254,1.88072577418536,1.88756924817716
Graubünden,881f8ad145fffff,9.49414010041628,46.6914235043398,0.680655943378659,0.762998729681095,1.12097563696234
Graubünden,881f8ad147fffff,9.50585181067032,46.6898839245025,0.742997860194129,0.765153721415553,1.02981954916483
Graubünden,881f8ad14dfffff,9.49095486963005,46.699079045649,0.65470809834415,0.660497143325858,1.00884217714177
Graubünden,881f8ad16bfffff,9.49732475600628,46.6837670867944,0.714419560781456,0.904170915526233,1.26560212676319
Graubünden,881f8ad181fffff,9.6027302793288,46.6698570742932,0.789646439168513,2.37900306082834,3.0127446193937
Graubünden,881f8ad183fffff,9.61444328520659,46.6683049294378,0.758251994754301,2.30636497736549,3.04168666000388
Graubünden,881f8ad185fffff,9.59419342424409,46.6637449487029,0.807701293336107,2.44434404251265,3.0262970514961
Graubünden,881f8ad187fffff,9.60590515217623,46.6621934150259,0.764422746799882,2.36444573179124,3.0931127333528
Graubünden,881f8ad18bfffff,9.61126886299496,46.6759684200797,0.792904900080391,2.3117496603656,2.91554467645643
Graubünden,881f8ad18dfffff,9.59101752707596,46.6714079012947,0.787565803007523,2.27599731604188,2.88991384256451
Graubünden,881f8ad191fffff,9.6346976821493,46.6728615891531,0.750890824300866,2.18226837563426,2.90623923613144
Graubünden,881f8ad193fffff,9.64641246874514,46.671306196271,0.732668290283248,2.15805988127399,2.94548011684754
Graubünden,881f8ad195fffff,9.62615654373852,46.6667514666273,0.735217406570844,2.22639500450003,3.02821313070408
Graubünden,881f8ad197fffff,9.63787005395363,46.665196685761,0.716547178573814,2.17570964889252,3.03638017698007
Graubünden,881f8ad19bfffff,9.64324054880024,46.6789709307326,0.875497860755915,2.41331302960909,2.75650362814754
Graubünden,881f8ad19dfffff,9.62298314657548,46.6744156637225,0.663663636949487,1.93570053963106,2.91668916580764
Graubünden,881f8ad1a1fffff,9.58883407054878,46.6499680478045,0.803022206991519,2.3657522445964,2.94606079881597
Graubünden,881f8ad1a5fffff,9.58030112165986,46.643854195987,0.884231449296225,2.45754258288679,2.7792978691753
Graubünden,881f8ad1a7fffff,9.59200926959478,46.642303176979,0.802714082019669,2.287595863629,2.84982650095448
Graubünden,881f8ad1a9fffff,9.58565829759486,46.6576320438048,0.850042120312577,2.50855324461542,2.9510928748954
Graubünden,881f8ad1abfffff,9.5973687473389,46.6560811209828,0.792389954040834,2.42408285565788,3.05920442743644
Graubünden,881f8ad1adfffff,9.57712489923493,46.6515183600949,0.876741061372315,2.46113739830893,2.80714284609489
Graubünden,881f8ad1b9fffff,9.61761713342292,46.6606405636511,0.732529491430378,2.26605724173274,3.0934689568715
Graubünden,881f8ad1c5fffff,9.57612753392427,46.6806187808892,1.01813985038025,2.42707709767597,2.38383469301345
Graubünden,881f8ad1e1fffff,9.57077073220497,46.6668440633686,0.920194232577477,2.36040963217669,2.56512108923476
Graubünden,881f8ad1e3fffff,9.58248195059688,46.6652951647833,0.818711113199184,2.33339076708817,2.85007828704101
Graubünden,881f8ad1e5fffff,9.56223816391032,46.6607299375328,0.87134944296367,2.12785084580214,2.44201779548376
Graubünden,881f8ad1e7fffff,9.57394810279534,46.6591816492876,0.920104532074341,2.51704118816296,2.73560351071023
Graubünden,881f8ad1e9fffff,9.5675927873277,46.6745056021415,0.925605946153915,2.1446184984289,2.31698867897321
Graubünden,881f8ad1ebfffff,9.57930502941873,46.6729574105435,0.992657001747085,2.63185498193872,2.65132364684542
Graubünden,881f8ad1edfffff,9.55905977003852,46.6683916445606,0.968777302644824,2.15084727417603,2.22016687251453
Graubünden,881f8ad201fffff,9.55822171667825,46.7770563153,2.31244347189081,1.38556305636964,0.599177049390404
Graubünden,881f8ad205fffff,9.54967856121316,46.7709465591898,2.17674797276811,1.19913964080489,0.550885842461577
Graubünden,881f8ad207fffff,9.56140463936899,46.7694049271215,2.22040674575964,1.440806060642,0.648892849651775
Graubünden,881f8ad20dfffff,9.54649461270458,46.7785972394415,2.23337811238614,1.17833176568193,0.527600659801847
Graubünden,881f8ad217fffff,9.59340457262334,46.7724256222817,4.09349257880281,3.27599592652453,0.800293603434999
Graubünden,881f8ad221fffff,9.5443209616003,46.7571842934858,3.42399132773669,1.8116964762895,0.529118301677201
Graubünden,881f8ad223fffff,9.55604473041815,46.7556425652929,3.51527846438438,2.30488134879319,0.655675324770278
Graubünden,881f8ad225fffff,9.53578172280536,46.7510728048482,3.0446403853016,1.44491697495608,0.474577221642204
Graubünden,881f8ad227fffff,9.54750420775482,46.7495316880443,3.18685032469116,1.85641356180381,0.58252298434622
Graubünden,881f8ad229fffff,9.54113713962936,46.7648360213646,3.618268502626,1.79631556761097,0.496457232598211
Graubünden,881f8ad22bfffff,9.55286193373881,46.7632950010755,3.77097627850739,2.23548900160794,0.592814389830313
Graubünden,881f8ad22dfffff,9.53259745177854,46.7587247023199,3.21238084676977,1.44482282739332,0.449766978546823
Graubünden,881f8ad231fffff,9.57631229599034,46.7602090015427,3.76386851034836,3.20648181886977,0.851911221142259
Graubünden,881f8ad233fffff,9.58803786218522,46.7586640220929,3.69293294787158,3.52250376782008,0.953849912127508
Graubünden,881f8ad235fffff,9.56776875725889,46.7540995176377,3.5184986263026,2.86098049116401,0.813125368239936
Graubünden,881f8ad237fffff,9.57949304114923,46.7525551504172,3.47462244815376,3.35999903631358,0.967011261352701
Graubünden,881f8ad23bfffff,9.58485756772948,46.7663177032559,3.95832573020943,3.34978488288487,0.846263069590192
Graubünden,881f8ad23dfffff,9.56458698618365,46.7617526611693,3.80298729955541,2.73772072724325,0.719886897219799
Graubünden,881f8ad241fffff,9.54012498719189,46.793895965581,2.1534402544069,1.13834344354515,0.528616218265444
Graubünden,881f8ad245fffff,9.53158221745176,46.7877859376811,2.00651612634049,1.0002120871279,0.498481957856031
Graubünden,881f8ad247fffff,9.54331008807638,46.7862470416366,2.22673500275215,1.15968194242351,0.520799260347636
Graubünden,881f8ad249fffff,9.53693930991433,46.801544011081,2.01882782233721,1.10945546887556,0.5495542792704
Graubünden,881f8ad24dfffff,9.52839609084881,46.7954341533667,1.89632119914284,0.998153804394797,0.526363257894273
Graubünden,881f8ad263fffff,9.53795274170537,46.7724868714861,2.04975822997039,0.987827590356512,0.481923953719547
Graubünden,881f8ad265fffff,9.5176883303101,46.7679141035056,2.91185451202352,1.26646136259363,0.434932912123257
Graubünden,881f8ad267fffff,9.5294126048287,46.76637572214,3.32104678398158,1.47088084518136,0.44289675540732
Graubünden,881f8ad26bfffff,9.53476776769173,46.7801368436563,2.05866058516739,0.99481337760799,0.48323331430912
Graubünden,881f8ad281fffff,9.64031861356339,46.7662328797052,3.51686579348231,2.50416338428414,0.712044056081133
Graubünden,881f8ad289fffff,9.63714230507507,46.7738883416819,3.72172120495359,2.38832840117505,0.641726843482042
Graubünden,881f8ad28bfffff,9.64887247407966,46.7723375611989,3.49559905314779,2.23530722682415,0.63946327734906
Graubünden,881f8ad28dfffff,9.62858972414358,46.7677830462149,3.70905350664683,2.72205181816677,0.733893920184408
Graubünden,881f8ad299fffff,9.66915976524613,46.7768887416789,3.14051817036651,2.03951667152208,0.649420433470717
Graubünden,881f8ad2c3fffff,9.63396542118947,46.78154292612,3.87955900053152,2.29951038415631,0.592724684388423
Graubünden,881f8ad2c7fffff,9.62541238754667,46.7754378012628,3.90441896836318,2.61380055962363,0.669446742473795
Graubünden,881f8ad2cbfffff,9.63078796176974,46.789196632825,3.97794507352691,2.23187868727889,0.561063223856953
Graubünden,881f8ad2d1fffff,9.65425266522868,46.7860965781717,3.55245375107602,1.96643946337347,0.553544001178859
Graubünden,881f8ad2d5fffff,9.64569661872175,46.7799928524993,3.66733888065729,2.13462250328506,0.582063063368301
Graubünden,881f8ad2d7fffff,9.65742806706585,46.7784414577193,3.41450068164038,2.04970184573211,0.600293289368272
Graubünden,881f8ad2ddfffff,9.64252018793775,46.787647266156,3.78802439726887,2.0660927484909,0.54542751888835
Graubünden,881f8ad2e1fffff,9.60831151899507,46.7632251990661,3.76105742977106,3.33996845517637,0.888039738170039
Graubünden,881f8ad2e3fffff,9.62003887578185,46.7616769665936,3.63334030248129,3.10187062907072,0.853724223671639
Graubünden,881f8ad2e5fffff,9.59976368379449,46.7571177227172,3.60588232854314,3.60059151306853,0.998532726530555
Graubünden,881f8ad2e9fffff,9.60513270269882,46.7708794174013,3.98840061052627,3.19778804137547,0.801772026845999
Graubünden,881f8ad2ebfffff,9.61686108686379,46.7693318920798,3.86319363257801,2.98079207262331,0.771587540289601
Graubünden,881f8ad2edfffff,9.5965844159862,46.7647721112528,3.86787756471673,3.45128445193044,0.892294131389652
Graubünden,881f8ad303fffff,9.51017440499689,46.7327336576044,2.00732232369204,0.947150417957,0.47184769818876
Graubünden,881f8ad311fffff,9.53042836114252,46.7373075914133,2.52231149591111,1.21495853275236,0.481684571759639
Graubünden,881f8ad313fffff,9.54214853763599,46.7357663777275,2.64880425137188,1.56161878282321,0.589556129719443
Graubünden,881f8ad315fffff,9.52189303689687,46.7311943730224,2.2234848030093,1.05796285749384,0.475812947343727
Graubünden,881f8ad317fffff,9.53361192945946,46.7296537700115,2.3786963061938,1.29876948540861,0.546000547453994
Graubünden,881f8ad319fffff,9.5272442172056,46.7449605356582,2.66887830315699,1.17890798595632,0.441724144769659
Graubünden,881f8ad31bfffff,9.53896541804568,46.7434200299192,2.84780826251002,1.48078176093244,0.519972422450697
Graubünden,881f8ad31dfffff,9.51870844465238,46.7388474864117,2.31965421169022,1.01764012250525,0.438703371121745
Graubünden,881f8ad331fffff,9.51654390976347,46.7174262159351,1.91172596774481,1.09113629567616,0.570759781520013
Graubünden,881f8ad333fffff,9.52826049475255,46.7158855152855,2.06013571416441,1.29687029092132,0.629507212561154
Graubünden,881f8ad335fffff,9.50801249794666,46.7113112705666,1.70887515867502,1.11579387931196,0.652940546094131
Graubünden,881f8ad337fffff,9.51972779894354,46.7097711798777,1.88398644461816,1.24999671999209,0.66348498608515
Graubünden,881f8ad339fffff,9.51335944516005,46.7250803752423,1.95513531893207,0.994243352035872,0.508529175657748
Graubünden,881f8ad33bfffff,9.52507705355148,46.723540382582,2.13363828131595,1.14716293504925,0.537655770940574
Graubünden,881f8ad33dfffff,9.50482758578303,46.718965598569,1.71580760914939,1.00772798533318,0.58731991859668
Graubünden,881f8ad351fffff,9.51233753284802,46.7541510812582,2.47018607087516,1.04542395476435,0.423216682779679
Graubünden,881f8ad353fffff,9.5240594975122,46.7526126025515,2.79793983649958,1.18126490944491,0.422190961376338
Graubünden,881f8ad355fffff,9.50380259744596,46.7480375907139,2.09671424190942,0.960637624077911,0.458163351436525
Graubünden,881f8ad357fffff,9.5155232766816,46.7464997225551,2.40762093250433,1.01613336342612,0.422048732716894
Graubünden,881f8ad359fffff,9.50915121301525,46.7618015623264,2.49143537478125,1.09846930944373,0.440898174828308
Graubünden,881f8ad35bfffff,9.52087420192589,46.7602637918988,2.88581431970771,1.2134663401964,0.4204935611794
Graubünden,881f8ad611fffff,9.81446103317361,46.8009930005283,2.02861858772474,2.93428242969991,1.44644362792266
Graubünden,881f8ad613fffff,9.82620256674549,46.7994246807103,1.99968760041562,2.84416679214238,1.42230555990408
Graubünden,881f8ad617fffff,9.8176238340795,46.7933316808877,1.95940754610298,3.00287626425883,1.53254297209949
Graubünden,881f8ad6c1fffff,9.84652607025461,46.8039466258888,1.47619570963633,1.86916214024473,1.26620212214627
Graubünden,881f8ad6c5fffff,9.83794433637091,46.797855037107,2.00106988708625,2.77240520025314,1.38546145646619
Graubünden,881f8ad6c9fffff,9.84336522513401,46.8116083048581,1.52481221945831,1.84436072346849,1.20956580746953
Graubünden,881f8ad6cbfffff,9.85510953499642,46.8100374221862,1.54555158265541,1.79126339307426,1.15898001281632
Graubünden,881f8ad6cdfffff,9.83478303038399,46.8055168888653,1.46326948512471,1.92199166888688,1.3134912525857
Graubünden,881f8ad6e9fffff,9.82936433320672,46.7917626563351,1.94099593626249,2.93661772170751,1.51294377635955
Graubünden,881f8ad6edfffff,9.82078606062326,46.7856694840676,1.90333142450256,3.131577170094,1.64531364836392
Graubünden,881f8ad85bfffff,9.50573953513271,46.6102455414235,1.33086178963542,4.0337676563652,3.03094407531997
Graubünden,881f8ad88bfffff,9.57376600716034,46.5795016138392,1.47182445818175,2.71292227972195,1.84323766644932
Graubünden,881f8ad89bfffff,9.60569025284877,46.5825094098089,1.04350987173549,1.77198612319865,1.69810192619606
Graubünden,881f8ad8d1fffff,9.57911740343717,46.5932885457621,1.30154870747991,2.41498598362009,1.8554710782173
Graubünden,881f8ad8d3fffff,9.59081788349682,46.5917352138195,1.14195095017839,2.03089449586942,1.77844284428519
Graubünden,881f8ad8d5fffff,9.57059187935336,46.5871715246623,1.47389852954041,2.79286480303568,1.89488268497461
Graubünden,881f8ad8d7fffff,9.58229108275985,46.5856188018856,1.3082590223522,2.32914249169087,1.78033741934617
Graubünden,881f8ad8d9fffff,9.575943150974,46.6009574161202,1.29551679199218,2.54471739510186,1.96424887028189
Graubünden,881f8ad8dbfffff,9.58764465304556,46.5994047905762,1.12967899580261,2.12501253464125,1.88107643192169
Graubünden,881f8ad8ddfffff,9.56741717843524,46.5948405620743,1.4755163487625,2.91771089054998,1.97741685003832
Graubünden,881f8ada0dfffff,9.44938552210562,46.6393914650663,0.42751138694396,1.96443843537604,4.59505523213945
Graubünden,881f8ada2dfffff,9.43554532146776,46.6194863205022,0.394186194296571,2.04965893868205,5.19972279176262
Graubünden,881f8ada47fffff,9.44619876847043,46.6470497632343,0.390305164056887,1.76651274153441,4.52597839898665
Graubünden,881f8ada49fffff,9.43982353643565,46.6623637331734,0.335171681698699,1.42811205595477,4.26083745714104
Graubünden,881f8ada4bfffff,9.451528556906,46.6608285104963,0.393012857134857,1.49494139049623,3.8037976706275
Graubünden,881f8ada6bfffff,9.43768382588814,46.6409274977218,0.359780206652348,1.78345359455939,4.95706423417206
Graubünden,881f8ada87fffff,9.54618660218657,46.619391012248,1.51389787430016,3.5993013280749,2.37750603206229
Graubünden,881f8ada91fffff,9.57494599818449,46.6300743593718,1.02031471285504,2.54844220217495,2.4977021011918
Graubünden,881f8ada93fffff,9.58665184500978,46.6285232438124,0.952632297721113,2.38822905632711,2.5069788858096
Graubünden,881f8ada95fffff,9.5664169533835,46.6239587841089,1.23724381942349,2.93205910110348,2.3698312774516
Graubünden,881f8ada97fffff,9.57812152212989,46.6224082783023,1.09356806263379,2.56701034463028,2.34737135468989
Graubünden,881f8ada9bfffff,9.58347677020612,46.6361891571605,0.893567759588232,2.3857901812995,2.66996000661315
Graubünden,881f8adaa1fffff,9.52913970604191,46.607154761445,1.66547496417081,4.27880640088002,2.56912081714198
Graubünden,881f8adaa3fffff,9.54084018083672,46.6056073984381,1.69365181733476,4.04336554697923,2.38736528110135
Graubünden,881f8adaa7fffff,9.53231804344945,46.5994887182418,1.72884925511808,4.35513925143085,2.51909716161655
Graubünden,881f8adaa9fffff,9.52596079493353,46.6148199305717,1.56629189982951,4.06026809639027,2.59228059395073
Graubünden,881f8adaabfffff,9.53766229060435,46.6132732746773,1.62550242961695,3.96881938460297,2.44159547982849
Graubünden,881f8adaadfffff,9.51743949048486,46.6087008090726,1.53283680193553,4.26152495753155,2.7801556905148
Graubünden,881f8adab1fffff,9.56106605672259,46.6101760158746,1.45291512888554,3.19495349964191,2.19899527241664
Graubünden,881f8adab3fffff,9.57276832523455,46.6086254127623,1.28546434064865,2.69643678030014,2.09763639101766
Graubünden,881f8adab5fffff,9.55254091390195,46.6040587199497,1.61777602680467,3.60170074704027,2.22632842084706
Graubünden,881f8adab7fffff,9.56424190427024,46.6025087258776,1.47087903438605,3.06408118560052,2.08316327445614
Graubünden,881f8adab9fffff,9.55788963565649,46.6178424318681,1.41595384609363,3.26587715437162,2.30648559865253
Graubünden,881f8adabbfffff,9.56959292608299,46.616292535491,1.26687246255053,2.83789335932214,2.24007817930525
Graubünden,881f8adabdfffff,9.54936404485659,46.6117253031457,1.58041787981169,3.65630720789428,2.31350660771437
Graubünden,881f8adadbfffff,9.56541598352474,46.6530673553036,1.00226458628756,2.59186260940695,2.58600637483097
Graubünden,881f8adae7fffff,9.51425955881161,46.6163652709313,1.41509234821826,3.93244731161064,2.77893334421741
Graubünden,881f8adb15fffff,9.42490004040571,46.5919149570367,0.400224094918346,1.97420255998017,4.93274289341063
Graubünden,881f8adb21fffff,9.38769681578662,46.5750685046016,0.314003044570551,1.20372443657503,3.83348014418557
Graubünden,881f8adb25fffff,9.37919702982895,46.568939569656,0.311758515298087,1.10012774855899,3.52878171589671
Graubünden,881f8adb27fffff,9.39088538882912,46.5674062541933,0.332781532580423,1.27261752255883,3.82418312906614
Graubünden,881f8adb3bfffff,9.42808627071747,46.5842524946714,0.434375522477717,2.09097280846731,4.81374456032932
Graubünden,881f8adb53fffff,9.42703472493321,46.6133621757976,0.365692190345308,1.91142178180809,5.22685972594386
Graubünden,881f8e6001fffff,9.55116402674171,46.9802534718047,0.744359536091583,0.955651732379141,1.28385771397112
Graubünden,881f8e6003fffff,9.56292200388758,46.9787218077217,1.00485015610514,1.38807550302049,1.38137561564478
Graubünden,881f8e6005fffff,9.54259923289108,46.9741528194629,1.40202927669009,1.70129252595454,1.21345007143571
Graubünden,881f8e6007fffff,9.55435591908704,46.9726217711455,0.735861086857619,0.942561426745779,1.28089586958707
Graubünden,881f8e6009fffff,9.5479715552923,46.9878842897319,0.748606192921498,0.961268055815816,1.28407708205617
Graubünden,881f8e6013fffff,9.59500914130185,46.9817525179441,2.43894123558925,4.27933123961732,1.75458562804751
Graubünden,881f8e6015fffff,9.57468023998338,46.9771888184558,1.13168675082301,1.6928564459944,1.49587016439247
Graubünden,881f8e6017fffff,9.58643873404723,46.9756545039017,2.26526942295586,3.64937331011054,1.61101071383757
Graubünden,881f8e6023fffff,9.54898334253411,46.9588881890725,0.619200081615329,0.742699753272804,1.19945034783474
Graubünden,881f8e6027fffff,9.5404211949546,46.9527864017824,0.562434390023043,0.650306207020434,1.15623478677005
Graubünden,881f8e6029fffff,9.53403618217804,46.9680513783643,0.59053225790354,0.692757951362967,1.17310772119772
Graubünden,881f8e602bfffff,9.54579157718073,46.966520945487,0.667467082241121,0.806963733402739,1.20899405359922
Graubünden,881f8e6031fffff,9.56930314705286,46.9634561056314,1.78071098445168,2.40693039424478,1.35166819054914
Graubünden,881f8e6035fffff,9.56073796701641,46.9573557223922,0.705473871213997,0.884415091217336,1.25364684264693
Graubünden,881f8e6037fffff,9.57249285048536,46.9558219310951,0.799767984644756,1.05410857617299,1.31801797072585
Graubünden,881f8e6039fffff,9.5661128648995,46.9710893979037,1.8157377861309,2.49149022279405,1.37216410972153
Graubünden,881f8e603bfffff,9.57787006934696,46.9695556996327,2.0321396070651,2.99355380601793,1.47310440464341
Graubünden,881f8e603dfffff,9.55754723246602,46.9649891879445,0.722579767185009,0.918947338833153,1.27175902310847
Graubünden,881f8e6041fffff,9.53301872502749,46.9970431448561,0.702767071923807,0.859178801089939,1.22256553474818
Graubünden,881f8e6043fffff,9.544778504601,46.9955142247369,0.789331124961836,1.01447749469714,1.28523690833323
Graubünden,881f8e6047fffff,9.53621280695223,46.9894139193376,0.662664535918716,0.806623836090549,1.21724310321247
Graubünden,881f8e6049fffff,9.52982406361546,47.0046714871755,0.707282883704185,0.873172712763843,1.23454523343031
Graubünden,881f8e604bfffff,9.54158487453005,47.0031432766299,0.788934231503522,1.01854712895604,1.29104187432066
Graubünden,881f8e604dfffff,9.5212592069985,46.9985707396966,0.601667201893921,0.720074531393369,1.19679871052756
Graubünden,881f8e6081fffff,9.63347527034084,46.9695039907157,2.24829242644356,3.90913759368443,1.7387140336847
Graubünden,881f8e6089fffff,9.63029002558777,46.9771397701342,2.34117911803961,4.37109590742878,1.86704890443792
Graubünden,881f8e608bfffff,9.64205082840072,46.9755995357432,2.15932864675119,3.90910792232617,1.81033485949793
Graubünden,881f8e608dfffff,9.62171575422622,46.9710436074659,2.38550515221758,4.23217162078486,1.77411967308082
Graubünden,881f8e6091fffff,9.66557319020584,46.972515088659,1.79831456445698,2.95761479739641,1.64465931369993
Graubünden,881f8e6093fffff,9.6773347472319,46.9709708757602,1.66342985180568,2.6226534439894,1.57665406878593
Graubünden,881f8e6099fffff,9.66239046916011,46.9801521100701,1.86504806263913,3.32666408977968,1.78368812923368
Graubünden,881f8e609bfffff,9.67415306087649,46.9786086049625,1.71438177716865,2.92991958675381,1.70902399090631
Graubünden,881f8e609dfffff,9.65381188360108,46.9740579752858,2.59676115800214,4.48955271923744,1.7289047571443
Graubünden,881f8e60c1fffff,9.61534261947102,46.9863128672609,2.52467228221466,4.94739266907131,1.95961777056126
Graubünden,881f8e60c3fffff,9.6271042023503,46.9847746672428,2.41792538718175,4.77461285678803,1.97467336341307
Graubünden,881f8e60c5fffff,9.60676918105565,46.9802162611309,2.50233855973526,4.60927412505153,1.84198661173138
Graubünden,881f8e60c7fffff,9.61852947614516,46.9786786785623,2.46350070521981,4.63254601587208,1.88047277845562
Graubünden,881f8e60cdfffff,9.60358129125887,46.9878497412654,2.53519046040885,4.79420215354296,1.89106192548934
Graubünden,881f8e60d1fffff,9.64744379435051,46.9893297198905,2.13438343726142,4.26054006749825,1.99614558149161
Graubünden,881f8e60d5fffff,9.63886603891368,46.9832351411072,2.24717147124948,4.35797306327914,1.93931487607218
Graubünden,881f8e60d7fffff,9.65062812817804,46.9816942887507,2.70085139185623,5.04508748804498,1.86796189648095
Graubünden,881f8e60ddfffff,9.63568067091321,46.9908698640583,2.32212083095295,4.75476435753691,2.04759558338127
Graubünden,881f8e60e1fffff,9.60138525022019,46.9664843275834,2.33586382141937,3.8174504441813,1.63427782440744
Graubünden,881f8e60e9fffff,9.59819748509709,46.974118863955,2.39898161776782,4.09515944707332,1.70704077794633
Graubünden,881f8e60ebfffff,9.60995649215086,46.972581898511,2.43967022623355,4.30469621258161,1.76445823140095
Graubünden,881f8e60edfffff,9.58962753144779,46.9680206762274,2.21730790878801,3.4733753715267,1.56648310221618
Graubünden,881f8e6185fffff,9.56493349007451,46.9207111770941,0.611180866587525,0.634309148307577,1.03784195969548
Graubünden,881f8e6189fffff,9.57030669907247,46.9344500335345,0.660219001491161,0.752321419540422,1.13950282836641
Graubünden,881f8e618dfffff,9.56174461733805,46.9283483428408,0.604935993773137,0.655699006550412,1.08391468403236
Graubünden,881f8e61a1fffff,9.55956234724296,46.9069703066707,0.57167937930069,0.550370939705531,0.962726590521378
Graubünden,881f8e61a5fffff,9.55100464963644,46.9008666963821,0.528975280093711,0.504017240743442,0.952818136707924
Graubünden,881f8e61a9fffff,9.55637360085533,46.9146085261339,0.546197793183488,0.550514795168602,1.00790373384695
Graubünden,881f8e61abfffff,9.5681217847002,46.9130731300543,0.629937671164948,0.6224479572069,0.988110388851334
Graubünden,881f8e61adfffff,9.54781545187867,46.9085050880986,0.498601241829529,0.496526715398298,0.995839307532372
Graubünden,881f8e61c1fffff,9.5553651369828,46.9436200296898,0.588758315315186,0.681599067171461,1.15768907112008
Graubünden,881f8e61c3fffff,9.56711770018199,46.9420861449964,0.669576555345801,0.794506889225493,1.1865811054498
Graubünden,881f8e61c5fffff,9.54680389265735,46.9375178966212,0.537571432171888,0.600095967645085,1.11630926000027
Graubünden,881f8e61c7fffff,9.55855516635331,46.9359846271031,0.578271686676195,0.650221757284657,1.12442260665055
Graubünden,881f8e61c9fffff,9.55217452908894,46.9512545504098,0.603315580450079,0.713543265137454,1.18270319590478
Graubünden,881f8e61cbfffff,9.56392812287587,46.9497213746793,0.68582875787189,0.840256313707605,1.22516926282721
Graubünden,881f8e61cdfffff,9.54361283312141,46.9451525901788,0.54849389322002,0.625092415356475,1.13965246119108
Graubünden,881f8e61ddfffff,9.57568197533475,46.9481868744856,0.7775276394096,0.988913714417798,1.27186953144034
Graubünden,881f8e61e3fffff,9.55318427638681,46.9222458644075,0.533896939008012,0.56033164089941,1.04951274292847
Graubünden,881f8e61ebfffff,9.54999437369998,46.9298823213004,0.531902883193722,0.577674832130801,1.08605320704834
Graubünden,881f8e6221fffff,9.51486724239156,47.0138251214062,0.619251833068977,0.769284291590871,1.24228020089717
Graubünden,881f8e6223fffff,9.52662882257833,47.012298946106,0.712311950131994,0.894064087490356,1.25515806287496
Graubünden,881f8e6227fffff,9.51806351456129,47.0061983722892,0.610019264020151,0.741247924557974,1.21512215806596
Graubünden,881f8e6505fffff,9.70721610733814,46.9525975369425,1.56801960223468,2.17114339986175,1.38464047054483
Graubünden,881f8e650dfffff,9.70403764682196,46.9602384446351,1.54264115092543,2.24988278200124,1.45846153569255
Graubünden,881f8e6521fffff,9.70181338109665,46.9388627723412,1.6480282472076,1.99528832284752,1.21071245364169
Graubünden,881f8e6523fffff,9.71357129584846,46.9373130775498,1.66936535378233,2.14699406193563,1.28611394568069
Graubünden,881f8e6527fffff,9.70499114413409,46.9312199280635,1.70787235851845,1.99476323599953,1.1679814513363
Graubünden,881f8e6529fffff,9.69863504067195,46.9465047355138,1.60187061065258,2.03196528045339,1.26849526231435
Graubünden,881f8e652bfffff,9.71039399030103,46.9449557478502,1.6113603037246,2.13918845251617,1.32756680648736
Graubünden,881f8e6545fffff,9.68909655369591,46.9694253364869,1.57572789825472,2.4277644543603,1.54072569067876
Graubünden,881f8e6547fffff,9.70085860861454,46.9678784707369,1.53744585189292,2.38172543250126,1.54914427039421
Graubünden,881f8e654dfffff,9.68591590234365,46.9770637733255,1.60903347554977,2.67388070271185,1.6617930846953
Graubünden,881f8e6563fffff,9.69545612272217,46.9541458173899,1.57288936976936,2.11181676563722,1.34263528397226
Graubünden,881f8e6569fffff,9.68051585553913,46.9633322645995,1.6331444387593,2.37687687279347,1.45539905496612
Graubünden,881f8e656bfffff,9.69227662710945,46.961786017778,1.56364495718228,2.24160994144124,1.43357987447526
Graubünden,881f8e65a5fffff,9.77553609306446,46.921897628062,2.02045955927168,4.64902099822719,2.30097206197141
Graubünden,881f8e65a7fffff,9.78729443378004,46.9203392699234,2.0451773102881,5.0874052981614,2.48751307408391
Graubünden,881f8e6801fffff,9.4537906263838,46.8413154643274,0.410055281897803,0.768495789889482,1.87412727945549
Graubünden,881f8e6803fffff,9.46552333251571,46.8397874226202,0.453517097127022,0.708208705995823,1.56159207774578
Graubünden,881f8e6805fffff,9.44525334863355,46.8352026200065,0.404415074086801,0.844512326691124,2.0882315739543
Graubünden,881f8e6807fffff,9.45698476339595,46.8336751890507,0.442297186341883,0.764715091242714,1.72896214323103
Graubünden,881f8e680dfffff,9.44205818725777,46.8428421856609,0.382541478027101,0.85330205468281,2.23061315882289
Graubünden,881f8e6811fffff,9.48579790247019,46.8443689012083,0.530620385947071,0.640274457416108,1.20665257945814
Graubünden,881f8e6813fffff,9.4975324294995,46.8428376068395,0.620979186059702,0.643154836555106,1.03571077902967
Graubünden,881f8e6815fffff,9.47725630467857,46.838258060433,0.516638649421044,0.673007718458803,1.30266622370005
Graubünden,881f8e681bfffff,9.49434123837462,46.8504789597048,0.539783227184817,0.610614002050321,1.13122077770907
Graubünden,881f8e681dfffff,9.47406363983643,46.8458988747315,0.463984158223391,0.660674840273227,1.42391680526975
Graubünden,881f8e6821fffff,9.43991283915338,46.8214483795191,0.423155622148635,0.911169958577106,2.15327390417385
Graubünden,881f8e6829fffff,9.43671780917098,46.8290889950482,0.400567307663289,0.932822851159373,2.32875432745872
Graubünden,881f8e682bfffff,9.44844793232576,46.8275621745185,0.464632806722997,0.895360284062716,1.92702768962354
Graubünden,881f8e682dfffff,9.42818400784403,46.8229745899479,0.428542846416957,1.10850045759266,2.58667357735829
Graubünden,881f8e683dfffff,9.46017832283025,46.826034034028,0.518316617458828,0.816015588086905,1.57435737269551
Graubünden,881f8e6863fffff,9.43352220153626,46.8367287308484,0.381430623582276,0.947218639979138,2.48333138824345
Graubünden,881f8e6865fffff,9.41325836880712,46.8321386766524,0.376781805777785,1.18785790722752,3.15264136699872
Graubünden,881f8e6867fffff,9.42498795434012,46.8306144957238,0.383502600212441,1.05507899854391,2.7511651758279
Graubünden,881f8e6881fffff,9.53592512182752,46.830591438594,1.4118399837085,0.964695109560739,0.683289268396239
Graubünden,881f8e6883fffff,9.54765966969634,46.8290541513094,1.61292019215892,1.0413670318502,0.64564076816244
Graubünden,881f8e6887fffff,9.53911207947978,46.8229462002598,1.64217312516583,1.04609783921575,0.637020435412448
Graubünden,881f8e6889fffff,9.5327375872048,46.8382357976055,1.19376225902524,0.879608569238217,0.736837307921311
Graubünden,881f8e688bfffff,9.54447316205974,46.8366992188015,1.38527554270276,0.950752021446211,0.686327010142135
Graubünden,881f8e68a3fffff,9.53375305610696,46.8091911779429,1.83592482610945,1.06925981829296,0.582409368339364
Graubünden,881f8e68a7fffff,9.52520938774613,46.8030814905194,1.73865521834348,0.984112291729307,0.56601923218965
Graubünden,881f8e68abfffff,9.53056622563294,46.8168374659734,1.62322560325455,1.01616763178706,0.626017498584088
Graubünden,881f8e68bdfffff,9.54229846029844,46.8153000827959,1.86632238982144,1.11912156342886,0.599640002998587
Graubünden,881f8e68c1fffff,9.51781313433321,46.8474138259162,0.708516426528954,0.622731489131607,0.878923149576629
Graubünden,881f8e68c3fffff,9.52954947547462,46.8458792771014,1.00037481214713,0.796114720362804,0.795816438694695
Graubünden,881f8e68c5fffff,9.50926721994882,46.8413049915197,0.795623291292402,0.720001497573034,0.904952765275978
Graubünden,881f8e68c7fffff,9.52100227284251,46.8397710551433,1.00307326191597,0.810040965361038,0.80755912465833
Graubünden,881f8e68c9fffff,9.51462341847268,46.8550557168927,0.631168210416099,0.60066073816751,0.95166506844748
Graubünden,881f8e68cbfffff,9.52636078649999,46.8535218768888,0.797524540162014,0.684339452642556,0.85807949245491
Graubünden,881f8e68cdfffff,9.50607705497453,46.8489470534157,0.629960540933521,0.622852904732316,0.988717331103513
Graubünden,881f8e68d5fffff,9.54128607742262,46.8443434068662,1.17152202510059,0.85938868986817,0.733565969273505
Graubünden,881f8e68ddfffff,9.53809841564795,46.8519867153107,0.935720558653602,0.735100339334391,0.785598149507497
Graubünden,881f8e6901fffff,9.39406618084127,46.7985091780421,0.386329839946553,1.30526667230002,3.37863280889872
Graubünden,881f8e6903fffff,9.4057898423994,46.7969854047638,0.393732148711661,1.21898018342327,3.09596304851387
Graubünden,881f8e6907fffff,9.39726343643193,46.7908677148644,0.383048205649736,1.2377906181312,3.23142257260187
Graubünden,881f8e6909fffff,9.39086834775572,46.8061497620169,1.26982772206518,4.46827188182231,3.51880164858534
Graubünden,881f8e690bfffff,9.40259303115187,46.8046266987527,0.392258834001341,1.28249120454147,3.2695024136463
Graubünden,881f8e6919fffff,9.42284786589407,46.8092184501015,0.409175725977339,1.08630173944948,2.65485382070207
Graubünden,881f8e691dfffff,9.41431798550246,46.8031023166748,0.402178501282643,1.16452491208976,2.89554242301815
Graubünden,881f8e6931fffff,9.41218173286102,46.781700179633,0.392814110167993,1.08428063943298,2.76028943809903
Graubünden,881f8e6933fffff,9.42390362106534,46.7801736682343,0.414989976354696,0.976501612270322,2.35307276780029
Graubünden,881f8e6935fffff,9.40365621567473,46.7755821516724,0.37270570282622,1.10292554443408,2.95923978643368
Graubünden,881f8e6937fffff,9.41537681234814,46.7740562488778,0.389807575167316,1.01998241338345,2.61663055918204
Graubünden,881f8e6939fffff,9.40898607625696,46.7893432316595,0.394040465213991,1.15162579865033,2.92260795607607
Graubünden,881f8e693bfffff,9.42070898640499,46.7878174299465,0.412184761863267,1.03879656968986,2.52022070149807
Graubünden,881f8e693dfffff,9.40046011466426,46.7832253726767,0.37855152619256,1.16921044884766,3.08864280804116
Graubünden,881f8e6941fffff,9.3759445039429,46.8153105008993,1.47739218235436,5.44535437400205,3.68578799796028
Graubünden,881f8e6943fffff,9.38766993703877,46.8137894665957,1.27432903653829,4.63678467270422,3.63860866366196
Graubünden,881f8e6947fffff,9.37914393628653,46.8076715065748,1.46186450790805,5.27480506841733,3.60827220298662
Graubünden,881f8e6949fffff,9.37274449372657,46.8229486155477,1.2936853414968,4.82780415506364,3.73182256937212
Graubünden,881f8e694bfffff,9.38447094855386,46.8214282915859,1.27629185113196,4.7544322499903,3.72519204425972
Graubünden,881f8e694dfffff,9.36421934406278,46.816830216452,0.427411912917532,1.53048521324011,3.58082020408125
Graubünden,881f8e6951fffff,9.40792467491376,46.8183836865205,0.388704977302168,1.26449713713927,3.25310250955776
Graubünden,881f8e6955fffff,9.39939564237778,46.8122671134334,0.3900337165944,1.33761922358623,3.42949639140362
Graubünden,881f8e6957fffff,9.41112161898719,46.8107434413044,0.39545524789931,1.21937380282222,3.08346850699197
Graubünden,881f8e6959fffff,9.40472715314555,46.8260230521303,0.382512345906039,1.29659009659251,3.38966862238482
Graubünden,881f8e695bfffff,9.41645544551687,46.8244994807826,0.386050241913227,1.16454535016774,3.01656422852208
Graubünden,881f8e695dfffff,9.39619767594057,46.8199066486128,0.387449397583931,1.37973829494189,3.56107998501405
Graubünden,881f8e6a83fffff,9.52534199443243,46.8825511490352,0.476970892360786,0.47846522095012,1.00313295551839
Graubünden,881f8e6a91fffff,9.5456377625846,46.8871228550934,0.552224931309375,0.503443314320398,0.911663501187257
Graubünden,881f8e6a95fffff,9.53708399485009,46.8810175006701,0.513192261367978,0.475564179206297,0.92667839132769
Graubünden,881f8e6a99fffff,9.54244869173185,46.8947622996834,0.474578376368389,0.454274815139666,0.957217685761219
Graubünden,881f8e6a9dfffff,9.53389447338025,46.8886571170694,0.483250572972906,0.470923305355453,0.974490940503977
Graubünden,881f8e6aa1fffff,9.49969499251554,46.8642285373619,0.984192848541838,1.13217762195584,1.15036156138835
Graubünden,881f8e6aa3fffff,9.51143312512394,46.8626967278801,0.542483741730888,0.555013102196531,1.0230962875047
Graubünden,881f8e6aa7fffff,9.50288631254244,46.8565882354272,0.543366733968704,0.582213546725984,1.07149280647629
Graubünden,881f8e6aabfffff,9.50824225414991,46.8703368586863,0.520998670939487,0.568345087994114,1.09087627223549
Graubünden,881f8e6ab1fffff,9.53172136013777,46.8672706925684,0.620721748214855,0.556315787666703,0.896240206286668
Graubünden,881f8e6ab5fffff,9.52317152014387,46.8611635967753,0.626741467143434,0.577418219002055,0.921302082713332
Graubünden,881f8e6ab7fffff,9.5349101765987,46.8596291439423,0.786325721682159,0.660900071952135,0.840491483018379
Graubünden,881f8e6ab9fffff,9.52853196612808,46.8749113609968,0.537262073344479,0.510913333144097,0.950957379075057
Graubünden,881f8e6abbfffff,9.54027293860381,46.8733770037767,0.618359759916247,0.542196859000171,0.876830761228073
Graubünden,881f8e6abdfffff,9.5199816762692,46.8688044365684,0.539437641630649,0.530391031312523,0.983229553112424
Graubünden,881f8e6ad3fffff,9.53925904299562,46.9024008634832,0.466120022437622,0.466196193986891,1.00016341617095
Graubünden,881f8e6b21fffff,9.35781670268663,46.8321041448047,1.32283985451699,4.74696216257726,3.58846321901189
Graubünden,881f8e6b23fffff,9.36954390550097,46.8305858503275,1.29937594104067,4.86181695894196,3.74165536345712
Graubünden,881f8e6b25fffff,9.34929240564168,46.8259853068703,1.32831085624276,4.46763314153401,3.36339428420474
Graubünden,881f8e6b27fffff,9.36101831243161,46.8244676206063,0.381707103910723,1.37347194042096,3.5982352079625
Graubünden,881f8e6b2dfffff,9.34608977469427,46.8336211203352,1.34152806454095,4.49497700426664,3.35063956027246
Graubünden,881f8e6b33fffff,9.40152905354589,46.8336615379412,1.23272891380569,4.29315070543534,3.48263974127247
Graubünden,881f8e6b35fffff,9.38127138216429,46.8290662367949,1.27607728604726,4.81101533037641,3.77015983512949
Graubünden,881f8e6b37fffff,9.39299913170358,46.8275453040985,1.25750869085569,4.59206444104838,3.6517158683998
Graubünden,881f8e6e91fffff,9.77012143555794,46.9081592628537,0.998918355168281,2.01764141548219,2.01982614999831
Graubünden,881f8e6e99fffff,9.76695000273356,46.9158074015152,2.02109450887401,4.14842718215756,2.05256466926365
Graubünden,881f8e6e9bfffff,9.77870706623818,46.9142496635078,0.995439795762139,2.25701507077307,2.2673546711532
Graubünden,881f8e6e9dfffff,9.75836564951602,46.9097163810532,2.02344778778048,3.646000679141,1.80187534423129
Graubünden,881f8e6ec1fffff,9.71992417524818,46.9220250940911,1.81115866906378,2.24742707086574,1.24087806841765
Graubünden,881f8e6ec3fffff,9.73168026617468,46.9204726596652,1.86309123171099,2.59245990839997,1.39148307086345
Graubünden,881f8e6ec9fffff,9.71674802411826,46.9296695262328,1.73770716054423,2.18638525548671,1.2582012119936
Graubünden,881f8e6ecbfffff,9.72850515001413,46.9281177986017,1.79096056455761,2.50552810232358,1.39898563480792
Graubünden,881f8e6ed1fffff,9.75202013561125,46.9250103655353,1.91898845728361,3.48397455066619,1.81552657987212
Graubünden,881f8e6ed5fffff,9.74343660171929,46.9189188994941,1.92163355777368,3.04850125528636,1.58641133370829
Graubünden,881f8e6ed7fffff,9.75519318089973,46.9173638134774,1.97686752954462,3.58641189816994,1.81418928915084
Graubünden,881f8e6eddfffff,9.74026252083932,46.9265647450693,1.85503828476113,2.94545485052502,1.58781351022322
Graubünden,881f9d224dfffff,9.23832302369023,46.377177567039,0.450427275425507,2.44705554462507,5.43274281583725
Graubünden,881f9d2269fffff,9.23305641264616,46.3633574615031,0.370679831922885,2.07048852043673,5.58565193497623
Graubünden,881f9d226dfffff,9.22459892084895,46.3572101169678,0.325559772409769,1.86882194184129,5.74033434170449
Graubünden,881f9d2301fffff,9.20881762633781,46.3157353785964,0.221046615459386,1.36742703947845,6.18614782513915
Graubünden,881f9d2305fffff,9.20036830865362,46.3095845338952,0.212590960309757,1.34833740779689,6.34240235724176
Graubünden,881f9d2309fffff,9.20562457782179,46.3234123038264,0.224391254860199,1.38845716449014,6.18766165978788
Graubünden,881f9d230dfffff,9.19717482853992,46.3172616184205,0.213847609710803,1.35698212285319,6.34555665451818
Graubünden,881f9d2321fffff,9.1951140490603,46.2957548235431,0.208863539271614,1.35831681740256,6.5033697223533
Graubünden,881f9d2325fffff,9.18666859873179,46.2896023130732,0.208068641551719,1.38643660587841,6.66336164613151
Graubünden,881f9d2329fffff,9.19192070929054,46.3034329354775,0.208001142047356,1.35248723469306,6.5023067728404
Graubünden,881f9d232dfffff,9.18347482809153,46.2972805838424,0.205970949992059,1.3726134113375,6.66411166909906
Graubünden,881f9d2343fffff,9.20243095754415,46.3310883603443,0.230384232000764,1.42746901455482,6.19603608353755
Graubünden,881f9d2351fffff,9.22252923311743,46.3357114109701,0.127613448775915,0.750757036628252,5.88305577374181
Graubünden,881f9d2355fffff,9.21407604596209,46.3295622348425,0.24041538624651,1.45058159051974,6.0336470687961
Graubünden,881f9d2359fffff,9.21933647711057,46.3433871481516,0.273511107027144,1.60998163858026,5.8863482952467
Graubünden,881f9d235dfffff,9.21088285762942,46.3372381317794,0.247955571460428,1.49759151786258,6.0397574817212
Graubünden,881f9d2363fffff,9.18872679795958,46.3111101791237,0.208554061304031,1.35699303906902,6.50667280504689
Graubünden,881f9d2419fffff,9.54140352274121,46.3370329455811,0.793345714819542,4.24638724491801,5.35250542808303
Graubünden,881f9d241bfffff,9.55306403471762,46.3354712659126,0.804221546693737,4.42903302653666,5.50722999743666
Graubünden,881f9d2453fffff,9.53823660966974,46.3447239822039,0.822609136016246,4.33573848473529,5.27071520957392
Graubünden,881f9d2457fffff,9.52974326721595,46.338593316569,0.777548091567785,4.06373083240776,5.2263401794402
Graubünden,881f9d24c9fffff,9.57322195461604,46.3400371317444,0.813465770188451,4.70304349250281,5.78148911098408
Graubünden,881f9d24cbfffff,9.58488424531274,46.3384722301185,0.829143504237495,4.9612016938977,5.98352597414385
Graubünden,881f9d24cdfffff,9.56472480218763,46.3339082774641,0.774217353678975,4.40416572735853,5.68853915044728
Graubünden,881f9d24d9fffff,9.60504819205493,46.3430328970867,0.91895548149914,5.7398901636175,6.24610253616826
Graubünden,881f9d26a1fffff,9.5583944638454,46.3492923034845,0.878493140316765,4.82944798742258,5.4974225361409
Graubünden,881f9d26a3fffff,9.57005751556732,46.3477294159241,0.888438003679738,5.04778036471748,5.68163489608791
Graubünden,881f9d26a5fffff,9.54989813583663,46.343163007688,0.835379846276043,4.52421289745861,5.41575538077276
Graubünden,881f9d26a7fffff,9.56155991780469,46.3416007242346,0.844520500387548,4.71922348752315,5.58805083518696
Graubünden,881f9d26abfffff,9.56689250691311,46.3554208324729,0.926238205251826,5.17616189072523,5.58837009894008
Graubünden,881f9d26b3fffff,9.60188623029138,46.3507264277548,0.949647554996371,5.82367129498331,6.13245541921662
Graubünden,881f9d26b5fffff,9.58172082148181,46.3461652190701,0.859331939257712,5.05037097387322,5.87708979865884
Graubünden,881f9d26b7fffff,9.59338438063048,46.3445997128238,0.882349980938716,5.35580159495765,6.06992883850885
Graubünden,881f9d26bdfffff,9.57855682815077,46.3538573404832,0.940456567884145,5.4309081324235,5.77475698281533
Graubünden,881f9d2a49fffff,9.1508572333896,46.2434677558576,0.195649175037755,1.43393755481459,7.32912650686043
Graubünden,881f9d2a4dfffff,9.14242294374505,46.2373104223756,0.185379947196493,1.37536923599089,7.41919100091807
Graubünden,881f9d3019fffff,9.19263847868772,46.4339093444089,0.504845907218566,3.0976725886895,6.13587739228399
Graubünden,881f9d301bfffff,9.20429848909965,46.4323892375089,0.547165040148858,3.21944326335007,5.88386140765538
Graubünden,881f9d3053fffff,9.18943928260053,46.4415744774945,0.509086625383739,3.16231087936112,6.21173435263093
Graubünden,881f9d305bfffff,9.18623951290906,46.4492387389358,0.514330003306734,3.23358392049771,6.28698287035237
Graubünden,881f9d3081fffff,9.24566884303939,46.4124825162287,0.652264300464469,3.34573783118685,5.12942043402404
Graubünden,881f9d3085fffff,9.23720445356718,46.4063380874417,0.600194909690922,3.17991735828636,5.29814116538226
Graubünden,881f9d308dfffff,9.23400999609891,46.4140079633857,0.623079257518394,3.31542346238309,5.32103006540098
Graubünden,881f9d30a1fffff,9.23193610456977,46.3925219927008,0.512009674897974,2.79071342113447,5.45050915627827
Graubünden,881f9d30a5fffff,9.22347559241612,46.3863758867291,0.519950900734462,2.92171632324273,5.61921581271544
Graubünden,881f9d30a7fffff,9.23512985036165,46.3848502149043,0.48117761048639,2.61700662555079,5.43875394140935
Graubünden,881f9d30a9fffff,9.22874178618049,46.4001929002286,0.540688507074669,2.95706096397507,5.46906569176752
Graubünden,881f9d30c1fffff,9.22761936233146,46.4293451027381,0.646090446094793,3.48694911100561,5.39699841110793
Graubünden,881f9d30c5fffff,9.21915539408668,46.4232003992002,0.592408839847578,3.30440497255637,5.57791300583321
Graubünden,881f9d30c7fffff,9.23081496573174,46.421676968551,0.63834899374107,3.41756850473518,5.35376187358954
Graubünden,881f9d30c9fffff,9.22442318576373,46.4370123657477,0.647445982993253,3.52903121627104,5.45069597923171
Graubünden,881f9d30cdfffff,9.21595878396605,46.4308678236548,0.597980347498645,3.36941036113746,5.63465066240341
Graubünden,881f9d30e3fffff,9.22554689505968,46.4078629372875,0.564828038351566,3.10413453650669,5.49571608655621
Graubünden,881f9d30ebfffff,9.22235143107315,46.4155321036779,0.582622517604762,3.22289654209644,5.53170611281244
Graubünden,881f9d3191fffff,9.21821141373748,46.3725569244383,0.42697657884806,2.46236367391893,5.76697597924959
Graubünden,881f9d3193fffff,9.22986337824362,46.3710311397365,0.395896470754103,2.21367215557591,5.59154303992484
Graubünden,881f9d3197fffff,9.22140545342471,46.3648839555268,0.346973021676463,1.99544944119424,5.75102188508163
Graubünden,881f9d319bfffff,9.22666977154495,46.378703948212,0.423560380532518,2.37301569764883,5.60254406860568
Graubünden,881f9d31b3fffff,9.21614314914173,46.3510620161979,0.288413058534927,1.70040022599517,5.89571163883085
Graubünden,881f9d31b7fffff,9.20768909736804,46.3449131596921,0.125963779742421,0.762379648225336,6.05237195790964
Graubünden,881f9d31bbfffff,9.21294924907708,46.3587360149082,0.352492558526261,2.08349235830701,5.91074139839405
Graubünden,881f9d32a5fffff,9.20110029920401,46.4400550807218,0.549180983134304,3.2721908640939,5.9583105835507
Graubünden,881f9d32a7fffff,9.21276160057699,46.4385343768425,0.597781266527768,3.4081863436078,5.7013936943932
Graubünden,881f9d32adfffff,9.19790153580478,46.4477200523796,0.632470065895945,3.81852585608694,6.03748076310565
Graubünden,881f9d32e1fffff,9.19150228795818,46.4630473802338,0.557645750671383,3.44783302234275,6.18283743432404
Graubünden,881f9d32e5fffff,9.18303916947897,46.4569021285339,0.522317610312936,3.31867806628464,6.35375488162522
Graubünden,881f9d32e7fffff,9.19470219876764,46.4553841522831,0.551966246111904,3.37532331542186,6.11509007878275
Graubünden,881f9d32e9fffff,9.18830180324204,46.470709736033,0.275183800628492,1.71474458807657,6.23127009715056
Graubünden,881f9d32edfffff,9.17983825217594,46.4645646460901,0.53443093760154,3.42178624945525,6.40267246655257
Graubünden,881f9d3883fffff,9.16134255287809,46.271140268397,0.237577757331049,1.69132598401361,7.11904179504844
Graubünden,881f9d3891fffff,9.18141849580027,46.2757697527666,0.101963841805285,0.695496156260799,6.82100776066239
Graubünden,881f9d3895fffff,9.17297691071238,46.2696155793345,0.209738187293198,1.46210917500055,6.97111572227253
Graubünden,881f9d3899fffff,9.17822486603016,46.2834490500595,0.208193056002346,1.4203169926938,6.82211510780548
Graubünden,881f9d389dfffff,9.1697828507981,46.2772950350011,0.100828571397034,0.703328791364302,6.97549099049312
Graubünden,881f9d38a3fffff,9.14766245641238,46.2511485528103,0.196353460122626,1.44285986652684,7.34827828155281
Graubünden,881f9d38a7fffff,9.1392277381075,46.2449913768904,0.186473549748089,1.38772253528046,7.44192694972106
Graubünden,881f9d38b1fffff,9.16773096107583,46.2557801732281,0.101076682778431,0.7177114855613,7.10066323738172
Graubünden,881f9d38b5fffff,9.15929323911388,46.2496243396415,0.203460426009539,1.46954682890374,7.22276492645723
Graubünden,881f9d38b9fffff,9.16453704255687,46.2634606545316,0.20813718516331,1.48013541322108,7.11134539491215
Graubünden,881f9d38bdfffff,9.15609889117615,46.2573049788571,0.0986480066073863,0.71399572092801,7.23781194859491
Graubünden,881f9d38d3fffff,9.17503066489949,46.2911274794888,0.206113751973664,1.40664349889868,6.82459799712156
Graubünden,881f9d3981fffff,9.09068348860789,46.2295551462509,0.138945785916867,1.08329527552634,7.79653206736683
Graubünden,881f9d3983fffff,9.10230853889492,46.2280359008288,0.145092741254346,1.11996113026142,7.71893287409975
Graubünden,881f9d3989fffff,9.08748443229014,46.2372342857221,0.140923029211761,1.10292528496453,7.82643753213108
Graubünden,881f9d398bfffff,9.09911048042831,46.2357157503337,0.146464338393716,1.13464635084597,7.74691206944787
Graubünden,881f9d3993fffff,9.13399037002208,46.231152339695,0.0845729594119817,0.633817700070269,7.49433039209072
Graubünden,881f9d3995fffff,9.11393388036181,46.2265153548865,0.153728290288334,1.1745661530299,7.64053350770291
Graubünden,881f9d399bfffff,9.13079473610316,46.2388334515969,0.175503649957967,1.31974209108841,7.51974156323524
Graubünden,881f9d399dfffff,9.11073682006071,46.2341959142724,0.154775361571206,1.18671778600233,7.66735592768343
Graubünden,881f9d8c41fffff,8.67000670323651,46.652374993179,4.08023980612655,23.1989059783546,5.68567218611051
Graubünden,881f9d8c4bfffff,8.67842641687564,46.6585404442146,4.19658648953013,23.5710483610135,5.61671930742278
Graubünden,881f9da013fffff,9.17710564610364,46.6820296449635,0.812211165957486,0.847328478642939,1.04323667804302
Graubünden,881f9da01bfffff,9.17389495772861,46.6896707322528,0.827648080150064,0.895991328178753,1.08257525108534
Graubünden,881f9da0a5fffff,9.19315043196234,46.6438110510007,0.756591953708597,0.84007543203416,1.1103414831685
Graubünden,881f9da0a9fffff,9.19842782475386,46.6575925711072,0.709988597956915,0.717252247668134,1.01023065684734
Graubünden,881f9da0adfffff,9.1899426284746,46.6514565234802,0.768749315209321,0.811537933196891,1.05566004045925
Graubünden,881f9da0c5fffff,9.18880225845593,46.6805232319668,0.73906306201248,0.733713939273938,0.992762291861839
Graubünden,881f9da0cdfffff,9.18559258224341,46.6881650311661,0.751760403316007,0.767564647414128,1.02102298023201
Graubünden,881f9da0e1fffff,9.18352529124398,46.6667448382982,0.788986918226652,0.798487032385124,1.01204090199597
Graubünden,881f9da0e3fffff,9.19521987957564,46.6652370017428,0.719190400643033,0.708976944141299,0.985798675159454
Graubünden,881f9da0e7fffff,9.18673424828028,46.6591011193109,0.779089405148747,0.797379711635786,1.02347651805578
Graubünden,881f9da0e9fffff,9.18031575723025,46.6743876802472,0.799651306320202,0.814985776765291,1.01917644643845
Graubünden,881f9da0edfffff,9.17183099077943,46.6682513622696,0.862720706346924,0.926474518561452,1.0738985534316
Graubünden,881f9da191fffff,9.18787506558128,46.6300275589704,0.793345626100463,1.02804484393578,1.29583476622785
Graubünden,881f9da195fffff,9.17939420497236,46.6238896509683,0.83946034897848,1.21517950457197,1.44757224811237
Graubünden,881f9da197fffff,9.19108215079454,46.6223801690776,0.768480849799283,1.08672875889451,1.41412601130965
Graubünden,881f9da199fffff,9.18466740396609,46.6376740727124,0.812874695220747,0.978829675540077,1.20415813322158
Graubünden,881f9da19bfffff,9.1963576588789,46.6361647020676,0.741326399114059,0.881164701561449,1.18863256807596
Graubünden,881f9da1a1fffff,9.14227825689848,46.6069777150757,0.946713719851107,2.12808101795056,2.24786117844078
Graubünden,881f9da1a3fffff,9.15396201768339,46.6054713425072,0.904129584621401,1.93879778361466,2.14438042576222
Graubünden,881f9da1a7fffff,9.14548808623367,46.5993303798602,0.895992441262745,2.17886191969914,2.43178605014615
Graubünden,881f9da1b1fffff,9.17412303041632,46.6101032597779,0.83635651257736,1.50312705660112,1.79723244094675
Graubünden,881f9da1b3fffff,9.1858086678612,46.6085936662755,0.770045325944621,1.34531719585528,1.74706234883637
Graubünden,881f9da1b5fffff,9.16564606828462,46.6039636592716,0.850983140437482,1.74580772207446,2.05151857788505
Graubünden,881f9da1b9fffff,9.17091507689283,46.6177509785588,0.875266704726876,1.4380586906031,1.64299485269675
Graubünden,881f9da1bbfffff,9.18260172453316,46.6162420965457,0.807959484097575,1.27895796314653,1.58294814074127
Graubünden,881f9da1bdfffff,9.1624376811831,46.6116115422393,0.897353106122379,1.68508854948277,1.87784333501038
Graubünden,881f9da1d3fffff,9.18145916581366,46.6453197101084,0.828085356033654,0.942328344944959,1.13796040236541
Graubünden,881f9da1dbfffff,9.17825035098866,46.6529644709631,0.84043792465162,0.920814875321591,1.09563698675698
Graubünden,881f9da281fffff,9.19294178031812,46.7233526379901,0.659010218259927,0.786297694362964,1.19314947261232
Graubünden,881f9da283fffff,9.2046453326247,46.7218465557175,0.640587086788414,0.731155355363798,1.14138322554931
Graubünden,881f9da285fffff,9.18445006652414,46.7172192843539,0.704093738466858,0.835723451240777,1.18694913131956
Graubünden,881f9da287fffff,9.19615231800312,46.7157138041635,0.683552739129712,0.770513312839538,1.12721852862523
Graubünden,881f9da289fffff,9.18973066487555,46.7309905934872,0.686301478643877,0.868673922780776,1.26573226171283
Graubünden,881f9da28bfffff,9.20143523091018,46.7294852231943,0.619363724051588,0.745995255172486,1.2044542264964
Graubünden,881f9da28dfffff,9.18123851553154,46.724857406137,0.730586961731559,0.92079822324953,1.26035403241683
Graubünden,881f9da299fffff,9.22163657173994,46.7341097520538,0.570202905096599,0.672947161148447,1.18018893824198
Graubünden,881f9da29dfffff,9.21314008381728,46.7279785385132,0.603204617044363,0.699577311110306,1.15976783224598
Graubünden,881f9da2a1fffff,9.17917149783528,46.7034459967681,0.787451279131664,0.88260035147925,1.12083169444148
Graubünden,881f9da2a3fffff,9.1908714354744,46.701940406313,0.712358534907631,0.756850250210553,1.06245691336974
Graubünden,881f9da2a7fffff,9.18238232874839,46.6958059528313,0.767653688221131,0.817025116677029,1.06431471536378
Graubünden,881f9da2a9fffff,9.17596008936844,46.7110851627827,0.754202247116972,0.895771975469295,1.18770791109877
Graubünden,881f9da2abfffff,9.18766103979316,46.709580284348,0.732662806033548,0.820227918456377,1.11951625181696
Graubünden,881f9da2b9fffff,9.20785485668347,46.714207009998,0.619536113122036,0.674773975017719,1.0891600355907
Graubünden,881f9da2bdfffff,9.19936227806627,46.7080740922009,0.662845091593488,0.710466936220585,1.07184460627537
Graubünden,881f9da2d1fffff,9.2067201752769,46.7432546618835,0.61204986055387,0.787294861709171,1.28632471380144
Graubünden,881f9da2d3fffff,9.21842734312622,46.7417480863194,0.595163108583472,0.733716675761315,1.23279932035373
Graubünden,881f9da2d5fffff,9.19822455140412,46.7371230122349,0.647059140257709,0.82522779999831,1.27535143027211
Graubünden,881f9da2d7fffff,9.20993041845981,46.7356170394697,0.584511763991978,0.712234738575477,1.21851223953339
Graubünden,881f9da2d9fffff,9.20350935413269,46.7508914055613,0.642308633706138,0.873585273029794,1.36007088677788
Graubünden,881f9da2dbfffff,9.21521753665329,46.749385541936,0.579877227376772,0.750924314106712,1.2949712088259
Graubünden,881f9da2e1fffff,9.1610464290329,46.7202263032575,0.937597620663013,1.25612015654502,1.33972199679514
Graubünden,881f9da2e3fffff,9.17274810321219,46.7187234506813,0.896939173642568,1.13072925996567,1.26065322286421
Graubünden,881f9da2e7fffff,9.16425942775739,46.712588727617,0.830378039173367,1.05276031215857,1.26780847095448
Graubünden,881f9da2ebfffff,9.16953553923085,46.7263608602701,0.882188005485054,1.17762990381541,1.33489675272553
Graubünden,881f9da481fffff,9.43877526914437,46.6914487741503,0.317029740297018,1.00823423753513,3.18025128049669
Graubünden,881f9da483fffff,9.45048463598762,46.6899150699134,0.363060710083328,0.975042832097878,2.6856192504942
Graubünden,881f9da489fffff,9.43558550857686,46.6991016493388,0.310447315422052,0.946528248663936,3.04891748661809
Graubünden,881f9da48bfffff,9.44729589578879,46.6975686538816,0.351114279772662,0.902444681518127,2.57023064428607
Graubünden,881f9da491fffff,9.4707174688855,46.6944987128632,0.485764169458446,0.796754050976993,1.64020753499636
Graubünden,881f9da493fffff,9.48242865283143,46.692961767092,0.578324003722003,0.764209430029312,1.3214209078492
Graubünden,881f9da499fffff,9.46753019495738,46.7021528375145,0.444708146189734,0.691049898142072,1.55394027310495
Graubünden,881f9da49bfffff,9.47924240031772,46.7006166001494,0.555671071786872,0.680940584776926,1.22543824818381
Graubünden,881f9da49dfffff,9.45900654954813,46.6960343417581,0.409256393974222,0.847682858450477,2.07127578440197
Graubünden,881f9da4b1fffff,9.4568603900759,46.6746052729824,0.403690102024681,1.19822887538957,2.96818987976156
Graubünden,881f9da4b5fffff,9.44834109786986,46.6684848904539,0.365087262028292,1.33336622945952,3.65218502023823
Graubünden,881f9da4bdfffff,9.44515306365487,46.6761403945125,0.343568660771078,1.19838129839648,3.48804019466424
Graubünden,881f9da4c3fffff,9.43239517228646,46.7067536478467,0.308063123525124,0.903745360027439,2.93363694325373
Graubünden,881f9da4cbfffff,9.42920426013704,46.7144047694791,0.293881549275822,0.833595900166068,2.8365030136128
Graubünden,881f9da4d1fffff,9.45262938384094,46.7113402972417,0.389918922786895,0.74914776680148,1.92129112751708
Graubünden,881f9da4d5fffff,9.44410657997208,46.705221361258,0.34434524012753,0.851698930693782,2.47338668128054
Graubünden,881f9da4d7fffff,9.45581825451894,46.703687757849,0.397202931144288,0.788599009440487,1.98538063948481
Graubünden,881f9da4d9fffff,9.44943993737795,46.7189919597411,0.388589758242071,0.72982341762232,1.87813343543573
Graubünden,881f9da4ddfffff,9.4409166884014,46.7128731918474,0.342123750271867,0.819553432676996,2.39548827588187
Graubünden,881f9da683fffff,9.42815136185545,46.7434717424401,0.36224307304645,0.832465112261578,2.29808428153113
Graubünden,881f9da68bfffff,9.42495858947202,46.7511191861744,0.371021813602673,0.866855224412635,2.33639962026855
Graubünden,881f9da695fffff,9.43986814191716,46.7419416839325,0.399018783515318,0.748630231652502,1.87617792089169
Graubünden,881f9da69dfffff,9.43667639095208,46.7495898369123,0.405603672616449,0.779236054318325,1.9211760319912
Graubünden,881f9da6b1fffff,9.43453517745348,46.728174221886,0.348302274210256,0.801336241595234,2.3006919590525
Graubünden,881f9da6b3fffff,9.44624991499382,46.7266427451524,0.389436968108166,0.722718448839834,1.8558033983027
Graubünden,881f9da6b5fffff,9.42601277199248,46.7220550140411,0.313745670585955,0.865860350175811,2.75975234513585
Graubünden,881f9da6b7fffff,9.43772622094059,46.720524145455,0.343712839380091,0.80342140688852,2.33747860085047
Graubünden,881f9da6b9fffff,9.43134355780384,46.7358234209458,0.35501067790331,0.811853497780367,2.28684247633104
Graubünden,881f9da6bbfffff,9.44305931655231,46.7342926532811,0.394215340801164,0.731197976803891,1.85481867681221
Graubünden,881f9da6bdfffff,9.42282070771665,46.729704381338,0.320563523104367,0.867344256913674,2.70568606344924
Graubünden,881f9da6c3fffff,9.41004668657577,46.7602930739876,0.357192031788954,0.987503308390291,2.76462860451981
Graubünden,881f9da6d1fffff,9.43029115948676,46.7648835090806,0.414571180377795,0.865005084083406,2.08650558703848
Graubünden,881f9da6d5fffff,9.42176524051723,46.7587657519547,0.378599347868045,0.909641877841134,2.40265040857433
Graubünden,881f9da6d7fffff,9.43348406352074,46.7572371120263,0.410820308902998,0.817957838266126,1.9910355465393
Graubünden,881f9da6d9fffff,9.42709767871379,46.7725290278811,0.415551477014672,0.917356139267031,2.20756317811052
Graubünden,881f9da6ddfffff,9.41857131485473,46.7664114395871,0.385001605612361,0.961163088722759,2.4965170916469
Graubünden,881f9daa9bfffff,9.13701588667364,46.5931886547958,0.874872096056379,2.38637005251647,2.72767878101656
Graubünden,881f9dac21fffff,9.24647786934591,46.5428210102829,0.877323677200674,3.01850351110956,3.44058138353324
Graubünden,881f9dac23fffff,9.25815656197237,46.5413004876214,0.874048862104175,2.83517316744816,3.24372388132032
Graubünden,881f9dac25fffff,9.23799920234987,46.5366824976646,0.858650287966283,3.2819820663419,3.82225699139435
Graubünden,881f9dac27fffff,9.24967660290831,46.5351625750285,0.863798701584596,3.10364984481326,3.5930244385871
Graubünden,881f9dac2dfffff,9.23479945855511,46.5443402226786,0.879664640964971,3.19187763852596,3.62851647080477
Graubünden,881f9dac31fffff,9.27831851351079,46.545915202577,0.852636955513585,2.38394883275054,2.79597174076811
Graubünden,881f9dac33fffff,9.28999905747709,46.544391458186,0.829227348365514,2.2223727327228,2.68005238503446
Graubünden,881f9dac35fffff,9.26983553547422,46.5397786545855,0.866111346190039,2.64604185876618,3.05508277937464
Graubünden,881f9dac37fffff,9.28151478889104,46.5382555110671,0.851750442334525,2.46264722684649,2.89127789601932
Graubünden,881f9dac3dfffff,9.2666382488138,46.5474376362244,0.421804933118396,1.24030622440644,2.94047349147122
Graubünden,881f9dac81fffff,9.34202380861083,46.5520783465169,0.330231631367453,0.885175061702291,2.68046721641073
Graubünden,881f9dac89fffff,9.33883188533418,46.559739673806,0.321232852204503,0.841989267739576,2.62111817630517
Graubünden,881f9dac8bfffff,9.35051712579041,46.558210189627,0.317050987389413,0.889518173846192,2.80559975911274
Graubünden,881f9dac8dfffff,9.33033985607302,46.5536072280673,0.69768125972163,1.7767574672701,2.54666073154812
Graubünden,881f9dacd5fffff,9.34732564207509,46.5658713522656,0.307371673434248,0.8479865864472,2.75883127736753
Graubünden,881f9dace1fffff,9.3101671654883,46.549000983467,0.764499687132016,1.91537299212171,2.50539408237974
Graubünden,881f9dace3fffff,9.32184955413769,46.547474015547,0.735732953210989,1.86435637929933,2.53401233581104
Graubünden,881f9dace5fffff,9.30167987975185,46.5428664029436,0.801739640540013,2.08925686428034,2.60590440915846
Graubünden,881f9dace7fffff,9.31336097937392,46.5413400367423,0.773585056706839,1.99834539071804,2.58322646410081
Graubünden,881f9dacebfffff,9.31865617862652,46.5551347980309,0.72391889382734,1.78629792824216,2.4675387581032
Graubünden,881f9dacedfffff,9.29848505353942,46.5505266401676,0.795996026873569,2.01311983524991,2.52905764260763
Graubünden,881f9dad09fffff,9.19769827252488,46.5274367022112,0.7862757348111,3.96511688095341,5.04290887458967
Graubünden,881f9dad0bfffff,9.20937251977158,46.5259205975042,0.78688395607854,3.83570128048139,4.87454503405651
Graubünden,881f9dad0dfffff,9.18922737602756,46.5212947042704,0.753350020714009,4.06316461579454,5.39346187572088
Graubünden,881f9dad43fffff,9.19449564099458,46.5350933326658,0.830289694291618,3.9505217603022,4.7580040887689
Graubünden,881f9dad47fffff,9.18602431096377,46.5289514976556,0.798543171932661,4.09628105523638,5.12969266936742
Graubünden,881f9dad53fffff,9.22632208427155,46.5382011102963,0.854525670596422,3.44740059339738,4.03428558324203
Graubünden,881f9dad55fffff,9.20617089700736,46.5335779386312,0.821339304818782,3.811465840521,4.64054967071368
Graubünden,881f9dad57fffff,9.21784643806289,46.5320612350723,0.822295062291325,3.66539389946783,4.45751661119576
Graubünden,881f9dad6bfffff,9.1775547091432,46.52280890145,0.883688629176899,4.81016529353514,5.44328073793991
Graubünden,881f9dadc9fffff,9.26135428498698,46.5336413422793,0.865726270606188,2.91321890996651,3.36505776580704
Graubünden,881f9dadd9fffff,9.29319432126232,46.5367310569581,0.831351496802747,2.30032670012865,2.76697246468595
Graubünden,881f9db411fffff,9.2619149914343,46.822816447197,1.57902603084282,2.69819065114776,1.70876894898786
Graubünden,881f9db413fffff,9.2736366301754,46.8213078837176,1.48380836091254,2.60871730942499,1.75812279951073
Graubünden,881f9db417fffff,9.26512404382917,46.8151836834223,1.5186064782327,2.47451341969106,1.62946323169305
Graubünden,881f9db41bfffff,9.27042801745787,46.8289404789108,1.53947136623283,2.82904173538129,1.83767090277497
Graubünden,881f9db427fffff,9.21937596299975,46.7921846848333,2.01807042730517,3.09904758695557,1.53564887777176
Graubünden,881f9db431fffff,9.2481040907833,46.8029329610933,1.63854610374354,2.4323155798243,1.48443524064856
Graubünden,881f9db433fffff,9.25982211049652,46.8014248968062,1.50784347814721,2.22002019568033,1.47231475140127
Graubünden,881f9db435fffff,9.23959672376751,46.7968064400522,1.72508116949968,2.51941434157749,1.46046133139821
Graubünden,881f9db437fffff,9.2513134427961,46.7952989807144,1.57306574208138,2.23625420243232,1.42158979285472
Graubünden,881f9db43bfffff,9.25661319741777,46.8090587090488,1.56964961718351,2.41574588180698,1.53903511672985
Graubünden,881f9db481fffff,9.3120082094716,46.8091386775459,0.428193675094351,0.924498598358086,2.15906645083998
Graubünden,881f9db483fffff,9.32372994934275,46.8076241318692,0.423534001266036,1.02925887635892,2.43016823509386
Graubünden,881f9db485fffff,9.30349216607847,46.8030161271511,0.393651766325503,0.751621559776685,1.90935650255709
Graubünden,881f9db487fffff,9.31521260833687,46.801502188123,0.41630200714462,0.89189942791688,2.14243364819291
Graubünden,881f9db48dfffff,9.30028674801353,46.8106519054295,0.405832882213383,0.788468813264677,1.94284112456444
Graubünden,881f9db491fffff,9.34397234316393,46.8122288290916,0.3778600591458,1.15603485092728,3.05942589841499
Graubünden,881f9db493fffff,9.35569593301846,46.8107110400038,0.424537467794222,1.41808666177787,3.34030979443546
Graubünden,881f9db495fffff,9.33545196665572,46.80610826829,0.420619531147843,1.15132417021144,2.73721043592424
Graubünden,881f9db497fffff,9.34717426043898,46.8045910866989,0.461584560411145,1.40605045946992,3.04613841116677
Graubünden,881f9db49bfffff,9.35249445837089,46.8183486133623,0.432180019490241,1.45188890071644,3.35945401277217
Graubünden,881f9db49dfffff,9.33224902912508,46.8137452999066,0.37974169942243,1.0434899607865,2.7478940616045
Graubünden,881f9db4a1fffff,9.29818314203035,46.7892559754883,0.361087426862346,0.615498012158997,1.70456783141784
Graubünden,881f9db4a9fffff,9.29497786153802,46.7968928018695,0.421780675299847,0.720730958948947,1.7087813670851
Graubünden,881f9db4abfffff,9.30669700595147,46.795379469164,0.362874979579343,0.689048986277925,1.89886055819195
Graubünden,881f9db4adfffff,9.28646529569365,46.7907687021973,0.424434953841017,0.660780609282362,1.55684776501672
Graubünden,881f9db4b9fffff,9.32693332869088,46.7999869314536,0.412156934530394,0.999692285027516,2.42551368489421
Graubünden,881f9db4cbfffff,9.30239154298176,46.8320428661602,1.6209138997151,3.72020063244359,2.29512538148847
Graubünden,881f9db4cdfffff,9.28215095661418,46.8274313094385,1.46221066657437,2.81361988636431,1.9242233357222
Graubünden,881f9db4d1fffff,9.32584141946707,46.8290167234498,1.35822307561535,3.78052709724817,2.78343606814027
Graubünden,881f9db4d3fffff,9.33756677432936,46.8275016744484,1.34332700011224,4.13267436566903,3.07644703435853
Graubünden,881f9db4d9fffff,9.3226367470666,46.8366511149919,1.38063647012365,3.8644552239633,2.79903892703718
Graubünden,881f9db4dbfffff,9.33436312249669,46.8351367770278,1.3605914363431,4.1827493557225,3.07421408366688
Graubünden,881f9db4ddfffff,9.31411634202716,46.8305304539838,1.37744805866347,3.4670512597312,2.51701052386343
Graubünden,881f9db4e3fffff,9.29177200288662,46.8045287486476,0.40502190236327,0.703549169735842,1.73706450350139
Graubünden,881f9db4e7fffff,9.28325899684409,46.7984048173049,0.438889710339995,0.692926038082334,1.5788158659394
Graubünden,881f9db4edfffff,9.26833251758567,46.807550039486,1.46061980509489,2.27681826772239,1.55880281766717
Graubünden,881f9db511fffff,9.20237252945035,46.7799265740485,0.695787312743171,1.09280904534157,1.57060789314068
Graubünden,881f9db513fffff,9.21408505884723,46.7784222433788,0.67908481398832,1.01270462257914,1.49127855861103
Graubünden,881f9db515fffff,9.19387342157275,46.7737963622478,2.76022192977113,4.354619304924,1.57763376124074
Graubünden,881f9db517fffff,9.20558464871979,46.7722926349592,0.719000421021613,1.08276580379698,1.50593208590684
Graubünden,881f9db533fffff,9.20029795489125,46.7585272703099,0.673812236318585,0.967591686152748,1.43599601491247
Graubünden,881f9db53bfffff,9.19708597741659,46.7661622559363,0.704912593769694,1.06428932075289,1.50981743007504
Graubünden,881f9db5adfffff,9.22692600506844,46.7478783632468,0.564253644603887,0.703017889299822,1.24592529622622
Graubünden,881f9db5c1fffff,9.23430132492921,46.7830448302803,0.577837958774846,0.809011062558223,1.40006562440709
Graubünden,881f9db5c3fffff,9.24601572648346,46.7815372637095,0.523763050425752,0.707686194061776,1.35115715682219
Graubünden,881f9db5c5fffff,9.22579787444594,46.7769165969307,0.612980768480271,0.865219357158517,1.41149510987695
Graubünden,881f9db5c7fffff,9.23751097527804,46.7754096345923,0.553439874660626,0.745979657908651,1.34789647812437
Graubünden,881f9db5c9fffff,9.23109109621206,46.7906791464218,1.82698762318343,2.66683767785786,1.45969115719078
Graubünden,881f9db5cbfffff,9.24280651432642,46.789172291707,1.65550701860358,2.31825970512797,1.40033215146586
Graubünden,881f9db5cdfffff,9.22258720795827,46.7845510806985,1.94004126655226,2.85783486842175,1.47307942242927
Graubünden,881f9db5d1fffff,9.26623820138415,46.7861546329224,0.460511956170384,0.638258964636848,1.38597696777432
Graubünden,881f9db5d5fffff,9.25773041165196,46.7800283808751,0.479285755842238,0.641597221699214,1.33865280551005
Graubünden,881f9db5d9fffff,9.26303044510655,46.7937902046999,0.478097356250578,0.678965935192497,1.4201415806128
Graubünden,881f9db5dbfffff,9.27474772972903,46.7922801118978,0.447050391591086,0.654484783564693,1.46400673363764
Graubünden,881f9db5ddfffff,9.25452221637358,46.7876641205776,0.498275156723042,0.683724136290393,1.372181869927
Graubünden,881f9db5e5fffff,9.21200715218525,46.7570221187102,0.60893344364117,0.83054161629167,1.36392839802881
Graubünden,881f9db5e7fffff,9.22371663569248,46.7555156518958,0.591038763464725,0.768164817593357,1.2996860190528
Graubünden,881f9db5e9fffff,9.21729616271792,46.7707875921547,0.649883962563784,0.926660274430778,1.42588573931739
Graubünden,881f9db5ebfffff,9.22900796259895,46.7692812337223,0.585927970071276,0.793087045405185,1.35355723897036
Graubünden,881f9db5edfffff,9.20879618958609,46.7646578164489,0.638988843448676,0.917437513038104,1.43576452459892
Graubünden,881f9db6a1fffff,9.27573403246959,46.8426952817581,1.56324113636456,3.24021044957743,2.07275152515036
Graubünden,881f9db6a3fffff,9.2874592911058,46.8411862176098,1.49343729069302,3.26866332495188,2.18868468419928
Graubünden,881f9db6a7fffff,9.2789427839625,46.8350637358804,1.51224362097185,3.02424889449726,1.99984238819518
Graubünden,881f9db6b5fffff,9.29918483039882,46.8396758351729,1.66235326393883,3.90233189933478,2.34747450135146
Graubünden,881f9db6b7fffff,9.31091064937652,46.838164134337,1.40619945288344,3.58884175734848,2.55215698597342
Vaud,881f822197fffff,6.90692545393412,46.8933317187578,0.54425352998028,2.08062606059824,3.82289860512918
Vaud,881f8221bbfffff,6.89871130323823,46.8870812573519,0.612847893005002,2.17586832307526,3.55042147963703
Vaud,881f822511fffff,7.04246014379976,46.9357273475151,1.08108174079691,2.46786869907091,2.28277715360518
Vaud,881f822513fffff,7.05408807013774,46.9344590352986,1.08001671129044,1.97731569957198,1.83081954093971
Vaud,881f822515fffff,7.03422336052643,46.9294857930204,1.01682055664585,2.51513453884782,2.47352841404426
Vaud,881f822517fffff,7.04584987499734,46.9282180313518,1.02709999880701,2.0306100587945,1.97703248092015
Vaud,881f82251bfffff,7.05069869594145,46.9419681965201,1.13289117957879,2.38913102473066,2.10887953564873
Vaud,881f822521fffff,6.99790180796776,46.9120217272266,0.799562954292075,2.44105803905336,3.05299041926554
Vaud,881f822523fffff,7.00952362162303,46.910756901593,0.829676135976555,2.25013548909497,2.71206485461522
Vaud,881f822525fffff,6.98967351087782,46.9057768068631,0.760153981316138,2.12265128487682,2.79239645788824
Vaud,881f822527fffff,7.00129391152855,46.9045125301343,0.788008925649572,2.0129097888205,2.55442511283894
Vaud,881f82252bfffff,7.0061318731485,46.9182659444374,0.851539863501591,2.71138670634742,3.18409838759399
Vaud,881f822531fffff,7.02937878997808,46.9157339079703,0.902573437484311,2.03789786692773,2.25787485238635
Vaud,881f822539fffff,7.02598834589223,46.9232435335356,0.948410088617953,2.504588393267,2.64082850164189
Vaud,881f82253bfffff,7.03761344835381,46.9219763220759,0.965106243056523,2.0580203324538,2.13242878414711
Vaud,881f82253dfffff,7.01775509966764,46.9170005695599,0.88410433472971,2.41751486849788,2.73442259418055
Vaud,881f8225a1fffff,7.07926422265644,46.9031409271247,0.831462842293181,0.688302298405865,0.82782087592456
Vaud,881f8225a5fffff,7.07102604653539,46.8968998551259,0.790426799898839,0.679300581946961,0.859409855579163
Vaud,881f8225abfffff,7.08750416587398,46.9093812935993,0.874792363156591,0.70415062573212,0.804934582637725
Vaud,881f822805fffff,6.74912391480213,46.8032381117693,0.702345278178389,0.419720287033355,0.597598218531414
Vaud,881f822807fffff,6.76071502358293,46.8019938989769,0.683506654663831,0.426602571931152,0.62413813972443
Vaud,881f822821fffff,6.7443471431525,46.7894692592316,0.590481411288457,0.442753599995383,0.749818015488879
Vaud,881f822823fffff,6.7559358952262,46.7882248473731,0.570503565906219,0.435581034394523,0.763502737625527
Vaud,881f822825fffff,6.73616584925206,46.7832059036866,0.588377482474287,0.508589653981272,0.864393470400182
Vaud,881f822827fffff,6.74775318153425,46.7819620315922,0.564701999594178,0.489345605556647,0.866555468031483
Vaud,881f822829fffff,6.74094051249313,46.7969755971341,0.705075573369549,0.46600450104619,0.660928443201002
Vaud,881f82282bfffff,6.75253020118388,46.795731924495,0.683810579223652,0.457519080602293,0.669072831721507
Vaud,881f822831fffff,6.77571102678082,46.7932407410795,0.507771147804203,0.383771614139188,0.755796416946421
Vaud,881f822835fffff,6.76752512998487,46.7869791563121,0.551407542877121,0.439957171566818,0.797880219902724
Vaud,881f822839fffff,6.77230661484964,46.8007484065723,0.663731752535743,0.448761628629255,0.676118969621072
Vaud,881f82283dfffff,6.76412037291922,46.7944869725332,0.662894231604132,0.464421762285664,0.700597078906259
Vaud,881f822861fffff,6.72594314837235,46.8057226991942,0.745778340273009,0.455960227442834,0.611388401647491
Vaud,881f822863fffff,6.73753328942581,46.8044810451186,0.721773541608242,0.429133045802421,0.594553583726877
Vaud,881f822865fffff,6.71776258791801,46.7994591051208,0.763487085713983,0.532997424529433,0.69810928632931
Vaud,881f822867fffff,6.72935130776522,46.7982179906195,0.729899213790529,0.491009990735842,0.672709302132165
Vaud,881f8228b5fffff,6.84866321131441,46.7782234870669,0.455649818217884,0.656332064230811,1.44043087035089
Vaud,881f8228b7fffff,6.86025627447734,46.7769675563307,0.468434207755996,0.764590766568727,1.63222658360381
Vaud,881f822901fffff,6.70004996366643,46.7656526773271,0.657327840929847,0.768477720794436,1.1690935222025
Vaud,881f822903fffff,6.71163254996662,46.7644117003645,0.546916857352596,0.689825983145537,1.26129954465969
Vaud,881f822905fffff,6.69187714478261,46.7593860275408,0.676034560807029,0.798039536404155,1.18047150644411
Vaud,881f822909fffff,6.69664102501618,46.7731588765959,0.642827135126669,0.667682495715837,1.03866569911407
Vaud,881f82290bfffff,6.70822454586052,46.771918639172,0.640136717029057,0.706247976409468,1.10327678075902
Vaud,881f82290dfffff,6.68846786411372,46.7668923765841,0.731086920832761,0.769076659457444,1.0519633678871
Vaud,881f822919fffff,6.7279863192457,46.7769418583603,0.588193376217039,0.589554221553173,1.0023136019397
Vaud,881f82291dfffff,6.7198085528963,46.7706771237528,0.591441235388512,0.676477014867068,1.14377722483739
Vaud,881f822929fffff,6.68370608897108,46.7531186903135,0.692835612847687,0.790019281630477,1.1402694477314
Vaud,881f822949fffff,6.67823646859469,46.7894060863918,1.01251680537211,0.828175745104906,0.817937777141923
Vaud,881f82294bfffff,6.68982137090249,46.7881686063201,0.905008329049825,0.778073080764059,0.859741347995066
Vaud,881f82294dfffff,6.67006404654581,46.7831393482863,1.08251840208527,0.856518159835275,0.7912273437434
Vaud,881f822953fffff,6.72457900113059,46.784448497037,0.617929730038327,0.539115862243342,0.872454967023359
Vaud,881f822957fffff,6.71640089160268,46.7781839125754,0.626742351763515,0.624464615146858,0.996365752832487
Vaud,881f822959fffff,6.70958379221941,46.793194821284,0.788325191243891,0.625599709097502,0.79358076596585
Vaud,881f822963fffff,6.68029646664914,46.7606251889704,0.756342331839547,0.769715602543549,1.01768150497603
Vaud,881f822965fffff,6.66054806457021,46.7555946612407,0.784654765974042,0.614118766560044,0.782661105483376
Vaud,881f82296dfffff,6.65713657595274,46.7630996802631,0.939314184408256,0.67085911222337,0.714200981268045
Vaud,881f822993fffff,6.82408634353868,46.7594459472799,0.411931763034714,0.432692965258421,1.05039961490408
Vaud,881f82299bfffff,6.82068711317213,46.7669593860874,0.424539077531611,0.45986422490911,1.08320823511204
Vaud,881f822a01fffff,6.73345089148457,46.86201725684,0.778027303370754,0.292620022129605,0.376105081225102
Vaud,881f822a03fffff,6.7450499844695,46.8607776793539,0.755373901240362,0.297782273949824,0.394218377760802
Vaud,881f822a05fffff,6.72526331366449,46.8557564917657,0.781306301919705,0.300431340225871,0.38452440417759
Vaud,881f822a07fffff,6.73686098368607,46.8545174551222,0.599348725826921,0.231112632930326,0.38560628056973
Vaud,881f822a09fffff,6.73004020583699,46.869516167156,1.41683328461159,0.528798800190979,0.373225845224227
Vaud,881f822a0bfffff,6.74164023684595,46.8682773293492,0.613666540556723,0.237718437258598,0.387373958897838
Vaud,881f822a0dfffff,6.72185228386852,46.8632555537542,0.640562461357846,0.242322681271712,0.378296724972055
Vaud,881f822a1dfffff,6.75324075266441,46.8670372106807,0.595401174147296,0.251799396219017,0.422907120698296
Vaud,881f822a21fffff,6.72048828340321,46.8419949299439,0.769438807372711,0.329381658458305,0.428080381834386
Vaud,881f822a25fffff,6.71230458342812,46.835732629997,0.786911406512663,0.376704321770463,0.478712493748051
Vaud,881f822a29fffff,6.7170775031478,46.8494950346261,0.789083380251803,0.325743092991611,0.412812005858828
Vaud,881f822a2bfffff,6.72867375007655,46.8482565384856,0.760948270004181,0.302004569200419,0.396879237531823
Vaud,881f822a2dfffff,6.70889345969643,46.8432328859212,0.805821466834022,0.371305732567522,0.460779152516672
Vaud,881f822a61fffff,6.70206943232461,46.8582307243767,0.956059906447157,0.417368282167021,0.436550345174515
Vaud,881f822a63fffff,6.71366612957077,46.856994248127,0.647284123822645,0.260722208290534,0.402794072486739
Vaud,881f822a65fffff,6.69388646966878,46.8519681871012,0.98976227621608,0.488950751720625,0.49400827195588
Vaud,881f822a67fffff,6.70548174270546,46.8507322507744,0.664679694236116,0.297087300843643,0.446963106320062
Vaud,881f822a6bfffff,6.71025416254147,46.8644925702667,0.935604541431036,0.371775694168568,0.397364140195307
Vaud,881f822b01fffff,6.67617495177594,46.8181773854471,1.03178705441459,0.755299789868733,0.732030690477377
Vaud,881f822b09fffff,6.67276186479701,46.8256773541081,0.842640609999214,0.607370024281075,0.720793677724174
Vaud,881f822b0bfffff,6.68435192935062,46.8244422954139,0.94733442530849,0.640813259844793,0.676438270081992
Vaud,881f822b0dfffff,6.66458631151352,46.8194119056273,1.16956299405694,0.877589405454992,0.750356680156955
Vaud,881f822b27fffff,6.66665205503186,46.7906422885695,1.14074849643549,0.865104249894357,0.758365452680904
Vaud,881f822b31fffff,6.69458660653627,46.8019374978505,0.880552400950293,0.665174136128461,0.755405510689205
Vaud,881f822b33fffff,6.70617435386922,46.8006989408078,0.811724677305701,0.591627507881799,0.728852435342418
Vaud,881f822b35fffff,6.68641065517861,46.7956721364132,0.942549985242056,0.75901328952324,0.805276432451821
Vaud,881f822b37fffff,6.69799698006279,46.7944341180258,0.85366535169283,0.689268190914818,0.807422006232291
Vaud,881f822b41fffff,6.65775767503304,46.8344094717766,1.27306723047957,0.933092754102766,0.73294852916076
Vaud,881f822b43fffff,6.66934818467846,46.83317643196,1.11404562918844,0.787367166353284,0.706763839580666
Vaud,881f822b45fffff,6.64958320550754,46.8281436356846,1.38741666568607,1.03294527777623,0.744509780892281
Vaud,881f822b47fffff,6.66117228987688,46.8269111341412,1.22051369188961,0.908807018761688,0.744610261073488
Vaud,881f822b4bfffff,6.66593391128996,46.8406746188227,1.16814180867456,0.803346796627045,0.687713418577636
Vaud,881f822b51fffff,6.68911827031822,46.8382061828926,0.91148864099021,0.532299831790542,0.583989539586878
Vaud,881f822b53fffff,6.70071118307213,46.8369700461509,0.835773161806806,0.439728790503612,0.526134136148844
Vaud,881f822b55fffff,6.68093918431885,46.8319421133632,0.977847637307475,0.645385745566591,0.660006447777156
Vaud,881f822b57fffff,6.69253067303641,46.8307065158152,0.8821692319178,0.531234037859523,0.602190621299092
Vaud,881f822b59fffff,6.68570527433516,46.8457049589399,0.95946951660986,0.542560279493867,0.565479434313788
Vaud,881f822b5bfffff,6.69729912303418,46.8444695621963,0.688464916425855,0.350571872332555,0.50920804236843
Vaud,881f822b5dfffff,6.67752584608479,46.8394410403928,1.02628761390781,0.658330018248923,0.641467371648568
Vaud,881f822b61fffff,6.64482579912944,46.8143784723461,1.43460671556214,1.02093301452186,0.711646616070534
Vaud,881f822b63fffff,6.65641252422906,46.8131457684208,1.28199469060298,0.950722717128759,0.741596454414014
Vaud,881f822b65fffff,6.63665520270399,46.8081111093699,1.51034865171232,0.989315755718691,0.655024755110074
Vaud,881f822b67fffff,6.64824050270403,46.8068789429887,1.38546183583221,0.968688332003023,0.699180812455333
Vaud,881f822b69fffff,6.64141050247353,46.8218771110466,1.28575710300816,0.928213556233655,0.721919835451037
Vaud,881f822b6bfffff,6.65299816144044,46.8206451474366,1.32802521568639,0.990047484306707,0.745503528556876
Vaud,881f822b6dfffff,6.63323956569098,46.8156098983626,1.35014925524621,0.910443002445851,0.674327670743208
Vaud,881f822c01fffff,6.97713235262849,46.8357169495881,1.20911264986025,0.605870999625061,0.501087305384727
Vaud,881f822c05fffff,6.96891501061445,46.8294676028976,1.72822981213607,0.894400393955058,0.517523993437881
Vaud,881f822c07fffff,6.98052267226482,46.8282016414319,1.6271836094673,0.763729529450739,0.469356700133407
Vaud,881f822c09fffff,6.97374144102078,46.8432313678246,1.11202716374427,0.624753694799993,0.561815138306878
Vaud,881f822c0bfffff,6.9853514593613,46.8419655965898,1.06505923913949,0.561352828306929,0.527062540446548
Vaud,881f822c0dfffff,6.9655237458441,46.8369821738692,1.26013118526676,0.708581682007935,0.562307869444509
Vaud,881f822c25fffff,6.95587699801605,46.8094510469025,1.66896423293657,1.17834186768806,0.706031827665203
Vaud,881f822c2dfffff,6.95248561982101,46.81696681245,1.7831013731882,1.26195594036687,0.70773090040892
Vaud,881f822c41fffff,6.95873944004255,46.8520086456584,1.10025534445877,0.849794063363768,0.772360768473973
Vaud,881f822c45fffff,6.95052280431577,46.8457590578305,1.22697857002423,0.976839293892863,0.796133948674894
Vaud,881f822c49fffff,6.95534639874879,46.8595205461136,0.969943555732786,0.935086690061213,0.964062995763461
Vaud,881f822c4bfffff,6.9669578413659,46.8582575338141,0.988941150357282,0.800994232887045,0.80995136323093
Vaud,881f822c4dfffff,6.94712941040763,46.8532711111892,1.06838196073905,1.03631879664016,0.969989043921414
Vaud,881f822c61fffff,6.94570108792139,46.8319956745953,1.76137703638639,1.38746030206632,0.787713404571695
Vaud,881f822c63fffff,6.95730781552513,46.8307322805638,1.78317917932041,1.09739077296192,0.615412509123252
Vaud,881f822c65fffff,6.93748833463005,46.8257445364509,1.84828493480391,1.79456343935806,0.97093440819959
Vaud,881f822c67fffff,6.94909364983315,46.8244816884081,1.53312240376111,1.12122518235485,0.731334418963694
Vaud,881f822c69fffff,6.94230793395451,46.8395087708302,1.29122045347741,1.14723467312817,0.888488615587315
Vaud,881f822c6bfffff,6.95391560597786,46.8382461142283,1.39223039520697,0.950412043560633,0.682654283969531
Vaud,881f822c6dfffff,6.93409482872751,46.8332577851573,1.37122269674657,1.45031098287686,1.05767720029572
Vaud,881f822d01fffff,6.91964800471081,46.7919568572875,1.20764525435809,2.30879224025695,1.91181328450976
Vaud,881f822d03fffff,6.93124719669012,46.790694170125,1.40554644267704,2.17712247518263,1.54895093401256
Vaud,881f822d07fffff,6.92304078915367,46.7844404841442,1.15154694802234,2.17273355843272,1.88679546427887
Vaud,881f822d0bfffff,6.92785476325645,46.7982103916115,1.45228849087829,2.25858366495056,1.5551893987569
Vaud,881f822d11fffff,6.95105643959813,46.7956826450183,1.69057931886409,1.55651767950339,0.920700769336998
Vaud,881f822d15fffff,6.94284685770565,46.7894302007231,1.54303229739462,1.84701596176147,1.19700408402346
Vaud,881f822d17fffff,6.95444698683496,46.7881649489171,1.59753685034471,1.47772994333443,0.925005231031492
Vaud,881f822d19fffff,6.94766530089025,46.8031994520042,1.73078323859353,1.57875097648723,0.912159848376023
Vaud,881f822d1dfffff,6.93945536719192,46.7969471595784,1.61774334934973,1.94261958192185,1.20082062627716
Vaud,881f822d21fffff,6.90663326205148,46.7719310246009,0.735381610519112,1.58686680917845,2.1578820934321
Vaud,881f822d23fffff,6.91822868807238,46.7706686886422,0.861514742589785,1.71678105466445,1.99274715776037
Vaud,881f822d25fffff,6.89843214202247,46.7656752520386,0.594611999878063,1.19225960063709,2.00510517931287
Vaud,881f822d27fffff,6.91002615610547,46.7644134598839,0.685155732369941,1.35896885786108,1.98344521348516
Vaud,881f822d2bfffff,6.9148361443513,46.7781861021361,0.920232123584165,1.94626427352986,2.11497102051758
Vaud,881f822d35fffff,6.92982458390213,46.7694050711421,0.957701240629589,1.62286325474256,1.69454020303419
Vaud,881f822d39fffff,6.93463903864119,46.783177059562,1.26983983362877,1.92799704107087,1.51829938706624
Vaud,881f822d3dfffff,6.92643298217383,46.776923222035,1.0816540548413,1.9635881846732,1.81535693032769
Vaud,881f822d43fffff,6.91286066103333,46.8069869359485,1.22354973651807,2.33371170449702,1.90732884397343
Vaud,881f822d4bfffff,6.90946610153688,46.8145006411026,1.17910104482152,2.25895565086025,1.91582872458754
Vaud,881f822d51fffff,6.9326706114064,46.8119784095461,1.60679309075539,1.93862097840644,1.20651563014567
Vaud,881f822d53fffff,6.94427357058033,46.8107153696928,1.72237444835774,1.5668577271453,0.90970794918566
Vaud,881f822d57fffff,6.93606328513583,46.8044632292466,1.6418669780941,1.9685410629439,1.19896501312732
Vaud,881f822d59fffff,6.9292773458726,46.819492700295,1.51613304514815,1.87677348838428,1.23786859892688
Vaud,881f822d5bfffff,6.94088124853729,46.8182303979022,2.0017779967197,1.85240615487787,0.925380415767081
Vaud,881f822d5dfffff,6.92106812141757,46.8132401666275,1.4056176064945,2.20564229620346,1.56916239951216
Vaud,881f822e21fffff,6.94034084532803,46.868292546452,0.816409487898824,1.27575774674944,1.56264443965837
Vaud,881f822e23fffff,6.95195276501796,46.8670315560344,0.859103554004695,1.06247178813586,1.23672144432784
Vaud,881f822e25fffff,6.93212491841127,46.8620427180088,0.837715748263313,1.33137212599547,1.58928864445436
Vaud,881f822e27fffff,6.94373542412215,46.8607822741233,0.929587709948516,1.13488407128607,1.22084668196498
Vaud,881f822e29fffff,6.93694567389396,46.8758019279945,0.698136639847551,1.395970411083,1.99956617573866
Vaud,881f822e2bfffff,6.94855853871866,46.8745416752401,0.770581895902673,1.2352384378817,1.60299436627008
Vaud,881f822e2dfffff,6.92872939491183,46.8695522526231,0.731396014013477,1.45663162021174,1.99157719252337
Vaud,881f822e31fffff,6.97178567356051,46.8720173159628,0.828071145557471,0.953849908109923,1.15189366665805
Vaud,881f822e33fffff,6.98339994172559,46.8707532091094,0.838147854591421,0.883761624508994,1.05442210424772
Vaud,881f822e35fffff,6.96356515305608,46.8657692812047,0.888501356773827,0.911109783412611,1.02544557356769
Vaud,881f822e37fffff,6.97517800851669,46.8645057217977,0.901243772473757,0.815884459448827,0.90528720904153
Vaud,881f822e39fffff,6.96839274604797,46.8795280193744,0.769241559967101,1.14099396161113,1.4832713428275
Vaud,881f822e3bfffff,6.98000796049294,46.8782646498882,0.788895546410562,1.05662828289699,1.339376661086
Vaud,881f822e45fffff,6.92675660243814,46.8983247261001,0.783049188324073,2.87929719890216,3.67703235229014
Vaud,881f822e61fffff,6.92193656964762,46.8845686490999,0.59927537423262,1.80434579088899,3.01087925262987
Vaud,881f822e67fffff,6.92533327870106,46.8770608963803,0.654929425859482,1.62049357074143,2.47430258399951
Vaud,881f822e69fffff,6.91853926762012,46.8920755106015,0.561078564646394,1.99244724765672,3.55110206163803
Vaud,881f822e6dfffff,6.91032370052237,46.885825595305,0.575192280858258,1.95178615490105,3.3932759876206
Vaud,881f822e81fffff,7.03470317172733,46.8794427571454,0.73560530357444,0.785486579561614,1.06780983734727
Vaud,881f822e83fffff,7.04632211847162,46.8781724109793,0.684237232445115,0.627337153852347,0.916841592513993
Vaud,881f822e87fffff,7.03809100845599,46.8719285218792,0.673011239976528,0.596624870153562,0.886500603131636
Vaud,881f822e89fffff,7.03131474261318,46.8869561017248,0.748258062431402,0.970760753186969,1.2973608998379
Vaud,881f822e8bfffff,7.04293463792511,46.8856864923311,0.736250205189008,0.806623281924749,1.09558309965791
Vaud,881f822e8dfffff,7.02308468698864,46.8807118172147,0.752486668758241,0.917686843239083,1.2195390049281
Vaud,881f822e99fffff,7.06278963728297,46.8906580781023,0.755883894932635,0.674572833666095,0.89242916562763
Vaud,881f822e9dfffff,7.05455499467113,46.8844155965535,0.691300833151814,0.633154494648167,0.915888516670025
Vaud,881f822ec7fffff,7.01969530966368,46.8882244248985,0.695821113503346,1.04433131427115,1.50086177898959
Vaud,881f822ecdfffff,7.00468542216364,46.8970024416707,0.776655886618284,1.62221846699805,2.08872229638472
Vaud,881f822ed1fffff,7.04778015418076,46.8994425602008,0.793257082641295,1.02108128891632,1.28720097337983
Vaud,881f822ed3fffff,7.05940287021317,46.8981718511421,0.78798061128656,0.822169120135081,1.04338750009686
Vaud,881f822ed5fffff,7.03954656493423,46.8931996828868,0.762690922288879,1.00462024252835,1.31720492950595
Vaud,881f822ed7fffff,7.0511678706775,46.8919295238298,0.754959524488672,0.817296010627464,1.08256930883945
Vaud,881f822ee1fffff,7.0032397873116,46.8757340552936,0.791661471877783,0.931111458550687,1.1761485074449
Vaud,881f822eebfffff,7.01146666518345,46.881979591351,0.767568161564486,1.04083790697308,1.35602016744885
Vaud,881f822f11fffff,6.92730604041199,46.8482816123181,1.12756019754685,1.57785742169895,1.39935537378118
Vaud,881f822f13fffff,6.93891418780134,46.8470209769314,1.21938172395426,1.27609911962805,1.04651324073471
Vaud,881f822f15fffff,6.91909399713426,46.8420302334235,1.12564531795199,1.78057067210844,1.58182212790441
Vaud,881f822f17fffff,6.93070073069854,46.8407701438401,1.25210456283378,1.498552994259,1.1968273567085
Vaud,881f822f1bfffff,6.9355198493307,46.8545322927179,1.05171839239273,1.34193335656013,1.27594360454906
Vaud,881f822f31fffff,6.91427911207677,46.8282663831562,1.25394442374206,2.10968884264351,1.68244206258177
Vaud,881f822f33fffff,6.92588348840336,46.8270061013118,1.67880804592232,2.19025447238291,1.30464854377059
Vaud,881f822f37fffff,6.91767391275041,46.8207537197936,1.58788337518598,2.55373489185378,1.60826351088579
Vaud,881f822f39fffff,6.91088371926553,46.8357781565342,1.12219548970023,2.01864575996167,1.79883610163227
Vaud,881f822f3bfffff,6.9224890388676,46.8345186124151,1.28553970458802,1.82116896087119,1.41665710858369
Vaud,881f822f53fffff,6.92051488254124,46.8633018779356,0.781274005259848,1.58239804117905,2.02540725856193
Vaud,881f8238a5fffff,6.68841425428961,46.8882157026833,0.97133269643672,0.40916447284612,0.421240296293038
Vaud,881f8238adfffff,6.68499897499957,46.8957097173374,1.02926138443403,0.438833532886719,0.426357715856623
Vaud,881f82398bfffff,6.66045025231375,46.8769223054514,1.18069340776469,0.638443664652253,0.540736198282811
Vaud,881f82399dfffff,6.67204735514356,46.8756911492311,1.05891622645213,0.527640988401521,0.498283976787633
Vaud,881f8239a1fffff,6.63933477753986,46.8506337540215,1.23970906098836,0.87821068228628,0.708400631988705
Vaud,881f8239a3fffff,6.65092666520236,46.849403473692,1.10822534004143,0.769810501264113,0.694633549197976
Vaud,881f8239a5fffff,6.63116105271516,46.8443676814047,1.30928325474785,0.942869206031734,0.720141499261226
Vaud,881f8239abfffff,6.64751026995474,46.8568991376125,1.16211196504075,0.78112633170729,0.672160992404804
Vaud,881f8239adfffff,6.62774338243113,46.8518627556769,1.34745761535052,0.956919206216541,0.710166461130294
Vaud,881f8239bdfffff,6.65910358418127,46.8556683188612,1.0310406154669,0.660741738404219,0.640849379250699
Vaud,881f8239d1fffff,6.66521483256409,46.8906788935248,1.18364931667646,0.577383194967098,0.487799204403142
Vaud,881f8239d3fffff,6.67681429835996,46.8894479382269,1.07392091596377,0.483910201706402,0.450601338062335
Vaud,881f8239d5fffff,6.65703335212569,46.8844158831884,1.24027119951405,0.659779905345791,0.531964223312046
Vaud,881f8239d7fffff,6.66863139087797,46.8831854674317,1.12371206415832,0.550325713465885,0.489739080872187
Vaud,881f8239dbfffff,6.67339808228734,46.8969412125166,1.1316364843338,0.515413140139163,0.455458221146511
Vaud,881f8239e5fffff,6.61273328293564,46.8605839207664,1.42093928122555,0.99882787128354,0.702934942035001
Vaud,881f8239e7fffff,6.62432511841421,46.8593569383928,1.37780400050975,0.962610979672882,0.698655962180938
Vaud,881f826083fffff,6.54034341622612,46.6326795869955,0.832812313445426,0.366703301177896,0.440319259522964
Vaud,881f826085fffff,6.5206548497773,46.6276283538007,1.05563259880548,0.645367755897139,0.611356410011794
Vaud,881f826087fffff,6.53220614812775,46.6263991370369,0.906548257487375,0.430496556863345,0.47487439671058
Vaud,881f82608dfffff,6.51723847090355,46.6351378108971,0.897452647426307,0.639965807198387,0.713091447257597
Vaud,881f826091fffff,6.56003708451473,46.6377278080245,0.533126975435558,0.217490813467616,0.407953120905069
Vaud,881f826095fffff,6.5518966354599,46.6314485674573,0.719868497270511,0.283071066682435,0.39322607914604
Vaud,881f826097fffff,6.56345035119889,46.6302162759649,0.513754507481024,0.204880125796934,0.398789933350612
Vaud,881f826099fffff,6.55662322712409,46.6452384531037,0.709667666611414,0.31016089888935,0.437050909153485
Vaud,881f82609bfffff,6.5681792918427,46.6440063699824,0.506801408963314,0.223208396837877,0.44042576222205
Vaud,881f82609dfffff,6.5484824424778,46.6389593591847,0.764913528021126,0.32773136072798,0.428455438062182
Vaud,881f8260a1fffff,6.51593688542497,46.6138362058149,1.02111141044612,0.637535562387955,0.624354557069753
Vaud,881f8260a3fffff,6.52748583552429,46.6126067791075,0.901564983497111,0.437050040148601,0.484768206561564
Vaud,881f8260a5fffff,6.50780489033707,46.6075537255531,0.786518738544685,0.58642264238327,0.745592715906988
Vaud,881f8260a7fffff,6.51935241715106,46.606324829111,0.945224090821428,0.542117860998458,0.573533690330873
Vaud,881f8260a9fffff,6.51252076318183,46.6213466959207,1.10511443550016,0.776159034924929,0.702333631696383
Vaud,881f8260abfffff,6.52407063794125,46.6201180098098,0.974082516433329,0.521191878908923,0.535059268712987
Vaud,881f8260adfffff,6.50438843437647,46.6150643616121,0.813768978464917,0.66680884747302,0.819408044689636
Vaud,881f8260b3fffff,6.55872324962426,46.6164243235834,0.533399082885736,0.205413657147797,0.385103131479888
Vaud,881f8260b5fffff,6.53903528376832,46.6113760813178,0.577173447797751,0.233860403119431,0.405182192652387
Vaud,881f8260b7fffff,6.55058522925061,46.6101441122738,0.567837133465853,0.216749883295962,0.38171135792583
Vaud,881f8260b9fffff,6.54375794443734,46.6251686487815,0.777949097375645,0.310650096424615,0.39931930954425
Vaud,881f8260bbfffff,6.55531023779907,46.6239368888625,0.544634640750119,0.206263591438438,0.378719192657951
Vaud,881f8260bdfffff,6.5356210112059,46.618888052498,0.497281092396801,0.213057440982128,0.428444684987382
Vaud,881f8260c1fffff,6.51040394051079,46.6501540636747,0.969326143820057,0.944374610607496,0.974258887608016
Vaud,881f8260c5fffff,6.50226885206133,46.6438728448181,1.01154764117829,1.08811909497547,1.07569732821283
Vaud,881f8260c7fffff,6.51382150119104,46.6426463809161,0.945757982114166,0.791264991319829,0.836646379183626
Vaud,881f8260c9fffff,6.50698578873378,46.6576608589903,0.961120667946872,1.07089076053504,1.11421052137257
Vaud,881f8260cbfffff,6.51854078807855,46.6564346051177,0.894393827176286,0.785541498479647,0.878294856930867
Vaud,881f8260d1fffff,6.54165228406844,46.6539782813048,1.56742858308128,0.87332036517099,0.557167563867057
Vaud,881f8260d3fffff,6.55320877889785,46.6527482110194,0.751140242760428,0.364133299859655,0.484774053007027
Vaud,881f8260d5fffff,6.53351258754949,46.6476988024277,1.73125864614014,1.01660295310341,0.5872045493433
Vaud,881f8260d7fffff,6.54506765872367,46.6464692638615,0.816534934964116,0.395090342808318,0.48386214219442
Vaud,881f8260dbfffff,6.54979373970692,46.6602570815887,0.789709991048527,0.432867887087057,0.548135254705746
Vaud,881f8260e3fffff,6.50910405029278,46.6288562992451,0.937836772525249,0.756436973639791,0.806576363606413
Vaud,881f8260e7fffff,6.50097138783396,46.6225741110031,0.945550921873246,0.869388393948777,0.919451690900388
Vaud,881f8260ebfffff,6.50568674662892,46.6363650156052,0.986975541309587,0.921298203189273,0.933455961803097
Vaud,881f826109fffff,6.38766669185159,46.6059801397113,0.660564451607504,1.52206744866308,2.30419218739229
Vaud,881f82610dfffff,6.37955280480804,46.5996908835319,0.632705572160879,1.38545569635757,2.18973209233138
Vaud,881f826147fffff,6.37612705949792,46.6071952840775,0.641986215753978,1.49503208827775,2.32876041819981
Vaud,881f82616bfffff,6.36801460151703,46.6009055015651,0.61601024311496,1.36131124464585,2.2098841047872
Vaud,881f826241fffff,6.40555470863275,46.7112000163049,1.15491350611992,6.62802711051562,5.73898138292911
Vaud,881f826249fffff,6.40212594511552,46.7186954019415,1.11057189760865,6.82993636051242,6.14992723588547
Vaud,881f82624dfffff,6.3939982011163,46.7124116486524,0.867252773211106,5.83560128090685,6.72883553810943
Vaud,881f8262a3fffff,6.50356704573103,46.6651667666804,0.920848823822543,1.14502896032744,1.24344944653815
Vaud,881f8262abfffff,6.50014771137345,46.6726717865625,0.854760663426993,1.15491062124269,1.3511508784369
Vaud,881f8262b5fffff,6.51512297048701,46.663941253705,0.884406830505293,0.887335920240117,1.00331192572671
Vaud,881f8262bdfffff,6.51170456160565,46.6714470145538,0.844202039987895,0.940894171029372,1.11453671806202
Vaud,881f8262c5fffff,6.47832703394925,46.69640279385,1.33943273559919,2.41920607986153,1.80614226871146
Vaud,881f8262cdfffff,6.47490440750754,46.7039035193176,1.18285974731918,2.17862169508331,1.84182588005122
Vaud,881f826493fffff,6.79059698959892,46.662981224311,0.361925798386145,0.610451849235768,1.68667680490813
Vaud,881f826497fffff,6.78242296469761,46.6567147892299,0.335051042144328,0.589807835497632,1.7603521890959
Vaud,881f8264b1fffff,6.76608018808406,46.6441798594806,0.303347048694329,0.463649557924084,1.52844591671398
Vaud,881f8264b3fffff,6.77764831102908,46.6429257835529,0.318751622917227,0.449016796889319,1.40867297483821
Vaud,881f8264b7fffff,6.76947814536986,46.6366578274965,0.306449012010134,0.385772782720837,1.25884818551178
Vaud,881f82656dfffff,6.56686302730565,46.622703857108,0.506200905308369,0.207876685474444,0.410660437969405
Vaud,881f826649fffff,6.62106655609918,46.7455244979,0.776802338012941,0.389446276445544,0.501345396876311
Vaud,881f826695fffff,6.74704853887932,46.7105908098998,0.316200375114297,1.17743265627245,3.72369152265189
Vaud,881f826697fffff,6.75862555099086,46.7093421039002,0.310267936255362,1.14388175305063,3.68675463812404
Vaud,881f8266b3fffff,6.75385262226626,46.6955603483144,0.285207531897906,1.1193450844573,3.92466873861518
Vaud,881f8266bbfffff,6.75045087603317,46.7030760229895,0.297972107398796,1.17303071089274,3.93671314114914
Vaud,881f826705fffff,6.57764269437456,46.6715809768958,0.514189842128416,0.291972745586795,0.567830636984612
Vaud,881f826709fffff,6.58237715828257,46.6853654867798,0.525240731466413,0.3236353059899,0.616165667666989
Vaud,881f82670dfffff,6.57422866375323,46.679089405875,0.531700926359593,0.317661356601648,0.597443677175036
Vaud,881f826721fffff,6.57291007256473,46.6577946041282,0.507735084064147,0.254659734633634,0.501560247905698
Vaud,881f826725fffff,6.56476577040608,46.6515168682518,0.529288816011667,0.245036356093207,0.462953965170891
Vaud,881f826727fffff,6.57632325768462,46.6502842528301,0.48921994892666,0.237766337956552,0.486011125421617
Vaud,881f826729fffff,6.5694962964823,46.6653040680372,0.5293265346962,0.281979074595095,0.532712902361739
Vaud,881f82672bfffff,6.58105613384074,46.6640716602322,0.495508875140866,0.271030614510267,0.546974288670847
Vaud,881f82672dfffff,6.56135165807038,46.6590264792449,0.702133759264285,0.353036261644887,0.502804853045107
Vaud,881f826741fffff,6.56739882852779,46.6941036000509,0.694263023646621,0.458115540213856,0.659858763336698
Vaud,881f826743fffff,6.57896287322942,46.6928728802605,0.538103928498642,0.340340908784032,0.632481739603004
Vaud,881f826745fffff,6.55925142116745,46.6878271336039,0.71769074839019,0.479800376279306,0.668533595222619
Vaud,881f826747fffff,6.57081404184743,46.6865969469875,0.544358613881665,0.343002513069311,0.630103950451814
Vaud,881f826749fffff,6.56398302366493,46.7016093648829,0.689577315726476,0.47024715789562,0.681935364129851
Vaud,881f82674bfffff,6.57554799669898,46.7003793855797,0.545145783708535,0.352011156662544,0.645719305151499
Vaud,881f82674dfffff,6.55583527994229,46.6953330461313,0.709096532203495,0.500880779750575,0.706364728923583
Vaud,881f826761fffff,6.55452166018493,46.6740430386712,0.754431840481262,0.465590581887584,0.617140683763529
Vaud,881f826763fffff,6.56608192930814,46.6728126443746,0.549540796931423,0.316042628654427,0.575103123224291
Vaud,881f826765fffff,6.54637810942209,46.6677650646291,0.816238094872491,0.507377073992514,0.621604256380333
Vaud,881f826767fffff,6.5579369547064,46.6665352027789,0.733157006463233,0.407763281398501,0.556174568071798
Vaud,881f826769fffff,6.55110577437672,46.6815499867393,0.760259113147046,0.515575977974233,0.678158234552478
Vaud,881f82676bfffff,6.56266697091297,46.6803203329576,0.712263453923985,0.443529732506617,0.622704604684031
Vaud,881f826827fffff,6.34895614000426,46.4742484704774,0.377442812188509,0.822999301907929,2.18046092104913
Vaud,881f826835fffff,6.36857225694287,46.4793248861394,0.359057195361684,0.818220271488185,2.27880204618648
Vaud,881f826837fffff,6.38009231149955,46.4781039936787,0.394975273325344,0.933182318561295,2.36263478142498
Vaud,881f826881fffff,6.43897710329229,46.4933099837001,0.346208931093042,1.00755042309085,2.91023810364984
Vaud,881f826883fffff,6.45050345012372,46.4920824522238,0.333611539348337,1.09620833313232,3.28588254253319
Vaud,881f826885fffff,6.43086815611482,46.4870185656486,0.347940243425043,0.935930152372028,2.68991635793247
Vaud,881f826887fffff,6.44239308079154,46.4857915600816,0.335434049765425,1.00270750281896,2.98928359694007
Vaud,881f826891fffff,6.47014384252498,46.4971433498493,0.325157588367711,1.28518379917751,3.95249517512145
Vaud,881f826893fffff,6.48167261441382,46.4959127576066,0.320732974714296,1.30887105224359,4.08087460732566
Vaud,881f826895fffff,6.46203029945561,46.4908536538654,0.350772533162138,1.29217548010777,3.68379892364745
Vaud,881f826897fffff,6.47355765038766,46.4896235884524,0.433049768525566,1.71740520317987,3.96583794289335
Vaud,881f826899fffff,6.46672944574903,46.5046622271481,0.339024668434638,1.2972262189534,3.8263475780185
Vaud,881f82689bfffff,6.47825913795914,46.5034323753733,0.332413406889466,1.34569825286738,4.04826708242503
Vaud,881f82689dfffff,6.45861557169535,46.4983726747465,0.363887076826922,1.30883202546676,3.59680821006261
Vaud,881f8268a1fffff,6.42617759787435,46.4732077689434,0.434126217126857,1.15225065655431,2.65418353256838
Vaud,881f8268a3fffff,6.43770018201301,46.4719805481692,0.375689337886164,1.07493597246747,2.86123630368553
Vaud,881f8268a7fffff,6.42959364597869,46.4656881753602,0.676504279293237,1.87596658882893,2.77302989241812
Vaud,881f8268a9fffff,6.42276096105016,46.4807264788175,0.443233012559969,1.13321118090306,2.5566939934325
Vaud,881f8268abfffff,6.43428446345607,46.4794999988209,0.33901153456548,0.938831581626059,2.76932046819405
Vaud,881f8268adfffff,6.41465551785501,46.4744337237082,0.384964701350942,0.971114850048283,2.5226075186644
Vaud,881f8268b1fffff,6.4573329781089,46.4770432397542,0.398619278882663,1.35204353842566,3.39181672852217
Vaud,881f8268b3fffff,6.46885798855674,46.4758129603391,0.61786930575393,2.255272705262,3.65008050126409
Vaud,881f8268b5fffff,6.44922326937201,46.470752061213,0.641262510254754,2.007589248483,3.1306823904074
Vaud,881f8268b7fffff,6.46074685905208,46.4695223079023,0.622816868721184,2.11621824436184,3.39781780269862
Vaud,881f8268b9fffff,6.45391850850879,46.4845632879233,0.408437633850317,1.3704968351096,3.35546169482477
Vaud,881f8268bbfffff,6.4654444383667,46.4833337490012,0.431073882179541,1.59465854622976,3.69926968937911
Vaud,881f8268bdfffff,6.44580846944214,46.4782722525241,0.412624178699749,1.26370741853539,3.06261116960609
Vaud,881f8268e5fffff,6.39971547057532,46.4831756406017,0.365562941699367,0.853770326549762,2.33549473746135
Vaud,881f8268e7fffff,6.41123796312359,46.4819516926867,0.391602309682753,0.947578038967491,2.41974578682937
Vaud,881f826903fffff,6.31316360488834,46.4565726218615,0.366434988722626,0.653469253989362,1.78331566062325
Vaud,881f826905fffff,6.29356407279053,46.4514878844636,0.340872658632207,0.489115821374964,1.4348930868718
Vaud,881f826907fffff,6.30507546639931,46.450273397776,0.370299589114441,0.629152839981648,1.69903736994752
Vaud,881f826911fffff,6.33276825362659,46.461654388273,0.369715544984605,0.806577593672212,2.18161666344269
Vaud,881f826913fffff,6.34428352366613,46.4604363302451,0.376457019577731,0.941773578260447,2.50167623203527
Vaud,881f826915fffff,6.32467693775043,46.4553563500527,0.369997354401143,0.790206696475528,2.13570904514848
Vaud,881f826917fffff,6.33619078226307,46.454138814444,0.357919624571354,0.902534108026922,2.52161112738035
Vaud,881f826919fffff,6.3293451360887,46.4691690783176,0.337088779579472,0.646599513409642,1.91818758908645
Vaud,881f82691bfffff,6.34086132096263,46.4679517619151,0.372319859950672,0.817473320638733,2.19562104677156
Vaud,881f82691dfffff,6.32125349470271,46.4628711822092,0.335623196547754,0.624122047010743,1.85959151045133
Vaud,881f826921fffff,6.28890444241164,46.4376729603972,0.353370974902391,0.553654450004612,1.56677964328435
Vaud,881f826923fffff,6.30041349642159,46.4364582529366,0.385057241818631,0.725831327805146,1.88499591483342
Vaud,881f826925fffff,6.28082155641972,46.4313717481068,0.36184031420774,0.558207682028132,1.54269068456439
Vaud,881f826927fffff,6.29232918392447,46.4301575614178,0.293609251447245,0.534072371595235,1.81899027010461
Vaud,881f826929fffff,6.28547911219824,46.4451874759843,0.377968126264789,0.523848108130908,1.38595842275843
Vaud,881f82692bfffff,6.29698907898926,46.4439735104541,0.37640088190813,0.610421047444016,1.62173118285362
Vaud,881f82692dfffff,6.27739590254859,46.438886405109,0.355458620506436,0.485374139972884,1.3654870411677
Vaud,881f826933fffff,6.33152205746553,46.4403240349176,0.717141340410156,2.10844656755898,2.94007115299348
Vaud,881f826939fffff,6.31658737308825,46.4490576477556,0.372972763662436,0.76890628491097,2.06156148604695
Vaud,881f82693bfffff,6.3280997919622,46.4478406342271,0.378313023259355,0.944831921702558,2.49748716965216
Vaud,881f82693dfffff,6.30849955939405,46.4427582818831,0.347583992921677,0.68534385766746,1.97173595914669
Vaud,881f826981fffff,6.38225125889789,46.4492560305172,0.727225895003493,2.36110226561324,3.24672468600956
Vaud,881f826989fffff,6.37883239151449,46.4567745698647,0.72472561055341,2.16314075253886,2.98477205860996
Vaud,881f82698bfffff,6.39034969705125,46.4555514537252,0.723799311892531,2.15114269860928,2.97201539606973
Vaud,881f82698dfffff,6.37073537674426,46.4504786230712,0.725418668042568,2.344880319494,3.23245102834382
Vaud,881f826991fffff,6.41338582712249,46.4531014263851,0.699980840141368,2.04752515065539,2.92511599352044
Vaud,881f826999fffff,6.40996912099957,46.460621305343,0.707483616499047,1.94369793758728,2.7473398567243
Vaud,881f82699bfffff,6.42148886109622,46.4593951345983,0.688545751762368,1.92663304559513,2.79811913829084
Vaud,881f82699dfffff,6.40186750921977,46.4543270726231,0.715276027398335,2.10061673115602,2.93679174289759
Vaud,881f8269c1fffff,6.36389522155478,46.4655133357846,0.446205275299098,1.17316031209654,2.62919417819556
Vaud,881f8269c3fffff,6.37541293547932,46.4642922257078,0.359905129895109,0.98158135761453,2.72733361122306
Vaud,881f8269c7fffff,6.36731559350674,46.4579964212152,0.718606499818939,2.10129416325187,2.92412351374683
Vaud,881f8269c9fffff,6.36047426076076,46.4730293665942,0.38443099504104,0.909623602447671,2.36615573192938
Vaud,881f8269cbfffff,6.37199289066467,46.4718089978611,0.358905149566642,0.893092243183243,2.48837957399497
Vaud,881f8269cdfffff,6.35237801641691,46.466733181129,0.379447863371753,0.928030503261214,2.44573917221403
Vaud,881f8269d1fffff,6.395031674325,46.4693644651489,0.359265567312093,0.921759842248499,2.56567822278323
Vaud,881f8269d3fffff,6.40655182628592,46.4681403008221,0.354597860937304,0.917500556135636,2.58743962445351
Vaud,881f8269d7fffff,6.39844988609927,46.4618462106607,0.720173361230024,1.97554612605511,2.7431535688587
Vaud,881f8269d9fffff,6.39161287376921,46.4768818359024,0.395998200213317,0.95404440500335,2.40921399261265
Vaud,881f8269dbfffff,6.40313394285379,46.4756584126368,0.392705479476089,0.962150338295623,2.45005580156211
Vaud,881f8269ddfffff,6.38351202881864,46.470587364104,0.361990779459049,0.921783485034795,2.54642807867175
Vaud,881f8269e5fffff,6.34303407334189,46.4391050161734,0.727665362740349,2.46570996805849,3.38852183203108
Vaud,881f8269e9fffff,6.34770513753038,46.4529200148604,0.706126089584736,2.02426646750683,2.86672096862655
Vaud,881f8269ebfffff,6.35922000265623,46.4516999511276,0.717706442173967,2.23232053030643,3.11035320171381
Vaud,881f8269edfffff,6.33961272212567,46.4466223570156,0.709470729176484,2.08002126101627,2.93179292037974
Vaud,881f826c01fffff,6.57655334476706,46.5286859325766,1.42851756024659,1.08639553320991,0.76050555025895
Vaud,881f826c03fffff,6.58809311537748,46.5274458242336,1.36788268710966,1.08773772872413,0.795198110901254
Vaud,881f826c05fffff,6.56842218809891,46.5224029140815,1.26593583475777,0.929239948261357,0.734034002947049
Vaud,881f826c07fffff,6.57996054118828,46.5211633360509,0.987974012942822,0.686538719857233,0.694895524440243
Vaud,881f826c09fffff,6.57314555937526,46.5362076446722,1.20708697340184,0.979784982756322,0.811693775465965
Vaud,881f826c0bfffff,6.58468625464635,46.5349682759114,1.23033894115795,1.07618155419718,0.874703318082671
Vaud,881f826c0dfffff,6.56501406744118,46.5299247709764,0.991511449284563,0.778374330724359,0.785038167018651
Vaud,881f826c11fffff,6.60776912249861,46.5324857275204,1.45314060714167,1.63987596883126,1.12850467516485
Vaud,881f826c13fffff,6.6193112932694,46.5312425475504,1.75515387048977,2.18135089308662,1.24282601643236
Vaud,881f826c15fffff,6.5996333783678,46.5262044457771,1.44988704470714,1.26446367392301,0.872111850739667
Vaud,881f826c17fffff,6.61117413283314,46.5249617970374,1.47031303775945,1.42023573436973,0.965941060098306
Vaud,881f826c19fffff,6.60436352326219,46.5400087736014,1.88207701211202,2.41993802990554,1.28578055750755
Vaud,881f826c1bfffff,6.61590661983464,46.5387663329252,1.09499043311559,1.60014645852436,1.46133373418748
Vaud,881f826c1dfffff,6.59622744265582,46.5337276369175,1.42639851406452,1.41222920122583,0.990066371565181
Vaud,881f826c21fffff,6.56370065112084,46.508596335194,1.37623511766274,1.0113579837503,0.734872966668583
Vaud,881f826c23fffff,6.57523666282043,46.5073565475289,1.59147194716762,0.996043276196026,0.625862917639676
Vaud,881f826c25fffff,6.55557333476387,46.5023118235223,1.17711740320622,1.02617321388729,0.871767940132574
Vaud,881f826c27fffff,6.5671079291233,46.5010725654442,1.37300254911341,0.94562626647605,0.688728704172232
Vaud,881f826c29fffff,6.56029278440249,46.5161192209273,1.09138399099363,0.862978968865035,0.790719834619668
Vaud,881f826c2bfffff,6.57182971984916,46.5148801728706,0.798112063763353,0.540059649859504,0.676671453019956
Vaud,881f826c2dfffff,6.5521651334382,46.5098348536152,0.638384294476819,0.597010648310096,0.935190062592893
Vaud,881f826c31fffff,6.59490507025362,46.5123982679858,1.25093768980352,0.792800690132724,0.633765132024478
Vaud,881f826c33fffff,6.6064434834031,46.5111554108179,1.13115090707402,0.756888734217687,0.669131527441862
Vaud,881f826c35fffff,6.58677316763339,46.5061154904497,1.79311037813332,1.04007124536196,0.580037491303075
Vaud,881f826c37fffff,6.59831016465582,46.5048731637867,1.9501556896128,1.12761964583786,0.578220319456515
Vaud,881f826c39fffff,6.5914993872037,46.5199224881966,1.08687759207808,0.770812787560356,0.709199263264396
Vaud,881f826c3bfffff,6.60303872524068,46.5186803703488,1.14635128160654,0.870845325656382,0.759667075554667
Vaud,881f826c3dfffff,6.58336714876756,46.5136398552801,1.14344811733246,0.721490654617046,0.630978042362085
Vaud,881f826c41fffff,6.55819605888896,46.5449658310772,1.02249742883587,0.831475144547338,0.813180670286858
Vaud,881f826c43fffff,6.5697371848843,46.5437284721523,1.05693228941284,0.87994134527084,0.832542778837493
Vaud,881f826c45fffff,6.55006565066731,46.5386825721752,0.672243252060296,0.600064054672201,0.892629346346163
Vaud,881f826c47fffff,6.5616053577474,46.5374457433699,0.839104501468946,0.683848828131294,0.81497456745154
Vaud,881f826c49fffff,6.5547861707373,46.5524850339133,0.97486639588295,0.758619493012891,0.778177908497707
Vaud,881f826c4bfffff,6.56632822116553,46.5512484148322,0.862940599304676,0.702890944946394,0.814529928841864
Vaud,881f826c4dfffff,6.54665542780042,46.5462019199903,0.903218783359988,0.784652699865156,0.868729386856013
Vaud,881f826c51fffff,6.5894138041998,46.5487713655935,1.73197152706841,1.96320691346912,1.13350992368339
Vaud,881f826c53fffff,6.60095733499522,46.5475309350952,1.01466616569088,1.41794524283516,1.39745000945182
Vaud,881f826c55fffff,6.58127880488165,46.542489843045,1.17991640755794,1.09283814577752,0.926199634802395
Vaud,881f826c57fffff,6.59282091797605,46.5412499435847,1.58706377447186,1.72500866872571,1.08691830566151
Vaud,881f826c59fffff,6.58600610119837,46.5562919027591,0.872561731003194,0.970431587808943,1.11216381985172
Vaud,881f826c5bfffff,6.59755055756893,46.5550522118168,0.906946193111114,1.2935609141288,1.42628187201655
Vaud,881f826c5dfffff,6.57787076595475,46.5500105254491,0.872263800065067,0.813105061850317,0.932177928041565
Vaud,881f826c61fffff,6.54534696431496,46.524878261353,0.591267656782195,0.620439220350637,1.04933732334895
Vaud,881f826c63fffff,6.55688432883981,46.5236412224587,1.09051043401476,0.921513392917496,0.845029413909327
Vaud,881f826c67fffff,6.54875634333139,46.5173569996205,0.640545963018416,0.640347554104376,0.99969025030912
Vaud,881f826c69fffff,6.54193699626047,46.5323986386275,0.644686085976765,0.689011930360601,1.06875570195792
Vaud,881f826c6bfffff,6.55347528430426,46.5311623396031,0.682412454419224,0.602695215216269,0.883183200003582
Vaud,881f826c6dfffff,6.53381009542813,46.526114030935,0.516945271657235,0.705151786558555,1.36407435219973
Vaud,881f826c81fffff,6.65734204733884,46.5199784958587,0.898433078526002,0.901791142094861,1.00373768914917
Vaud,881f826c83fffff,6.66888524559778,46.5187294931646,0.837005660397023,0.788438053077659,0.941974577213341
Vaud,881f826c85fffff,6.64920097950684,46.5136991956323,0.974536290537197,0.902799415830646,0.926388708760136
Vaud,881f826c87fffff,6.66074276407648,46.5124507252768,0.913824103109317,0.835288996563065,0.914058836619614
Vaud,881f826c89fffff,6.65394074209338,46.5275053825099,0.836919419955722,0.955922026755651,1.1421912360526
Vaud,881f826c8bfffff,6.66548486751852,46.5262571185565,1.72434994133532,1.76223171009861,1.02196872447709
Vaud,881f826c8dfffff,6.64579933602694,46.5212262274244,1.27384198184857,1.3468710233694,1.05732974934211
Vaud,881f826c91fffff,6.68857457665604,46.5237567762292,0.675123033575501,0.57258435411946,0.848118528984282
Vaud,881f826c93fffff,6.70012015855476,46.5225046975193,0.627927748715888,0.508578578583327,0.809931683419581
Vaud,881f826c95fffff,6.68042892989751,46.5174792191739,0.781163329587165,0.698135395598209,0.893712453152614
Vaud,881f826c97fffff,6.6919730993315,46.5162276737185,0.792768549564393,0.688613881232932,0.868619071242556
Vaud,881f826c99fffff,6.68517546554454,46.5312849948387,0.647631428938734,0.551430352328388,0.851457059815657
Vaud,881f826c9dfffff,6.67702947934165,46.5250075831857,0.724923197122055,0.665907398108941,0.918590273773268
Vaud,881f826ca1fffff,6.64446305675481,46.4998911579062,1.23848238891029,0.935793020866875,0.755596550460644
Vaud,881f826ca9fffff,6.64106166378556,46.5074192183785,1.24967020435069,1.02027166165966,0.816432734098659
Vaud,881f826cabfffff,6.6526020345411,46.5061712800236,1.1861954060331,1.00189142590058,0.844625953535874
Vaud,881f826cadfffff,6.63292409993783,46.5011385645987,1.10302134555775,0.778406512882936,0.705703943099421
Vaud,881f826cb1fffff,6.67568423656184,46.5036715909898,1.05611902562484,0.937025954447277,0.887235180611297
Vaud,881f826cb3fffff,6.68722606601543,46.5024198399748,0.854888169357875,0.786019207149548,0.919440969384269
Vaud,881f826cb7fffff,6.67908284970419,46.4961413145789,0.918297283230501,0.823891498694714,0.897194746995575
Vaud,881f826cb9fffff,6.67228503523595,46.5112009839137,1.0390065258376,0.934550145326608,0.899465135287014
Vaud,881f826cbbfffff,6.68382779207916,46.5099499713749,0.80246443879152,0.719061073646943,0.896065967396413
Vaud,881f826cbdfffff,6.6641428924351,46.5049220709501,1.12047684735683,0.969194014641621,0.864983526369079
Vaud,881f826cc1fffff,6.63899428321527,46.5362776388161,0.886347444048374,1.31766132402133,1.48661942093829
Vaud,881f826cc3fffff,6.65053884821131,46.5350313850448,0.810969518920923,1.08120807570889,1.33322899379443
Vaud,881f826cc5fffff,6.63085395406269,46.529998096838,0.972714648512216,1.25142979509453,1.28653330862099
Vaud,881f826cc7fffff,6.64239710397269,46.5287523752142,1.14375293474748,1.42350446014298,1.24459087001798
Vaud,881f826cc9fffff,6.6355908736259,46.5438020180447,0.853400160376756,1.50603073506201,1.76474156554779
Vaud,881f826ccbfffff,6.6471363655638,46.5425565032778,0.784299420040621,1.23179242589112,1.57056398923172
Vaud,881f826ccdfffff,6.62745020678765,46.5375226213866,1.11407401046423,1.71553675433273,1.5398768288454
Vaud,881f826cd1fffff,6.67022881259184,46.5400616591047,0.665153021568119,0.709634926192791,1.06687469376566
Vaud,881f826cd3fffff,6.68177576586804,46.5388123293614,0.617999628428946,0.54454688730403,0.881144360375029
Vaud,881f826cd5fffff,6.66208390086934,46.5337838599037,0.751818623609963,0.860599133477414,1.14468983136534
Vaud,881f826cd7fffff,6.67362944028271,46.5325350632245,0.696352058630046,0.679194565059161,0.975360892011091
Vaud,881f826cd9fffff,6.6668275961401,46.5475873706408,0.628708174361662,0.749855025489702,1.19269170669054
Vaud,881f826cdbfffff,6.67837547749765,46.5463387796116,1.29872572011497,1.21934144457815,0.938875257256171
Vaud,881f826cddfffff,6.65868234552141,46.5413097170207,0.720276191474072,0.944182345149521,1.31086152274063
Vaud,881f826ce1fffff,6.62611887376035,46.516192323994,1.31584062338917,1.16538319388095,0.885656798525732
Vaud,881f826ce3fffff,6.63765968243291,46.5149463951484,1.2551726469429,1.15519706710958,0.920349140752219
Vaud,881f826ce5fffff,6.61798238731144,46.5099112836068,1.14335598583279,0.824900877568217,0.721473353696906
Vaud,881f826ce7fffff,6.62952178107393,46.5086658861833,1.41618960551072,1.09701420567538,0.77462382254936
Vaud,881f826ce9fffff,6.6227153778684,46.5237178778448,1.31080825513497,1.36773726309038,1.04343046187907
Vaud,881f826cebfffff,6.6342571125682,46.5224726880302,1.25200804509333,1.3473780551045,1.07617363992582
Vaud,881f826cedfffff,6.61457855439454,46.5174369823377,1.15950636899429,0.957875269317448,0.826106086979301
Vaud,881f826d19fffff,6.54744777053865,46.496026638357,1.01592774645409,1.10859647085881,1.09121586129345
Vaud,881f826d41fffff,6.50132002303152,46.5009688687435,0.370106457467057,1.29338554320276,3.49463111790716
Vaud,881f826d43fffff,6.51285121409087,46.4997352135448,0.720589251683309,2.02467395408391,2.80974764660205
Vaud,881f826d45fffff,6.49320188646098,46.4946808978466,0.648917352459319,2.49794015854092,3.84939645869235
Vaud,881f826d49fffff,6.49790779944916,46.5084890830186,0.381023030014945,1.35716910149885,3.56190832203928
Vaud,881f826d4bfffff,6.50943991197243,46.5072561680021,0.397679125922976,1.17588541984028,2.95686985609608
Vaud,881f826d4dfffff,6.48978933068711,46.5022012559625,0.361170928187422,1.42781020105908,3.95328109110195
Vaud,881f826d51fffff,6.53250563063334,46.5047865329873,0.8814558249422,1.44374654351108,1.63791139913989
Vaud,881f826d53fffff,6.54403923496623,46.5035498126465,1.01012450497103,1.18773158208455,1.17582691662214
Vaud,881f826d55fffff,6.52438290296324,46.4985002901949,0.785716361822283,1.65090342811416,2.10114426570586
Vaud,881f826d57fffff,6.53591508874661,46.4972640985226,0.883001431873796,1.33529907898394,1.51222753529441
Vaud,881f826d59fffff,6.52909558373719,46.5123080834079,0.482790009893938,0.841038128578518,1.74203714108186
Vaud,881f826d5bfffff,6.54063011067593,46.5110721029629,0.549336758123994,0.693473904404783,1.26238394600249
Vaud,881f826d5dfffff,6.5209725226679,46.5060219847155,0.790738075957788,1.78594820846071,2.25858380007497
Vaud,881f826d69fffff,6.48508550201938,46.4883922558126,0.628863874636249,2.49447685334139,3.96664040335321
Vaud,881f826d6dfffff,6.4769708694652,46.482102943143,0.619261461052073,2.39787297578804,3.87214953069137
Vaud,881f826dc9fffff,6.57864301714125,46.4998320382419,1.57754782657868,0.929774583798629,0.589379648676063
Vaud,881f826dcbfffff,6.59017859791432,46.4985902417454,1.76414569256791,0.965361038587601,0.547211629206434
Vaud,881f826dd1fffff,6.61325123411089,46.4961028401909,1.99229547794203,1.13818082497867,0.57129117521984
Vaud,881f826dd9fffff,6.60984765298362,46.50362956737,2.04193975851188,1.2387138853266,0.606635861887201
Vaud,881f826ddbfffff,6.62138563171251,46.5023847010304,1.12041586385895,0.731936971860754,0.65327258875094
Vaud,881f826dddfffff,6.60171467053886,46.4973471757848,1.9074040216396,1.03960416942216,0.545036163092767
Vaud,881f826e01fffff,6.55268647143858,46.5813193338551,0.593452486591059,0.312360979113374,0.526345387661368
Vaud,881f826e03fffff,6.56423271605069,46.5800844040771,0.616413920694586,0.372426825765917,0.604183022580443
Vaud,881f826e07fffff,6.55609779335554,46.5738029322228,0.63353252025766,0.381489903964183,0.602163096235423
Vaud,881f826e09fffff,6.5492745596502,46.5888348497647,0.615863417947864,0.286754547224086,0.465613866430952
Vaud,881f826e0bfffff,6.56082172938173,46.5876006600646,0.620921607346463,0.321075808427012,0.517095563478849
Vaud,881f826e21fffff,6.53983321386241,46.5612379606098,0.778777339042715,0.58343108775843,0.749162897415059
Vaud,881f826e23fffff,6.55137569316372,46.5600033516936,0.671546835038035,0.482312546477248,0.718211331380827
Vaud,881f826e25fffff,6.53170355658337,46.5549544618533,0.807162347366577,0.747031366052129,0.925503237966154
Vaud,881f826e27fffff,6.54324461557498,46.5537203828633,0.877853351703487,0.717066005162834,0.816840311392965
Vaud,881f826e29fffff,6.53642122253406,46.5687546530453,0.831852907300215,0.56511437614885,0.679344113832496
Vaud,881f826e2bfffff,6.5479646260396,46.5675207842334,0.691890877827724,0.447593251135449,0.646913068923126
Vaud,881f826e2dfffff,6.52829123109125,46.562471299447,0.80628840134374,0.682985116867204,0.84707297752139
Vaud,881f826e31fffff,6.5710529200995,46.56504923533,0.740755454205926,0.596937713838819,0.805849906942262
Vaud,881f826e33fffff,6.582597808843,46.5638115548967,0.794956246703355,0.816759306192207,1.02742674150844
Vaud,881f826e35fffff,6.56291866809028,46.558767472527,0.738460254547313,0.561925241041836,0.760941753576574
Vaud,881f826e37fffff,6.57446213773695,46.557530322939,0.810861205973258,0.720296414519447,0.888310365834917
Vaud,881f826e3dfffff,6.55950852552986,46.566285645052,0.683332558826909,0.467939144918632,0.684789768721035
Vaud,881f826e41fffff,6.53431445946323,46.5975816583026,0.811865150736945,0.371404813181878,0.457471062583173
Vaud,881f826e43fffff,6.54586205786158,46.5963494797676,0.602210694251023,0.255466533024404,0.424214540630387
Vaud,881f826e45fffff,6.52618170956741,46.5912994166429,0.845019459992844,0.464431605684155,0.549610544694542
Vaud,881f826e47fffff,6.5377278860768,46.590067768567,0.602289869814999,0.287865787266669,0.47795223146471
Vaud,881f826e49fffff,6.53090044265534,46.6050946618773,0.846140017912325,0.388688549878348,0.459366702496068
Vaud,881f826e4bfffff,6.54244896594391,46.6038632236798,0.557155001094383,0.22503757369512,0.403904789965259
Vaud,881f826e4dfffff,6.52276735848895,46.5988125659925,0.885360242059124,0.486132216429056,0.549078435347893
Vaud,881f826e55fffff,6.55741015277799,46.5951160302157,0.586487576244092,0.263885925502434,0.449942907899905
Vaud,881f826e59fffff,6.56213567106454,46.6089108718036,0.537552480170763,0.222264525469539,0.413475025543427
Vaud,881f826e5dfffff,6.55399798611057,46.6026305143467,0.568516813519517,0.230115469674404,0.404764580751496
Vaud,881f826e61fffff,6.52146481093582,46.5775023183054,0.8277531544718,0.597148874784805,0.721409361666346
Vaud,881f826e63fffff,6.53300864146125,46.5762704599854,0.82107648386405,0.507705267827733,0.618341016708252
Vaud,881f826e67fffff,6.52487831591828,46.5699872516591,0.811889959362463,0.630047430268708,0.776025646090577
Vaud,881f826e69fffff,6.51805071601517,46.5850164992019,0.857140292321407,0.590323546570859,0.688712865162454
Vaud,881f826e6bfffff,6.52959547051526,46.5837853812459,0.824302725455691,0.472781270257829,0.573552962592069
Vaud,881f826e81fffff,6.63352054474186,46.5726481294871,1.1462945819106,2.59992909973042,2.2681160155158
Vaud,881f826e83fffff,6.64507023456381,46.5714042994797,0.734634308231167,1.50035812706156,2.04231970961727
Vaud,881f826e85fffff,6.62537711057764,46.5663698476389,1.31031789126037,3.01136998070419,2.29819801804554
Vaud,881f826e87fffff,6.63692538373997,46.5651265503133,0.841636776862148,1.88319536692864,2.23753930282099
Vaud,881f826e89fffff,6.63011511633378,46.580168823434,1.07319093496172,2.31639296200058,2.15841644439833
Vaud,881f826e8dfffff,6.6219713443719,46.5738906875232,1.21580192815627,2.67624879759794,2.20122105058379
Vaud,881f826e91fffff,6.66476843449721,46.5764357341816,0.603222550177663,0.830311161916125,1.3764590890569
Vaud,881f826e93fffff,6.67632051593552,46.5751888261248,0.564885016326204,0.585791484229571,1.03701013002493
Vaud,881f826e95fffff,6.6566204129302,46.5701591973317,0.68095919310224,1.12781958961574,1.65622198956996
Vaud,881f826e97fffff,6.66817107893319,46.5689128228739,0.633048424208167,0.797169382401084,1.259254982584
Vaud,881f826ea1fffff,6.62064094541381,46.5525690169644,0.869276380717197,1.74993686129315,2.01309606485496
Vaud,881f826ea3fffff,6.63218687507575,46.5513255127148,0.812260620157903,1.65386966964142,2.03613178898161
Vaud,881f826ea5fffff,6.61250135743535,46.5462892337841,0.96313477034166,1.59421972257857,1.65524054542548
Vaud,881f826ea7fffff,6.62404587061429,46.5450462614904,0.917941043039361,1.6537820441095,1.80162120067507
Vaud,881f826ea9fffff,6.61723543105741,46.5600908876234,1.49017621981903,3.14344310182092,2.10944387651191
Vaud,881f826eabfffff,6.62878228743595,46.5588481226412,1.90575436419012,4.2596759935751,2.23516528342588
Vaud,881f826eadfffff,6.60909550594276,46.5538112499418,0.904881568497735,1.60098179180676,1.76927218714895
Vaud,881f826eb3fffff,6.66342579079856,46.5551121976474,1.32632191106404,1.78520267268352,1.34597992975276
Vaud,881f826eb7fffff,6.6552802013458,46.548834689722,1.5174284308733,2.29475018401477,1.51226254716614
Vaud,881f826eb9fffff,6.64847414599596,46.5638819811365,0.777720621903841,1.49397320160558,1.92096385196573
Vaud,881f826ebbfffff,6.66002339643825,46.5626361399394,0.718076703519795,1.08426538151614,1.50995760787308
Vaud,881f826ebdfffff,6.64032963345703,46.5576040860972,0.894474101140233,1.85601461644203,2.07497859812382
Vaud,881f826ec7fffff,6.61856498868979,46.5814106421094,1.12559950761944,2.22427521672127,1.97608048125878
Vaud,881f826ee1fffff,6.6022820351625,46.5688526274144,1.40237832603856,2.28966045387922,1.63269811816549
Vaud,881f826ee3fffff,6.61382932741617,46.5676118732827,1.3760419725384,2.82629774775006,2.05393280448877
Vaud,881f826ee5fffff,6.59414319085453,46.5625726035812,0.830474179455699,1.12863159486097,1.35902069297409
Vaud,881f826ee7fffff,6.60568906522809,46.5613323812135,1.53556990081268,2.70595629633338,1.76218373054934
Vaud,881f826eebfffff,6.61042263436127,46.5751319737575,1.26205019798289,2.35099100645478,1.86283478281001
Vaud,881f826f17fffff,6.53039920421374,46.5336336682203,0.571358572087471,0.769762356690283,1.3472491606767
Vaud,881f826f1bfffff,6.5351152925232,46.5474367390624,0.740703660861873,0.739456456326334,0.998316189589117
Vaud,881f826f21fffff,6.48296245227193,46.5172393195832,0.363279484126022,1.3345039559816,3.67349111164963
Vaud,881f826f23fffff,6.4944949868899,46.5160084130371,0.397599967009276,1.37785432061854,3.46542865931977
Vaud,881f826f27fffff,6.48637618600014,46.5097207299364,0.375755611619302,1.46127737015128,3.88890365164201
Vaud,881f826f31fffff,6.51414999540577,46.5210627212265,0.451711789575923,1.05941140310983,2.3453259967034
Vaud,881f826f33fffff,6.52568494792981,46.5198287495992,0.492338543680553,0.88415057753715,1.79581832234289
Vaud,881f826f35fffff,6.50602802094162,46.5147762382737,0.410511894472409,1.22364789916465,2.98078549158068
Vaud,881f826f37fffff,6.51756155352484,46.5135427951211,0.437608144916831,1.02853283850819,2.35035122279012
Vaud,881f826f3bfffff,6.5222737230828,46.5273485313758,0.464847806304991,0.827654882065715,1.78048572207886
Vaud,881f826f3dfffff,6.50261554087009,46.5222954241743,0.428729762676811,1.23065782114549,2.87047443000404
Vaud,881f8270a1fffff,6.38713823564566,46.7274000459787,0.62140199548871,4.65805816955979,7.49604636511732
Vaud,881f8270a3fffff,6.39869658901903,46.7261898981977,0.591856390314531,3.84078573522358,6.48938796315515
Vaud,881f8270a7fffff,6.3905685147024,46.71990629204,0.393801718837239,2.82211420512973,7.16633287803431
Vaud,881f8270abfffff,6.39526664021422,46.7336835048926,0.576910292362093,3.89189915998212,6.746108037087
Vaud,881f8270adfffff,6.3755803927413,46.7286089224289,0.647589853788766,5.3835693467635,8.31323918258846
Vaud,881f8270b1fffff,6.41838672187903,46.7312608790558,0.516421552565969,2.37444647302673,4.59788415341827
Vaud,881f8270b3fffff,6.42994752533158,46.7300476582624,0.492933774528084,1.80712209190834,3.66605451947052
Vaud,881f8270b5fffff,6.41025545195439,46.7249784789095,0.562657517912836,3.03794929335924,5.39928677151323
Vaud,881f8270b7fffff,6.42181482354449,46.7237657879382,0.53761912068943,2.34866803237182,4.36864676494381
Vaud,881f8270bbfffff,6.42651975513542,46.7375426018802,0.475550824564818,1.82765036212239,3.84322824756933
Vaud,881f8270bdfffff,6.40682642653735,46.732472827874,0.545455123509913,3.08785948779047,5.66106972819433
Vaud,881f827191fffff,6.37431765468812,46.7073370522823,0.536520572671363,4.14799682234763,7.73129127499164
Vaud,881f827199fffff,6.37088671621325,46.7148311002281,0.523798255454864,4.31436101615069,8.23668458461
Vaud,881f82719bfffff,6.38244220334098,46.7136220099014,0.420139601802311,3.18890121871449,7.59009911237783
Vaud,881f82719dfffff,6.3627636008555,46.7085456143922,0.751807025925503,6.15107024405595,8.18171423243053
Vaud,881f827481fffff,6.618985539764,46.7743037498524,1.41231250876129,0.661973259692406,0.46871585119147
Vaud,881f827483fffff,6.63056469960791,46.7730717132478,1.42910575545565,0.721093108004403,0.504576449469615
Vaud,881f827487fffff,6.62240041755835,46.766801840847,1.33807508565833,0.629704428980315,0.470604703524917
Vaud,881f827489fffff,6.61557006940086,46.7818047690061,1.47648415447663,0.705825097743933,0.478044478570195
Vaud,881f82748bfffff,6.62715016126358,46.7805734727751,1.38189621341922,0.697050854480799,0.504416212818247
Vaud,881f827491fffff,6.65031182187464,46.778107049742,1.25978179131882,0.80103768813023,0.635854315128381
Vaud,881f827493fffff,6.66189338879314,46.7768719225969,1.14112748178796,0.838531642998976,0.734827314547832
Vaud,881f827495fffff,6.64214435169064,46.771838399962,1.26545415935958,0.721691785152314,0.570302590429309
Vaud,881f827497fffff,6.65372449509757,46.7706038098239,1.17529951080899,0.782241001830488,0.66556736783805
Vaud,881f827499fffff,6.64689855615391,46.7856093998364,1.33523998720054,0.83202541400955,0.623127993458294
Vaud,881f82749bfffff,6.6584810562419,46.7843750127779,1.21366714919491,0.854482166783427,0.704049843773272
Vaud,881f82749dfffff,6.63873074572644,46.7793408997443,1.34788001015922,0.751100542933324,0.557245850722722
Vaud,881f8274a1fffff,6.60607714470548,46.754260040334,1.08940653558401,0.498626691202763,0.45770488326973
Vaud,881f8274a3fffff,6.61765252384132,46.7530283351602,1.14950900283972,0.542315557732352,0.47178017431149
Vaud,881f8274a5fffff,6.59791815342139,46.7479881132223,0.965479471253314,0.458505268538908,0.474899034304386
Vaud,881f8274a7fffff,6.60949210799263,46.7467569434066,0.944861203340988,0.448673135823337,0.474856131500424
Vaud,881f8274abfffff,6.61423789933765,46.7605312830423,0.720746905329644,0.328421028445187,0.455667622041303
Vaud,881f8274adfffff,6.59450225946627,46.7554904696981,0.592357217847831,0.276580780590789,0.466915523703197
Vaud,881f8274b1fffff,6.63739199892072,46.7580655250277,1.24365650560509,0.68204818617365,0.54842167680521
Vaud,881f8274b3fffff,6.64896978644426,46.7568307314414,0.93415457815917,0.604644514442839,0.647263877499099
Vaud,881f8274b5fffff,6.62922839596042,46.7517953540052,1.16857372181696,0.602552432831984,0.515630654345969
Vaud,881f8274b7fffff,6.64080476014914,46.7505610966973,1.13852769168196,0.677026464333724,0.594650854151423
Vaud,881f8274b9fffff,6.63397864545029,46.7655690639383,1.34219142941784,0.696149161394654,0.518666075595939
Vaud,881f8274bbfffff,6.64555736521991,46.7643350104674,1.28550758916269,0.77111454320534,0.599852190454668
Vaud,881f8274bdfffff,6.62581470291384,46.7592990421709,1.25814144372912,0.611164735612921,0.485767906827261
Vaud,881f8274c3fffff,6.61215400633895,46.7893048981273,1.53063727997367,0.759844261154794,0.496423464328443
Vaud,881f8274d1fffff,6.63190175597319,46.794343229448,1.48153028211418,0.846302556302354,0.571235408765767
Vaud,881f8274d3fffff,6.64348469780531,46.7931108599264,0.905927054213369,0.565894406633966,0.624657806610424
Vaud,881f8274d5fffff,6.62373503028732,46.7880743423396,1.44412666213977,0.745017706692158,0.515894987762543
Vaud,881f8274d7fffff,6.6353165471973,46.7868425096332,1.41989413253023,0.793025091730021,0.55851001392397
Vaud,881f8274d9fffff,6.62848637192398,46.8018430590079,1.53434247338806,0.908104856455804,0.591852778767553
Vaud,881f8274dbfffff,6.64007024669872,46.800611429831,1.45870036711915,0.928937683908425,0.636825563938828
Vaud,881f8274ddfffff,6.6203193065491,46.7955743217603,1.49635579210323,0.802441020897533,0.536263517762476
Vaud,881f827501fffff,6.48091225231879,46.7389588839379,0.420817556731478,0.584418448789845,1.38876916954004
Vaud,881f827503fffff,6.49247793814275,46.7377395104896,0.433637797250591,0.513923542083359,1.18514471142001
Vaud,881f827505fffff,6.47277173224322,46.7326799626979,0.440510796193884,0.713998392695332,1.62084198358915
Vaud,881f827507fffff,6.48433598862192,46.7314611209196,0.450526274918076,0.615779700368275,1.36680086079386
Vaud,881f82750dfffff,6.4693470698801,46.7401769841266,0.414854095899426,0.689353205241228,1.66167626655987
Vaud,881f827511fffff,6.51218926797325,46.7427960408524,0.455077282966589,0.418798174063797,0.920279235504149
Vaud,881f827513fffff,6.52375738606919,46.741573587769,0.488829783953903,0.402938008158778,0.824291034191105
Vaud,881f827515fffff,6.50404412644222,46.7365188636072,0.453597261076405,0.468016667425437,1.03178900665056
Vaud,881f827517fffff,6.51561081630728,46.7352969431168,0.480946420306324,0.439994246508233,0.914850860576095
Vaud,881f82751dfffff,6.50062165089509,46.7440172200363,0.42978661625054,0.449003246414473,1.04471202554323
Vaud,881f827539fffff,6.49590074802305,46.7302410059988,0.466997086426036,0.548826141241683,1.17522390865838
Vaud,881f827561fffff,6.44964473219016,46.7351138275255,0.442023081861848,1.07172628199636,2.42459347933175
Vaud,881f827563fffff,6.4612079797963,46.7338975315083,0.43743344156817,0.858394084189457,1.96234215910007
Vaud,881f827565fffff,6.44150883598709,46.7288331653179,0.477091759277503,1.39113825946399,2.91587149099095
Vaud,881f827569fffff,6.44621821879625,46.7426093654238,0.425229783738091,1.0761476851237,2.53074390900739
Vaud,881f82756bfffff,6.45778239173617,46.7413938112303,0.416150224008697,0.845240506936221,2.03109468209383
Vaud,881f82756dfffff,6.43808199033368,46.7363288509243,0.454858379270636,1.38468370140438,3.04420840531666
Vaud,881f827581fffff,6.56188257321506,46.7303965216026,0.519578673758106,0.332008401423516,0.638995436479529
Vaud,881f827583fffff,6.5734517572498,46.7291682304702,0.709722451142889,0.422811933586912,0.595742649687979
Vaud,881f827587fffff,6.56529981694936,46.7228935707486,0.670474616491874,0.433871541585859,0.647111062691689
Vaud,881f82758bfffff,6.57003485041418,46.7366710329708,0.559892679630069,0.3274737186911,0.584886587385761
Vaud,881f82758dfffff,6.55031388619238,46.7316235382606,0.603271197614584,0.416209996136502,0.689921875571473
Vaud,881f827591fffff,6.59317656500513,46.7342121076716,0.761724287382111,0.39831074716979,0.522906718044533
Vaud,881f827595fffff,6.58502143738515,46.727938664691,0.761498453720306,0.42839406275336,0.562567212921362
Vaud,881f827599fffff,6.58976092524468,46.7417155022075,0.85814689481769,0.433838974061338,0.505553276113067
Vaud,881f82759bfffff,6.6013334551274,46.7404848674102,0.926065137003005,0.456256440479628,0.492682881850186
Vaud,881f82759dfffff,6.58160545993449,46.73544220779,0.77227291775802,0.422442743723994,0.547012246590732
Vaud,881f8275a3fffff,6.56056662712939,46.7091142413017,0.67504552059648,0.468593761183895,0.694166166408806
Vaud,881f8275b1fffff,6.58028379487419,46.7141599586481,0.560981462221528,0.346516708804506,0.617697254080864
Vaud,881f8275b5fffff,6.57213252856182,46.7078850025554,0.689441387508197,0.450020678645902,0.652732323297826
Vaud,881f8275b7fffff,6.58369892592208,46.7066544896898,0.55502344575037,0.346469602307576,0.624243182806743
Vaud,881f8275b9fffff,6.57686807202661,46.7216645389688,0.711045221782238,0.431998755439962,0.607554543939069
Vaud,881f8275bdfffff,6.56871646868843,46.7153897310056,0.682474452872876,0.445430260070245,0.652669500221153
Vaud,881f8275c1fffff,6.54347576483058,46.746625290837,0.568453538484936,0.388422380139188,0.683296617652212
Vaud,881f8275c5fffff,6.53532600427223,46.7403498606124,0.531142987672397,0.397251936466468,0.747919008038357
Vaud,881f8275c7fffff,6.54689512167155,46.7391248592093,0.582768748163329,0.399226658678027,0.68505159196721
Vaud,881f8275cdfffff,6.53190571906576,46.7478495512177,0.514913329747311,0.386158781019115,0.749949086011462
Vaud,881f8275d7fffff,6.57818889036152,46.7429448617764,0.619249831970892,0.331829711262011,0.535857571742723
Vaud,881f8275ebfffff,6.53874569709294,46.7328492806169,0.555948874924211,0.417076874988321,0.750207247105551
Vaud,881f82768bfffff,6.60323179187569,46.8330608603959,1.44981957815433,0.960771629533295,0.662683580777955
Vaud,881f827691fffff,6.62640651208921,46.8306048039886,1.31709737019861,0.924818154322997,0.702163845474494
Vaud,881f827695fffff,6.61823666152458,46.8243372043554,1.32547753735217,0.877285277557796,0.66186355697155
Vaud,881f827697fffff,6.62982333552944,46.8231077966289,1.39157472255471,0.961236115482254,0.690754222466459
Vaud,881f827699fffff,6.62298909524002,46.838100920262,1.35333873480938,0.958049935199381,0.707915845868643
Vaud,881f82769dfffff,6.61481890487365,46.8318334710932,1.35602730024851,0.919864353862509,0.678352385452659
Vaud,881f8276b3fffff,6.62507039491957,46.8093419981327,1.72585428321769,1.06360608579726,0.616278034675254
Vaud,881f8276b7fffff,6.61690298991888,46.803073410857,1.68182727537631,0.945619730521094,0.56225734019536
Vaud,881f8276d1fffff,6.60798161101377,46.8468233309225,1.3995878505701,0.976311265321762,0.697570549018468
Vaud,881f8276d3fffff,6.61957108485154,46.8455961452691,1.38478059174666,0.981134749182023,0.708512781757357
Vaud,881f8276d5fffff,6.59981250883357,46.8405554951688,1.46590814301474,0.99694332516925,0.680085808868601
Vaud,881f8276d7fffff,6.61140055474679,46.8393288466755,1.38174425337799,0.953185781266225,0.689842406752152
Vaud,881f8276d9fffff,6.60456207354429,46.8543169236546,1.40769114327016,0.990586226523471,0.703695715682541
Vaud,881f8276dbfffff,6.61615248079355,46.8530904788304,1.4080313636758,0.993908472591803,0.705885179998483
Vaud,881f91a083fffff,6.14368009425246,46.3241503034852,0.383790550455401,0.816487481918194,2.12742987275054
Vaud,881f91a091fffff,6.16321804689747,46.3292567965643,0.340705750213586,0.667530002116179,1.95925663625492
Vaud,881f91a095fffff,6.15516345461743,46.3229449180624,0.375180991976968,0.777509338388021,2.0723580219004
Vaud,881f91a099fffff,6.15978816851998,46.3367744368058,0.375463632817414,0.715308984576171,1.90513520366438
Vaud,881f91a09bfffff,6.17127438543807,46.3355680210223,0.366143988219812,0.685418874055473,1.87199270261946
Vaud,881f91a09dfffff,6.15173325820366,46.3304626969981,0.380131193635351,0.764448194350499,2.01101148011498
Vaud,881f91a0b1fffff,6.15054053506659,46.3091135874418,0.34258507000917,0.772900628048566,2.25608380431721
Vaud,881f91a0b7fffff,6.15396987453304,46.3015939079427,0.336741379278378,0.779666589421801,2.31532754035929
Vaud,881f91a0b9fffff,6.14711060834847,46.3166323860183,0.348093433446674,0.763344805859582,2.1929307838452
Vaud,881f91a0bdfffff,6.13905950784101,46.310319200934,0.349838468782977,0.805185380117655,2.30159188301603
Vaud,881f91a0d3fffff,6.15635770250427,46.3442911955164,0.348913465081292,0.648061907922399,1.85737144816526
Vaud,881f91a449fffff,6.24728614543383,46.3848223995228,0.413748704625366,0.902310680914193,2.18081814112555
Vaud,881f91a44dfffff,6.2392144010027,46.3785169438335,0.46939590016574,1.02219152126642,2.17767458323666
Vaud,881f91a541fffff,6.19424838357365,46.3331514145398,0.410995946376565,0.787848824621809,1.91692602218505
Vaud,881f91a543fffff,6.20573616301514,46.3319412234873,0.41059725752861,0.830499616310597,2.02266235607462
Vaud,881f91a545fffff,6.18618919016302,46.3268412216594,0.325436422378552,0.628787864212026,1.932137342269
Vaud,881f91a547fffff,6.19767554295961,46.3256315468345,0.350628290968499,0.699042118534658,1.99368429912993
Vaud,881f91a549fffff,6.19082063672858,46.3406704009236,0.326565527284806,0.605956873588367,1.85554451698111
Vaud,881f91a561fffff,6.18155954043278,46.3130102288507,0.321353679832451,0.664526286577168,2.06789692566658
Vaud,881f91a563fffff,6.19304356026748,46.3118003275666,0.318950741147493,0.670076167225248,2.10087665830312
Vaud,881f91a565fffff,6.17350415746446,46.3066985885235,0.339433696090769,0.733370697844461,2.16057128767896
Vaud,881f91a567fffff,6.18498675086359,46.3054892027437,0.319694173618951,0.689178310996102,2.15574248099231
Vaud,881f91a569fffff,6.17813174280252,46.3205303740576,0.556463968640691,1.10809525329947,1.99131536945021
Vaud,881f91a56bfffff,6.18961666884831,46.3193212151217,0.404349974881942,0.812278437160297,2.00884997556252
Vaud,881f91a601fffff,6.24508056843257,46.4136755076783,0.379333601608798,0.594228337798283,1.56650593376935
Vaud,881f91a603fffff,6.25658339948812,46.4124641428501,0.415654940162348,0.690694560216459,1.66170179511564
Vaud,881f91a605fffff,6.23700610978665,46.4073711323458,0.377801600331827,0.62359053349953,1.65057673909222
Vaud,881f91a607fffff,6.24850751336818,46.4061602866411,0.38297757928231,0.667058051705216,1.74176789397245
Vaud,881f91a609fffff,6.24165303499944,46.4211898457168,0.408189486270669,0.580723199063262,1.42268044277404
Vaud,881f91a60bfffff,6.25315677678404,46.4199792231224,0.410214430850992,0.608368070319974,1.48304892409053
Vaud,881f91a60dfffff,6.23357825454442,46.4148856111027,0.37501290598388,0.564991278748865,1.50659155920664
Vaud,881f91a611fffff,6.27616580936982,46.4175541926689,0.476794971957721,0.851412107351958,1.7856985862415
Vaud,881f91a615fffff,6.26808674681867,46.4112515164419,0.526888217232303,0.958590602277843,1.81934340326158
Vaud,881f91a619fffff,6.27274042076657,46.4250698740845,0.370328114451841,0.574861898211825,1.55230422908273
Vaud,881f91a61bfffff,6.28424662165613,46.423856207828,0.369625974511418,0.659650455903137,1.78464312951784
Vaud,881f91a61dfffff,6.26466103520512,46.4187673388317,0.477094511544885,0.760587245061374,1.59420665435557
Vaud,881f91a621fffff,6.23236098892882,46.3935505955474,0.406064323339735,0.758748828733852,1.86854344280584
Vaud,881f91a623fffff,6.2438600551044,46.39233952637,0.380813157498447,0.760329932118154,1.99659575082107
Vaud,881f91a625fffff,6.22429035011373,46.3872447616661,0.457492711641263,0.863123066035382,1.88663785033627
Vaud,881f91a627fffff,6.23578798902129,46.3860342108877,0.471209991076909,0.953810907519777,2.02417377725784
Vaud,881f91a629fffff,6.22893340059836,46.4010660976265,0.302694635460624,0.52013587393053,1.71835180738838
Vaud,881f91a62bfffff,6.24043337659766,46.3998557707063,0.379905602781401,0.690177690150136,1.81670837465186
Vaud,881f91a639fffff,6.26000943375557,46.4049481796487,0.386177990008161,0.724495310311116,1.87606577551405
Vaud,881f91a63bfffff,6.27151187005661,46.4037348111928,0.314992005936352,0.656291449130658,2.08351779334765
Vaud,881f91a63dfffff,6.2519338699333,46.3986441827909,0.38540388582698,0.748165878411848,1.94125151801849
Vaud,881f91a651fffff,6.25780784634267,46.4337963342909,0.366257598109491,0.470438329496869,1.28444660786596
Vaud,881f91a653fffff,6.26931444359455,46.4325846723393,0.363921116565985,0.500597135952238,1.37556495945041
Vaud,881f91a655fffff,6.2497295655162,46.4274934202801,0.404772084351314,0.544158260540548,1.34435718661926
Vaud,881f91a657fffff,6.26123473508884,46.4262822781766,0.371557994131837,0.526092836556421,1.41591042277441
Vaud,881f91a661fffff,6.2140048566091,46.4097890405974,0.365731659021546,0.55807940071483,1.52592587201195
Vaud,881f91a663fffff,6.22550522390305,46.4085807169391,0.371517992526853,0.587586338447366,1.58158245432728
Vaud,881f91a665fffff,6.20593500417502,46.4034829691865,0.360140370419165,0.56510002151936,1.56911045785187
Vaud,881f91a667fffff,6.21743394282706,46.4022751637277,0.363299018875035,0.594353948716151,1.63599106476143
Vaud,881f91a66bfffff,6.22207645871586,46.4160944532994,0.370091833301623,0.541795462371248,1.46394871115593
Vaud,881f91a681fffff,6.32561119634347,46.4051694545579,0.794284744640745,3.39956917765542,4.28003836230425
Vaud,881f91a685fffff,6.31752675654311,46.3988687192248,0.798935667861662,3.24575116021984,4.06259388682326
Vaud,881f91a689fffff,6.32219004559906,46.4126889857851,0.780770470145993,2.97001687441446,3.80395646092905
Vaud,881f91a68bfffff,6.33369738508039,46.4114695276309,0.785522926134992,3.46862613872458,4.41569052069716
Vaud,881f91a6d1fffff,6.33836482285663,46.4252881865894,0.757922210169062,2.99498433820909,3.95157220361841
Vaud,881f91a6d5fffff,6.33027655945836,46.4189889176496,0.770552178373172,3.03024822511219,3.9325672033136
Vaud,881f91a6d7fffff,6.34178532299923,46.4177689379422,0.773287462194424,3.42007735654981,4.42277616508143
Vaud,881f91a6d9fffff,6.33494373438784,46.4328065523098,0.738332858848681,2.53935448997309,3.43930851720839
Vaud,881f91a6ddfffff,6.32685514557548,46.4265074248572,0.750326861683345,2.55188595289726,3.40103238097081
Vaud,881f91a701fffff,6.18859608783189,46.3695310507845,0.339787876401713,0.583429621454041,1.71704072444387
Vaud,881f91a703fffff,6.20008892430906,46.3683233127033,0.339548495502409,0.610335914253212,1.79749261839648
Vaud,881f91a707fffff,6.19202527842625,46.3620148489485,0.336241872935314,0.594386480461785,1.7677348608397
Vaud,881f91a70bfffff,6.19666005345697,46.3758393749135,0.342811670746256,0.594300579827615,1.73360661419111
Vaud,881f91a711fffff,6.21964910210128,46.3734216047457,0.484516063545164,0.95741737273417,1.97602813357482
Vaud,881f91a713fffff,6.23114440471398,46.3722108297473,0.496123406002119,1.06195731379851,2.14051040719086
Vaud,881f91a715fffff,6.21158228076831,46.3671143150893,0.341244557853052,0.655006456619027,1.91946345090458
Vaud,881f91a717fffff,6.22307615631988,46.365904057766,0.348118226255775,0.722988807346478,2.0768484750789
Vaud,881f91a71bfffff,6.22771767143623,46.3797282368458,0.498821148197033,1.00546193448456,2.01567623609937
Vaud,881f91a71dfffff,6.20815431805221,46.3746311197423,0.345831580354183,0.635509931843798,1.83762839470282
Vaud,881f91a72dfffff,6.16441467775886,46.3506021421428,0.344669663499693,0.614827553789926,1.78381685103097
Vaud,881f91a739fffff,6.20351720718908,46.3608063683782,0.334708705349707,0.623546665691919,1.86295323583063
Vaud,881f91a73bfffff,6.21500965557248,46.3595966283911,0.428408736881846,0.857566229940115,2.00174776121952
Vaud,881f91a751fffff,6.20129662837726,46.3896620821679,0.351584626980637,0.588395737643598,1.67355365533659
Vaud,881f91a753fffff,6.21279322960213,46.3884540520339,0.356477266264264,0.630247533552692,1.76798801269273
Vaud,881f91a755fffff,6.19323059450605,46.3833545548227,0.346459126251341,0.578668625956843,1.67023634856437
Vaud,881f91a757fffff,6.20472576729745,46.3821470421639,0.348606294909629,0.611959824673743,1.75544685683999
Vaud,881f91a75bfffff,6.20936441106798,46.3959689519702,0.358359687646346,0.596839503278925,1.6654761231624
Vaud,881f91ae59fffff,6.16545051969452,46.300386294642,0.34238184868547,0.776557418530098,2.26810335159877
Vaud,881f91ae5bfffff,6.17693168655278,46.2991774240279,0.406351307555787,0.910164113161918,2.23984541513248
Vaud,881f9c1003fffff,7.06301326131113,46.3245237845108,1.45268717310969,3.06412290526281,2.10927924606342
Vaud,881f9c1007fffff,7.05483879519584,46.3182569870639,1.45718786131054,3.30007668740661,2.26468856557634
Vaud,881f9c1009fffff,7.0481135408376,46.333389875372,1.36880089613683,3.41034701410078,2.49148508283843
Vaud,881f9c100dfffff,7.03994011271378,46.3271226827387,1.40077422332453,3.55303220526184,2.53647743233684
Vaud,881f9c1011fffff,7.08272811150305,46.3294879992714,1.62763917248961,2.40765804088323,1.47923328559396
Vaud,881f9c1015fffff,7.07455051588568,46.3232224255978,1.52716137121501,2.62552309265487,1.71921785224701
Vaud,881f9c1017fffff,7.08608822276563,46.3219197932757,1.63537380443514,2.15758834258208,1.31932426502778
Vaud,881f9c101dfffff,7.07118946832418,46.330789898122,1.52497199473192,2.86875810366413,1.88118740119449
Vaud,881f9c1021fffff,7.03849508476528,46.305721342671,1.46962628956295,3.29577959421915,2.24259705860276
Vaud,881f9c1023fffff,7.05002817268817,46.3044216015583,1.4864065554344,3.16871438655355,2.13179521778111
Vaud,881f9c1025fffff,7.0303258400029,46.2994524967292,1.46017711830432,3.03477228121561,2.07835901766481
Vaud,881f9c1027fffff,7.04185753876348,46.2981532942123,1.47780516594554,3.04923754069708,2.06335558364766
Vaud,881f9c1031fffff,7.06973547707305,46.3093876733548,1.54554341620055,2.69460899779769,1.74347027042561
Vaud,881f9c1033fffff,7.08127085996208,46.3080848474725,1.6339683130363,2.22167229004303,1.35967893154222
Vaud,881f9c1035fffff,7.06156171459606,46.3031205878895,1.53159668831762,2.88020595703476,1.88052506185458
Vaud,881f9c1037fffff,7.073095709581,46.3018183015073,1.58536176782747,2.43941136631107,1.53870959664555
Vaud,881f9c1039fffff,7.06637466102607,46.3169561677531,1.50567346513974,2.91833891298369,1.93822829487988
Vaud,881f9c103bfffff,7.07791097972199,46.3156540753175,1.57978820178284,2.43476272658645,1.54119566397492
Vaud,881f9c1043fffff,7.04475003772701,46.340955002473,1.3271976530185,3.35375523775479,2.52694482251924
Vaud,881f9c1045fffff,7.02503943123903,46.3359847597378,1.36491825549466,3.39727089659496,2.48899220368604
Vaud,881f9c1047fffff,7.03657625834794,46.3346879540864,1.3627253178235,3.50013782818932,2.56848374533734
Vaud,881f9c104bfffff,7.04138595049013,46.348519251284,1.29201873932358,3.23830320660884,2.5063902775158
Vaud,881f9c1059fffff,7.06110282199883,46.3534870472456,1.30140878240115,2.84047798032228,2.18261780520759
Vaud,881f9c105dfffff,7.05292555886937,46.3472213670267,1.30515695293392,3.11678156739009,2.38805115383535
Vaud,881f9c1061fffff,7.02023392398373,46.3221518078225,1.42994952025308,3.36656511077045,2.35432444508573
Vaud,881f9c1065fffff,7.0120653685501,46.315882710949,1.43343269492652,3.0804862262187,2.14902746192531
Vaud,881f9c1069fffff,7.01686878424258,46.3297164892209,1.39606158416352,3.28835891412829,2.35545405118971
Vaud,881f9c106bfffff,7.02840422050823,46.3284202223689,1.40158035949021,3.51109830984762,2.50509953715725
Vaud,881f9c106dfffff,7.00869987869959,46.3234475362106,1.40653979738471,3.05202653789192,2.16988281708544
Vaud,881f9c1081fffff,7.13224355515262,46.3166965267592,1.92366468685696,0.857495927020577,0.445761640726287
Vaud,881f9c1085fffff,7.12406076498422,46.3104329711877,1.94548956747863,0.960036741252863,0.493467946218329
Vaud,881f9c1087fffff,7.13559933437287,46.3091245107762,1.90580927652736,0.769676496798147,0.403858091298937
Vaud,881f9c1089fffff,7.12888719256789,46.3242676653672,1.90780364918338,0.953603880726283,0.499843828862821
Vaud,881f9c108dfffff,7.12070404814501,46.3180042542855,1.93306412460855,1.07024726522955,0.553653265613361
Vaud,881f9c10abfffff,7.12741689851552,46.3028608108302,1.92168103560672,0.857979202484413,0.446473263037396
Vaud,881f9c10c3fffff,7.12553024648957,46.3318379264083,1.86184484154453,1.05789653950212,0.568198013011933
Vaud,881f9c10c7fffff,7.11734674786885,46.3255746599318,1.88588754581199,1.18846047866388,0.63018629149077
Vaud,881f9c10e1fffff,7.10098497207569,46.3130460704434,1.81169085807564,1.55069542400243,0.855938206615209
Vaud,881f9c10e3fffff,7.11252264391529,46.3117401576914,1.90747708107613,1.2157947353672,0.637383666324993
Vaud,881f9c10e5fffff,7.09280669445974,46.3067807484355,1.74236978999714,1.76937821119699,1.0155009696305
Vaud,881f9c10e7fffff,7.10434297965724,46.305475376087,1.84625572828474,1.38609443795287,0.750759722349309
Vaud,881f9c10ebfffff,7.10916498980477,46.3193107077762,1.86545002732232,1.35316756482985,0.725383979742517
Vaud,881f9c10edfffff,7.08944775037486,46.3143507095999,1.69177776167279,1.96523802641601,1.16164077276488
Vaud,881f9c110bfffff,7.00246410681133,46.2882096146521,1.27861091690152,1.96069262409831,1.53345525067914
Vaud,881f9c1111fffff,7.02552149028516,46.2856146335336,1.39274330918058,2.36370285801416,1.69715613956519
Vaud,881f9c1115fffff,7.01735607528401,46.2793442812051,1.30291031141223,1.92772714144704,1.47955475105387
Vaud,881f9c1117fffff,7.02888406194564,46.2780454210452,1.35316738353479,2.05210608968627,1.51652050932953
Vaud,881f9c1119fffff,7.02215833524403,46.2931829689599,1.42061677546505,2.64154036687219,1.85943205267829
Vaud,881f9c111bfffff,7.0336886447037,46.2918843047034,1.45000474735935,2.76206547948914,1.90486650786435
Vaud,881f9c111dfffff,7.01399257026468,46.2869127598651,1.34498630986288,2.18928912572006,1.62774082506703
Vaud,881f9c1121fffff,6.98134690365523,46.261825120275,0.883178104471607,0.862267634375802,0.976323609032047
Vaud,881f9c1123fffff,6.99287026454331,46.2605291422889,0.944165967821024,0.928194398994178,0.983083939295434
Vaud,881f9c1129fffff,6.97798141912126,46.269393293529,0.919530850809877,0.983276858642239,1.06932449060977
Vaud,881f9c1133fffff,7.02408133548232,46.2642046932385,1.25186339830198,1.45171731236829,1.15964514525897
Vaud,881f9c1135fffff,7.00439408331999,46.2592318937392,1.01030548828998,1.00455541584665,0.994308580414562
Vaud,881f9c113bfffff,7.02071899698037,46.2717749255989,1.31213840807089,1.73194271667894,1.31993904455952
Vaud,881f9c1141fffff,6.97604166656558,46.2983649092766,1.11045251834122,1.59823387611692,1.4392635882391
Vaud,881f9c1143fffff,6.9875701465482,46.2970713313869,1.21738356536554,1.85476464421571,1.52356635737791
Vaud,881f9c1145fffff,6.96788146491578,46.2920925513301,0.996989949640271,1.31375698965448,1.31772340345909
Vaud,881f9c1149fffff,6.9726741961083,46.3059294307706,1.11288572409604,1.6633401713372,1.49461902091366
Vaud,881f9c114bfffff,6.98420360854351,46.3046365872399,1.22628662152776,1.94553775362208,1.58652774927793
Vaud,881f9c114dfffff,6.96451364621787,46.2996572159712,0.999478219042153,1.380546897219,1.38126761635891
Vaud,881f9c1155fffff,6.99909908525969,46.2957764821434,1.30790881546684,2.13623258082493,1.63331920051509
Vaud,881f9c1157fffff,7.0106284817938,46.2944803613871,1.37532742547985,2.41361364725944,1.75493748073651
Vaud,881f9c115dfffff,6.99573348005714,46.3033424722292,1.32239615047773,2.26155914376611,1.71019791833869
Vaud,881f9c1161fffff,6.96309058627002,46.2782538289562,0.87027813170331,0.991977757421715,1.13983992161243
Vaud,881f9c1163fffff,6.974615351239,46.2769605899174,0.951815680077427,1.10346987450998,1.15933147310645
Vaud,881f9c1167fffff,6.96645758562457,46.2706872668767,0.846683280555779,0.896393824119698,1.05871208833991
Vaud,881f9c1169fffff,6.95972300336853,46.2858195139027,0.888387289024682,1.07994814762716,1.21562764457468
Vaud,881f9c116bfffff,6.97124869988001,46.2845270092484,0.978367138009101,1.21613442138816,1.24302460103361
Vaud,881f9c1181fffff,7.07500055264519,46.2728372630741,1.57923494875426,1.64203103458995,1.0397636120485
Vaud,881f9c1185fffff,7.06682993663029,46.2665689206273,1.48841162545097,1.56205741177061,1.04947944846731
Vaud,881f9c1189fffff,7.07164171790489,46.2804094096065,1.60867949246454,1.97341778620725,1.2267314871926
Vaud,881f9c118dfffff,7.06347075017588,46.2741412104812,1.53174025527013,1.90313643296109,1.24246681277269
Vaud,881f9c11a9fffff,7.05866105889182,46.2602998963498,1.38956585174014,1.40547583983115,1.01144961073352
Vaud,881f9c11c1fffff,7.05675062802347,46.2892831600716,1.5064777775005,2.54412923330873,1.68879307169726
Vaud,881f9c11c3fffff,7.06828230006909,46.2879806793813,1.61854466703536,2.32396560317553,1.43583655768504
Vaud,881f9c11c7fffff,7.06011098068318,46.2817126236934,1.55883476511796,2.27382270959217,1.45866820555551
Vaud,881f9c11c9fffff,7.05338969206806,46.2968528194239,1.51151249015272,2.90058074718396,1.91899224523834
Vaud,881f9c11cbfffff,7.06492229900907,46.2955510722063,1.54528832710103,2.56249523986206,1.65826350650647
Vaud,881f9c11d5fffff,7.07981442449514,46.2866769262319,1.68309183993257,1.9340510045349,1.14910604320462
Vaud,881f9c11d9fffff,7.08463015673484,46.3005147422545,1.67279688709562,1.98358356270692,1.18578865013965
Vaud,881f9c11ddfffff,7.07645535867875,46.2942480524024,1.61025749737979,2.1530151935225,1.33706267291156
Vaud,881f9c11e1fffff,7.04377355869129,46.2691744663255,1.40365117965693,1.81496112400684,1.29302860305396
Vaud,881f9c11e3fffff,7.05530152108555,46.2678723293581,1.44564868286807,1.72950184839765,1.19635003226817
Vaud,881f9c11e5fffff,7.03560745563915,46.2629043656499,1.29895732805151,1.49646976212519,1.15205459779803
Vaud,881f9c11e7fffff,7.04713403041102,46.2616027667394,1.34610192250286,1.48647542439126,1.10428148087583
Vaud,881f9c11e9fffff,7.04041250391924,46.2767452893096,1.45105513925588,2.17236612618829,1.49709412648668
Vaud,881f9c11ebfffff,7.05194140029825,46.2754438858407,1.48956100416374,2.0920616405826,1.40448201499281
Vaud,881f9c11edfffff,7.03224605035411,46.2704753316866,1.36667524425785,1.81885836368366,1.33086362054605
Vaud,881f9c1231fffff,7.04619750320429,46.3623486969959,1.24937856713971,2.91289181491093,2.33147253484556
Vaud,881f9c1233fffff,7.05773943824666,46.3610510068337,1.26890875639618,2.79093292263703,2.19947487048914
Vaud,881f9c1237fffff,7.04956182319322,46.3547854713093,1.27119594797897,3.03022388796269,2.38375829688596
Vaud,881f9c123bfffff,7.05437547012418,46.3686140877107,1.25145784592481,2.71852856506111,2.17228936149435
Vaud,881f9c12c1fffff,7.09046732643587,46.3861062938847,1.39870151573594,2.00920338549207,1.43647759217227
Vaud,881f9c12c5fffff,7.08228273974548,46.3798435013825,1.35675307114503,2.15761689851829,1.59027972326415
Vaud,881f9c12c7fffff,7.09382929885631,46.3785429147361,1.42276746574465,1.93555180796582,1.36041331740236
Vaud,881f9c12c9fffff,7.08710476941586,46.3936687938628,1.75523186306717,2.62660808087751,1.49644507722624
Vaud,881f9c12cbfffff,7.09865365659343,46.392368399377,1.81464837276337,2.3911183845701,1.31767587619682
Vaud,881f9c12d1fffff,7.12175278375867,46.3897637838502,1.50308222090992,1.49316972213132,0.993405218529834
Vaud,881f9c12d5fffff,7.11356367499819,46.3835027622832,1.50518120013764,1.58647521993726,1.05400945732792
Vaud,881f9c12d7fffff,7.12511252470498,46.382199083317,1.52969661513995,1.38215806286413,0.903550448621258
Vaud,881f9c12d9fffff,7.11839245830054,46.3973276052495,1.4832830725071,1.60859181633112,1.08448066734303
Vaud,881f9c12ddfffff,7.11020299501177,46.3910667294252,1.47843851149468,1.69262320780691,1.14487223827502
Vaud,881f9c12e1fffff,7.07746257511312,46.3660163526715,1.3455853823066,2.31773549371758,1.72247374577192
Vaud,881f9c12e5fffff,7.06928182733896,46.3597520426278,1.31617387298537,2.56585810970015,1.94948263475268
Vaud,881f9c12e9fffff,7.07409989629932,46.3735800223721,1.31682427069812,2.3399392060134,1.77695631686139
Vaud,881f9c12ebfffff,7.08564506554457,46.3722799768749,1.38342945772293,2.10703853700469,1.5230545549267
Vaud,881f9c12edfffff,7.06591879587417,46.3673158573552,1.28551783580809,2.55413437349717,1.9868525370491
Vaud,881f9c1305fffff,6.96256828069876,46.3286177280008,1.14553479389434,1.77291703223279,1.54767628332406
Vaud,881f9c1321fffff,6.95777625710674,46.314783912166,1.07781335900502,1.57810626272822,1.46417396810246
Vaud,881f9c1323fffff,6.96930614173046,46.3134930745167,1.20534803468441,1.84807788502376,1.53323175700671
Vaud,881f9c1325fffff,6.94961675209775,46.3085113040283,0.897598214535795,1.24245216558656,1.38419634249063
Vaud,881f9c1327fffff,6.96114524365769,46.3072210029803,1.09135717159939,1.56193875549167,1.43118934491688
Vaud,881f9c1329fffff,6.95440668643641,46.3223459433374,1.05589339021352,1.55905505573766,1.47652695829681
Vaud,881f9c132bfffff,6.96593750330349,46.3210558403238,1.17969941344723,1.8309621088541,1.55205816666789
Vaud,881f9c132dfffff,6.94624683372372,46.316073478528,0.886614909750897,1.24945872819286,1.40924624033664
Vaud,881f9c1331fffff,6.98900051818468,46.3184718194188,1.30598855485746,2.34031162472635,1.79198478885735
Vaud,881f9c1333fffff,7.00053271438535,46.317177901209,1.38548713885028,2.72043221471594,1.96352036654302
Vaud,881f9c1335fffff,6.9808364866887,46.3122009654205,1.22544826482014,1.99819441042277,1.6305824307614
Vaud,881f9c1337fffff,6.99236729107502,46.3109075847181,1.3274624572406,2.34047414524553,1.76311889837599
Vaud,881f9c133dfffff,6.97746878085514,46.3197644657374,1.20104190568426,1.98681607979878,1.65424376151709
Vaud,881f9c1345fffff,6.94429446842285,46.3450267668574,0.971604996422732,1.33033117977491,1.36920989977711
Vaud,881f9c134dfffff,6.94092255998861,46.352585284064,0.94564438410135,1.21933675788474,1.28942420468502
Vaud,881f9c1361fffff,6.93950524427868,46.3311951930678,0.928411169363969,1.29345551523824,1.39319254002982
Vaud,881f9c1363fffff,6.95103653151809,46.3299070963036,1.02885776104859,1.50753912219978,1.46525513950862
Vaud,881f9c1367fffff,6.94287633116022,46.323634774938,0.871256897997844,1.23090176241684,1.41278854175556
Vaud,881f9c1369fffff,6.93613357295046,46.3387547327265,0.829797359173371,1.12073560186221,1.35061360399926
Vaud,881f9c136bfffff,6.94766579222311,46.3374673708738,0.999911676286722,1.42896480713882,1.42909102976518
Vaud,881f9c136dfffff,6.92797441988688,46.3324820184534,0.781057757505241,1.03071730479558,1.31964287517965
Vaud,881f9c1541fffff,7.19478792689645,46.3239735884084,1.7803887050079,0.504209163016112,0.283201730946656
Vaud,881f9c1543fffff,7.20633242939826,46.3226584024857,1.61739155841595,0.428283267240426,0.264798752665607
Vaud,881f9c154bfffff,7.20298147428298,46.3302329139846,1.64407075242875,0.474512486620156,0.288620478114563
Vaud,881f9c1703fffff,7.20112146850194,46.359209383674,1.6124150605826,0.619764257227574,0.384370173895325
Vaud,881f9c1715fffff,7.2126715597814,46.3578953070979,1.48369478816174,0.52906277697256,0.356584643414469
Vaud,881f9c1731fffff,7.20782558084003,46.3440650395879,1.55112138104874,0.498889497459354,0.321631500638619
Vaud,881f9c1733fffff,7.2193737896816,46.3427494985545,1.4301592894846,0.428135269443735,0.299361947016425
Vaud,881f9c1737fffff,7.21117676180504,46.3364915508673,1.52608354180055,0.449337338946814,0.2944382313544
Vaud,881f9c1739fffff,7.20447381644881,46.3516376505873,1.5803503457255,0.555414674255727,0.35145034501875
Vaud,881f9c173bfffff,7.21602296647248,46.3503228417442,1.45432410020888,0.475279001255377,0.326804046764483
Vaud,881f9c18c3fffff,7.03464044631786,46.1910657012966,0.652908800776034,0.234241540056531,0.358766093791532
Vaud,881f9c18cbfffff,7.03128206872435,46.1986432243976,0.686501994568889,0.271396213908326,0.395332010766783
Vaud,881f9c1a81fffff,7.0178427365453,46.2289445650796,0.832579874037066,0.504391992961035,0.605818142727024
Vaud,881f9c1a83fffff,7.02936328321703,46.2276431111537,0.878710423465574,0.520175256818919,0.591975744144907
Vaud,881f9c1a85fffff,7.00968428378262,46.2226714603653,0.709252127166184,0.393956212658306,0.555452987123715
Vaud,881f9c1a87fffff,7.02120344311732,46.2213705430539,0.78209743983126,0.422150074057921,0.539766597559764
Vaud,881f9c1a8bfffff,7.02600292624559,46.235216990977,0.937150735821009,0.630151134219822,0.672411715782058
Vaud,881f9c1a8dfffff,7.00632264546346,46.230244748791,0.757881946985718,0.470606241076035,0.620949269141126
Vaud,881f9c1a9dfffff,7.03752486011655,46.2339150001013,0.987199275058181,0.647608834139875,0.656006188924427
Vaud,881f9c1aa3fffff,7.01640581302602,46.2075222568019,0.635638281086143,0.287568201738407,0.452408563636265
Vaud,881f9c1aabfffff,7.01304533959405,46.2150972963045,0.672646061140429,0.336208861962513,0.499830269417608
Vaud,881f9c1ac1fffff,6.99959762078878,46.2453886979661,0.85314916126432,0.668879744079929,0.784012660914636
Vaud,881f9c1ac3fffff,7.01111957557683,46.2440899816834,0.900045570451129,0.698319247407563,0.775870989573944
Vaud,881f9c1ac7fffff,7.0029604245083,46.2378171613888,0.804740599514303,0.561028626853581,0.697154620000764
Vaud,881f9c1ac9fffff,6.99623423417658,46.2529593583303,0.901971617071378,0.793971421819839,0.880262091170666
Vaud,881f9c1acbfffff,7.00775712092364,46.251661375876,0.955255798843772,0.840622420135503,0.879997191488375
Vaud,881f9c1ad1fffff,7.03080426341716,46.2490615990242,1.11300297677469,0.970774437476832,0.872211896764179
Vaud,881f9c1ad5fffff,7.02264198665123,46.2427899949322,0.998853946348905,0.767337922621831,0.768218342057585
Vaud,881f9c1ad9fffff,7.02744309091843,46.2566335843162,1.17984804692801,1.18948666720507,1.00816937426998
Vaud,881f9c1adbfffff,7.0389682779293,46.2553325231273,1.23350219124521,1.2201210790475,0.989151934797778
Vaud,881f9c1addfffff,7.01928046430556,46.2503621228266,1.05584159797615,0.928988376562108,0.879855821500882
Vaud,881f9c8801fffff,6.92350596133219,46.4406609259187,0.843706693593391,0.558968477946523,0.662515163374901
Vaud,881f9c8805fffff,6.91533775346107,46.4343918452461,0.894274124699938,0.578927107408414,0.647370969838433
Vaud,881f9c8807fffff,6.92688302834321,46.433111497299,0.836382110578004,0.55395107122821,0.662318172785149
Vaud,881f9c8809fffff,6.92012830815129,46.4482094734478,0.69027643576478,0.464689310456695,0.673193066400783
Vaud,881f9c880dfffff,6.91195975273382,46.4419405381607,0.903628643545449,0.591821449582259,0.654938789080663
Vaud,881f9c8823fffff,6.92209199671232,46.4192918166775,0.816707054854655,0.544260964538829,0.666409040186004
Vaud,881f9c8829fffff,6.90717129244248,46.4281220816086,0.879628971437766,0.56773948074428,0.645430629480406
Vaud,881f9c882bfffff,6.91871516807753,46.4268422713555,0.812552181697221,0.528722553504977,0.650693660560489
Vaud,881f9c8835fffff,6.93363540437204,46.4180099975425,0.848220033063134,0.59375090015727,0.699996318187732
Vaud,881f9c883dfffff,6.93025950931345,46.4255611877773,0.843108212121843,0.568488934449391,0.674277543826408
Vaud,881f9c8841fffff,6.90520199243076,46.4570352803078,0.697246589950433,0.484859065598867,0.6953910891602
Vaud,881f9c8843fffff,6.91675006867135,46.455757139698,0.698223544354444,0.483540843682158,0.69253013249392
Vaud,881f9c8845fffff,6.8970344900405,46.4507659526752,0.853963234851851,0.577986584059561,0.676828416576778
Vaud,881f9c8847fffff,6.90858116576679,46.4494883499107,0.843113729217853,0.566241693206628,0.671607724537856
Vaud,881f9c8849fffff,6.9018222325966,46.4645813291638,0.710441691245767,0.514591537432335,0.724326209699199
Vaud,881f9c884bfffff,6.91337124276323,46.4633039244811,0.708142037868237,0.508862448933566,0.718588110466405
Vaud,881f9c884dfffff,6.89365438320116,46.4583121470949,0.873363204186647,0.61187150461417,0.700592264113072
Vaud,881f9c8861fffff,6.89224860246546,46.4369487209536,0.908092045735329,0.591725229310226,0.651613712606717
Vaud,881f9c8863fffff,6.90379294453208,46.4356709197437,0.892273399490482,0.577546604619788,0.647275381009437
Vaud,881f9c8869fffff,6.88886873536339,46.4444959420847,0.931356516996251,0.616979919555115,0.662453000860463
Vaud,881f9c886bfffff,6.90041401044112,46.4432188768287,0.909032060118135,0.598508955256959,0.658402471722701
Vaud,881f9c886dfffff,6.88070472817012,46.4382252490381,0.936333659023159,0.610430709768984,0.651937163516927
Vaud,881f9c8933fffff,6.89619407989834,46.3791028034093,0.729147682272223,0.623498778342889,0.855106302196418
Vaud,881f9c893bfffff,6.89281703533681,46.3866555971519,0.739253722261685,0.590483093301001,0.798755657928196
Vaud,881f9c8989fffff,6.94375957536822,46.395351144448,0.880784409967979,0.770201097462652,0.874449057846804
Vaud,881f9c898dfffff,6.93559345401491,46.3890811938694,0.843330762247053,0.742559961619418,0.880508567766305
Vaud,881f9c89a1fffff,6.93417698870318,46.3676996813851,0.826100684992604,0.904991107105495,1.09549734499203
Vaud,881f9c89a5fffff,6.92601505099924,46.3614280789719,0.789250486786195,0.881831778617969,1.1173027997851
Vaud,881f9c89a7fffff,6.93755006679162,46.3601429223032,0.848441407594647,1.01453141961591,1.19575896524443
Vaud,881f9c89a9fffff,6.93080332559446,46.3752555611195,0.889216497868002,0.88569145009566,0.99603578230859
Vaud,881f9c89adfffff,6.92264104059767,46.3689841028428,0.848213749809928,0.869256939802071,1.02480882913871
Vaud,881f9c89c1fffff,6.92884389655297,46.4041882657145,0.824496886251016,0.610737989002866,0.740740200705777
Vaud,881f9c89c3fffff,6.94038543727041,46.4029049756887,0.867283406787941,0.692919160447786,0.798953554310548
Vaud,881f9c89c5fffff,6.9206788248585,46.397917922341,0.865616243728412,0.657399539529827,0.759458413925152
Vaud,881f9c89c7fffff,6.93221896801679,46.3966351698076,0.832556725509504,0.667840512300001,0.802156167666893
Vaud,881f9c89c9fffff,6.92546823949447,46.4117404814008,0.819156210838068,0.570078388989619,0.695933671071576
Vaud,881f9c89cbfffff,6.93701071364801,46.4104579267832,0.856385182279644,0.634641691082692,0.741070378393651
Vaud,881f9c89e1fffff,6.91589126439517,46.3840935121287,0.769870731317878,0.659971333216372,0.857249543811884
Vaud,881f9c89e3fffff,6.92742907733666,46.3828105613167,0.80700092226394,0.729468900324318,0.903925733167546
Vaud,881f9c89e5fffff,6.90773002957146,46.3778216613345,0.743956656012433,0.663247692389111,0.891513889994723
Vaud,881f9c89e7fffff,6.91926644510591,46.3765392472917,0.773200235976004,0.724037699774919,0.936416811695579
Vaud,881f9c89e9fffff,6.9125154983367,46.3916468971645,0.769865816180091,0.60840652707472,0.790276064072442
Vaud,881f9c89ebfffff,6.92405424380097,46.390364681787,0.799816119037029,0.659170928081263,0.824153092681976
Vaud,881f9c89edfffff,6.90435391675941,46.3853751906867,0.747544016745508,0.616529351923968,0.824739865631026
Vaud,881f9c8a01fffff,6.89985007226424,46.4934822451818,0.898572160352954,0.767111711947248,0.853700733000598
Vaud,881f9c8a05fffff,6.8916794328136,46.4872141846062,0.898369952359116,0.742368586989115,0.826350642115375
Vaud,881f9c8a09fffff,6.89646831227649,46.5010246198105,0.889661171089383,0.788509100463229,0.886302702744355
Vaud,881f9c8a0dfffff,6.88829732569495,46.4947567054194,0.890221969923921,0.765634606791098,0.860049103097881
Vaud,881f9c8a21fffff,6.88689240968965,46.4734018909019,0.902087871970654,0.684113524061357,0.75836683467086
Vaud,881f9c8a25fffff,6.87872561526506,46.4671323168516,0.912446735460343,0.65847736672859,0.721661156907289
Vaud,881f9c8a29fffff,6.8835105427592,46.4809454399135,0.904625428123307,0.714616048162704,0.789957949385982
Vaud,881f9c8a2bfffff,6.89506095291726,46.4796707815008,0.892013191565186,0.705926636258945,0.791385870673369
Vaud,881f9c8a2dfffff,6.87534340187125,46.4746760116049,0.916237893412131,0.684431647311018,0.747002118371407
Vaud,881f9c8a41fffff,6.88153134989546,46.5098390994198,0.959485174169581,0.882405374016766,0.919665459948845
Vaud,881f9c8a43fffff,6.89308596508489,46.5085661118459,0.872944700868753,0.798893783354606,0.915171124310106
Vaud,881f9c8a47fffff,6.88491463143201,46.502298343753,0.98905274134483,0.881574678854588,0.891332324357038
Vaud,881f9c8a4bfffff,6.88970303056006,46.5161067211006,0.689536358507063,0.647914066237246,0.939637276908886
Vaud,881f9c8a55fffff,6.9046410488477,46.5072918494189,0.893989327299978,0.805277696293983,0.900768803052805
Vaud,881f9c8a61fffff,6.86857721426714,46.4897607547318,1.00301766910223,0.80576975514351,0.803345524176789
Vaud,881f9c8a63fffff,6.88012808887333,46.4884881067468,0.896324201644628,0.736561934680959,0.821758392029884
Vaud,881f9c8a65fffff,6.86041113029472,46.4834909348061,0.895809593538434,0.670187204250812,0.748135774705853
Vaud,881f9c8a67fffff,6.87196060158167,46.4822188242942,0.907311843163523,0.702534493454133,0.77430323294867
Vaud,881f9c8a6bfffff,6.87674504790278,46.4960298912145,0.993648000097628,0.84758812131118,0.853006417995007
Vaud,881f9c8b03fffff,6.85423572251044,46.4483194990065,1.01534110636777,0.640046668757521,0.630376003437101
Vaud,881f9c8b09fffff,6.83930814310919,46.4571348667107,1.01027031719451,0.622854907689059,0.616523020708665
Vaud,881f9c8b0bfffff,6.85085247190548,46.4558636299987,1.0248239813566,0.647415525597023,0.631733387757
Vaud,881f9c8b11fffff,6.87394254220067,46.4533173377584,0.988353291740769,0.662683100725113,0.670492126917432
Vaud,881f9c8b13fffff,6.88548828188203,46.4520422819035,0.955661612180514,0.648540628015372,0.67862998759112
Vaud,881f9c8b15fffff,6.86577959048925,46.4470462530109,0.995418713768717,0.644193328241094,0.64715814493997
Vaud,881f9c8b17fffff,6.87732392840981,46.4457717340913,0.96359931455062,0.635312518231673,0.659311924197408
Vaud,881f9c8b19fffff,6.87056056941368,46.4608620598513,0.92467296146929,0.633210312848898,0.684793801954302
Vaud,881f9c8b1bfffff,6.88210724189229,46.4595877402218,0.898568916908578,0.627803365575947,0.698670245278272
Vaud,881f9c8b1dfffff,6.86239727190552,46.4545911204024,1.01530847673757,0.662673902979042,0.652682330702462
Vaud,881f9c8b41fffff,6.82437858598422,46.4659466066567,0.935272865262947,0.584126572317601,0.624552036109137
Vaud,881f9c8b43fffff,6.83592337405117,46.4646773793852,0.98718277147,0.614990796167426,0.622975617019381
Vaud,881f9c8b47fffff,6.82776428642504,46.4584048307018,1.45295490502657,0.893552997086324,0.614990178975986
Vaud,881f9c8b49fffff,6.82099229856021,46.4734875005559,0.881678468785785,0.567443533796015,0.64359463669049
Vaud,881f9c8b4bfffff,6.8325380180788,46.4722190100773,0.944800401838283,0.602803773025311,0.638022350384743
Vaud,881f9c8b4dfffff,6.8128342712917,46.467214561248,0.872269851348168,0.564479862734003,0.647139026829313
Vaud,881f9c8b51fffff,6.85563087466751,46.4696782100541,0.931694911849203,0.629180283644511,0.675307201577104
Vaud,881f9c8b53fffff,6.86717800991977,46.468405900182,0.929823742238219,0.652924955292295,0.702202929041811
Vaud,881f9c8b55fffff,6.84746863458418,46.4634068792696,1.01777521710632,0.649261407558721,0.637922201922603
Vaud,881f9c8b57fffff,6.85901436667463,46.4621351061461,1.02283565483147,0.676821913821563,0.661711302910223
Vaud,881f9c8b59fffff,6.85224679575506,46.4772204319388,0.905969220143604,0.629400974372799,0.694726664414751
Vaud,881f9c8b5bfffff,6.86379486358983,46.4759488585628,0.920574213457644,0.665712119063866,0.723148779676844
Vaud,881f9c8b5dfffff,6.84408421041752,46.4709492466314,0.991245122024199,0.645101760903762,0.65079943050455
Vaud,881f9c8c09fffff,7.13920236370341,46.4739817058381,1.35450127171062,1.89576432753073,1.39960320977516
Vaud,881f9c8c0dfffff,7.13100204241826,46.4677251586042,1.45579900909276,2.10511959675196,1.44602351258904
Vaud,881f9c8c41fffff,7.12427545564208,46.4828384261322,1.42192842597225,2.10599912155093,1.48108658852568
Vaud,881f9c8c43fffff,7.13583971915905,46.4815386327859,1.36232816711228,1.94082275451782,1.42463673685304
Vaud,881f9c8c45fffff,7.11607617008444,46.4765814820716,1.45724416572257,2.20614665264718,1.51391695677386
Vaud,881f9c8c47fffff,7.12763904191841,46.4752822329217,1.46429786589014,2.16091543351302,1.47573487870885
Vaud,881f9c8c61fffff,7.11124292886195,46.4627673591511,1.54900527334446,2.35102101436809,1.51776178869423
Vaud,881f9c8c63fffff,7.12280346798327,46.4614679200211,1.49911662648808,2.20940992951866,1.47380790158705
Vaud,881f9c8c65fffff,7.10304749260064,46.4565088862473,1.57713316418732,2.39173296949949,1.51650667414119
Vaud,881f9c8c69fffff,7.10787863188559,46.4703238468325,1.56014499806136,2.38112779813555,1.52622211467161
Vaud,881f9c8c6bfffff,7.11944011189361,46.469025141543,1.50926989981139,2.27341398549023,1.50630048725833
Vaud,881f9c8c6dfffff,7.09968284082248,46.4640655209163,1.59212002588142,2.42442111861649,1.52276278120068
Vaud,881f9c8d35fffff,7.09529145325899,46.3999307537153,1.80384896502331,2.50587338439776,1.38918137437597
Vaud,881f9c8d37fffff,7.10684173044098,46.3986298173576,1.46165660927687,1.80055309004567,1.23185779656993
Vaud,881f9c8f03fffff,7.07319690411158,46.4742122983841,1.63654731783645,2.28617643298051,1.39695101269842
Vaud,881f9c8f05fffff,7.05344701777394,46.4692453974902,1.59583287833943,2.0746776347834,1.3000594629572
Vaud,881f9c8f07fffff,7.06500529234112,46.4679523436028,1.62644557657965,2.23097741170307,1.37168894171961
Vaud,881f9c8f0dfffff,7.05007802161693,46.4767982140716,1.58457563915635,1.98582791386693,1.25322380629568
Vaud,881f9c8f15fffff,7.08475702707979,46.4729174250949,1.62924392805616,2.38155687995647,1.46175587273656
Vaud,881f9c8f17fffff,7.09631760330935,46.4716212746305,1.60220218484058,2.41690946249566,1.5084921774315
Vaud,881f9c8f29fffff,7.04525854770565,46.4629842114927,1.55104641789806,1.98929292101035,1.2825489282946
Vaud,881f9c8f2bfffff,7.05681542790722,46.4616916996543,1.59558081913724,2.15683795723457,1.35175726065748
Vaud,881f9c8f33fffff,7.09148879667194,46.4578065048242,1.60772264915537,2.4292559200347,1.5109919122623
Vaud,881f9c8f39fffff,7.07656402164769,46.4666580129838,1.63491328342073,2.35321724071397,1.43935293974145
Vaud,881f9c8f3bfffff,7.08812320477955,46.4653624054744,1.6223677671784,2.42287232715455,1.49341744589045
Vaud,881f9c8f3dfffff,7.06837276341124,46.4603979113693,1.61966217815389,2.29784684960561,1.41871982972691
Vaud,881f9c8f63fffff,7.04188919885998,46.4705371748049,1.54461274343672,1.90222450934662,1.23152195748057
Vaud,881f9c9049fffff,6.86424235367356,46.7193481561156,0.421148547979216,0.226090158665842,0.536841833482944
Vaud,881f9c904dfffff,6.85605249797733,46.7130879238262,0.503583876554837,0.246738897856241,0.489965841528233
Vaud,881f9c9051fffff,6.89899899347052,46.7155626562892,0.503416203899393,0.334748083149146,0.664952936667976
Vaud,881f9c9055fffff,6.8908049037775,46.7093040498781,0.428354980710587,0.239509707763683,0.559138374827266
Vaud,881f9c9059fffff,6.8956074138076,46.7230842255252,0.494526984536955,0.368135722602972,0.744419888325553
Vaud,881f9c905bfffff,6.90719484290238,46.7218205699836,0.53134717761704,0.428717906900256,0.806850821760169
Vaud,881f9c9141fffff,6.81034654809425,46.6679907424417,0.374443088997921,0.40974449775953,1.09427710057644
Vaud,881f9c9145fffff,6.80216935219531,46.6617255335214,0.315444465751799,0.409299140941864,1.29753153210782
Vaud,881f9c9149fffff,6.80695031376241,46.6755120323822,0.371574996148228,0.454868155956819,1.22416244546057
Vaud,881f9c914bfffff,6.81852550213811,46.6742552633261,0.47024842283696,0.416088870305047,0.88482778484365
Vaud,881f9c914dfffff,6.79877277254246,46.6692469721953,0.340080093619565,0.506169170284958,1.48838223636574
Vaud,881f9c9165fffff,6.78921691315304,46.6416704315129,0.343579508386085,0.42971301386951,1.25069453614398
Vaud,881f9c9169fffff,6.79399391420751,46.6554596370661,0.36560772089058,0.526502756903322,1.44007559692891
Vaud,881f9c916dfffff,6.78582023389682,46.6491930535764,0.338576716034507,0.500868708777636,1.47933595270204
Vaud,881f9c9211fffff,6.89362637764902,46.7519009182715,0.473585344142248,0.707986161546256,1.49494947490098
Vaud,881f9c9213fffff,6.90521803894872,46.7506389320306,0.638738746654029,0.994557510683396,1.55706463071685
Vaud,881f9c9215fffff,6.88542913069585,46.7456436064179,0.424840139982022,0.501311563367216,1.18000046650119
Vaud,881f9c9217fffff,6.89701938021375,46.7443821632531,0.550744132998315,0.703036334577922,1.27652078788477
Vaud,881f9c9219fffff,6.89023278403241,46.7594187849496,0.499613077731053,0.856195341520767,1.7137168334526
Vaud,881f9c921bfffff,6.9018253860416,46.7581575362603,0.557453844365911,1.00015840908195,1.79415465368187
Vaud,881f9c921dfffff,6.8820351878492,46.753161623834,0.442111716387257,0.608712848154766,1.37683039284482
Vaud,881f9c9227fffff,6.85265775263215,46.7206074303611,0.394772072259782,0.216236093540659,0.547749217169455
Vaud,881f9c9231fffff,6.88062734572785,46.7318665450891,0.478048546763336,0.374494639489872,0.783382026836849
Vaud,881f9c9233fffff,6.89221524354449,46.7306049070806,0.492721170373993,0.421665703602847,0.855789702079956
Vaud,881f9c9235fffff,6.87243396951287,46.7256076967034,0.377059302579695,0.23801490689701,0.631239980736725
Vaud,881f9c9239fffff,6.87723364494996,46.7393856011997,0.401881530526947,0.368665334347948,0.917348288846602
Vaud,881f9c923bfffff,6.88882248255078,46.7381247007725,0.413514383069552,0.414299517763175,1.0018986877501
Vaud,881f9c923dfffff,6.86903992017906,46.7331269031172,0.378122940222615,0.275868197344679,0.729572760600733
Vaud,881f9c9249fffff,6.84046915942209,46.7719649998043,0.434111649144255,0.541345836754411,1.24701983423283
Vaud,881f9c924dfffff,6.83227687024147,46.7657058197086,0.420960133259011,0.469245035030839,1.11470183981085
Vaud,881f9c9251fffff,6.87524552865836,46.7681949932485,0.467450537991544,0.809190637361672,1.73107221319812
Vaud,881f9c9253fffff,6.88683859923324,46.7669357631049,0.509100459469512,0.96839303284637,1.90216491624354
Vaud,881f9c9255fffff,6.86704899650527,46.7619374400925,0.425740062513461,0.601245536325106,1.41223621938585
Vaud,881f9c9257fffff,6.87864065388026,46.7606787528384,0.563177763727757,0.883724319838856,1.56917473798922
Vaud,881f9c9259fffff,6.87184981205294,46.7757103448822,0.493731981152553,0.910131952074418,1.84337249118405
Vaud,881f9c925bfffff,6.88344382312088,46.7744518525551,0.560004953752492,1.14055241942555,2.03668273250605
Vaud,881f9c925dfffff,6.86365293121819,46.7694529426355,0.446330128307969,0.689155781926653,1.54404943385568
Vaud,881f9c928dfffff,6.93179295194433,46.740590149762,0.636048667193378,0.773134449558148,1.21552719066243
Vaud,881f9c92adfffff,6.91878274206993,46.7205556342535,0.466995470341941,0.397189872637113,0.850521895525634
Vaud,881f9c92c5fffff,6.91681017082809,46.7493756649461,0.730136700843644,1.11350762313106,1.52506732211166
Vaud,881f9c92c7fffff,6.92840277236669,46.7481111168526,0.843428673751364,1.18080195573681,1.40000214894864
Vaud,881f9c92c9fffff,6.92162064056144,46.7631503864754,0.765598250231257,1.38758633475886,1.81242098494834
Vaud,881f9c92e1fffff,6.91200157194956,46.7355990589481,0.470572384591011,0.531612866625016,1.12971539349267
Vaud,881f9c92e3fffff,6.92359182190815,46.7343343172204,0.536212596112325,0.601528070959017,1.12180891556865
Vaud,881f9c92e5fffff,6.90380361270985,46.7293419889263,0.527567835410299,0.488262310814702,0.925496738130315
Vaud,881f9c92e7fffff,6.91539245230449,46.7280777904608,0.463493343838799,0.449838716982885,0.970539756314899
Vaud,881f9c92e9fffff,6.90861010087448,46.7431194395323,0.611153566929244,0.811795229450223,1.32829991245753
Vaud,881f9c92ebfffff,6.92020129175811,46.7418554350903,0.697177451276012,0.911488437900744,1.30739804655542
Vaud,881f9c92edfffff,6.90041179185716,46.7368625200771,0.532799302871824,0.576861612037894,1.08269963742177
Vaud,881f9c9311fffff,6.83628262619302,46.7080851921524,0.514507721922731,0.294773384926016,0.572923150355137
Vaud,881f9c9313fffff,6.84786440219157,46.7068270003356,0.516022753006079,0.250859683069849,0.486140740129135
Vaud,881f9c9315fffff,6.82809770280613,46.7018230372545,0.437575367367641,0.291669879475295,0.666559183232635
Vaud,881f9c9317fffff,6.83967806608339,46.7005653861444,0.448490753465104,0.2356638360911,0.525459743083501
Vaud,881f9c931bfffff,6.8444693093906,46.7143466566881,0.510031198118739,0.273030397068061,0.53532097266822
Vaud,881f9c9321fffff,6.79197784252205,46.6842871889047,0.332723308220063,0.655105914234125,1.96892101650071
Vaud,881f9c9323fffff,6.80355348917473,46.6830324353925,0.367313243590042,0.507442430074433,1.38149777861206
Vaud,881f9c9327fffff,6.79537560269468,46.6767675240509,0.336480695344304,0.577100909841861,1.71510852725545
Vaud,881f9c9329fffff,6.78857949189455,46.6918059665732,0.329891874581238,0.733531823500162,2.22355226066511
Vaud,881f9c932bfffff,6.80015607420118,46.690551951289,0.36241943036446,0.564598705102481,1.55785992085111
Vaud,881f9c932dfffff,6.78040267445007,46.6855406650746,0.304290627094451,0.809945900938855,2.66175106565951
Vaud,881f9c9331fffff,6.82331067196733,46.6880400876616,0.496280512026226,0.375895459233398,0.757425387708018
Vaud,881f9c9335fffff,6.81512961349278,46.6817764043712,0.467104432202574,0.450865839220214,0.965235626419154
Vaud,881f9c9337fffff,6.8267062145606,46.6805190956741,0.499310658210209,0.354002578202593,0.708982619100349
Vaud,881f9c9339fffff,6.81991453899658,46.6955601924949,0.490021663320538,0.405825858412349,0.828179423053152
Vaud,881f9c933bfffff,6.83149348941973,46.6943030817528,0.443149713538379,0.271648298458769,0.61299441285827
Vaud,881f9c9361fffff,6.77360351194895,46.7005758562734,0.308130465859127,0.982877679921112,3.1898101253333
Vaud,881f9c9365fffff,6.7654277650119,46.6943101649184,0.289225381158064,1.04694287260643,3.61981672706058
Vaud,881f9c9367fffff,6.77700338852636,46.6930587043939,0.304539487681548,0.906662892285093,2.97716036494149
Vaud,881f9c936dfffff,6.76202695342754,46.7018265782562,0.297171270460845,1.11856720129828,3.76404892560319
Vaud,881f9c9801fffff,6.79526032911273,46.5551186833231,0.358738653572239,0.254716573266788,0.710033810771092
Vaud,881f9c9809fffff,6.79186792009584,46.562649715642,0.339092838671329,0.224064550610904,0.660776415948089
Vaud,881f9c980dfffff,6.78370435908973,46.5563790642673,0.340773885510513,0.211808176636682,0.621550493281997
Vaud,881f9c9811fffff,6.82654148583072,46.5588631385072,0.553390258775758,0.514034159365853,0.92888183558386
Vaud,881f9c9813fffff,6.83810029098438,46.5575983964776,0.516968758647719,0.506760283936292,0.980253207682936
Vaud,881f9c9815fffff,6.81837369842175,46.5525940983171,0.526351968841641,0.467718171996962,0.888603443483424
Vaud,881f9c9817fffff,6.82993109588587,46.5513298939245,0.594634336615969,0.568561974562914,0.956153958075426
Vaud,881f9c9819fffff,6.82315128738809,46.5663954988988,0.910035070923709,0.810402553264165,0.890517936239078
Vaud,881f9c981bfffff,6.83471102630902,46.5651314941179,0.485403566660023,0.461043162834283,0.949814122723985
Vaud,881f9c9831fffff,6.81359796357269,46.5387908360714,0.45033159972544,0.39094071877458,0.868117447260929
Vaud,881f9c9835fffff,6.80543402589347,46.5325202817736,0.537658595465102,0.445364091166428,0.828339944572383
Vaud,881f9c9841fffff,6.77691708784205,46.571438769093,0.310608408893151,0.165726621601354,0.533554845446452
Vaud,881f9c9843fffff,6.78847492248503,46.5701798635527,0.322417683252988,0.198939732681883,0.617024881125342
Vaud,881f9c9847fffff,6.78031101779709,46.5639093589204,0.324527318405806,0.185822657280048,0.572594807096288
Vaud,881f9c9849fffff,6.77352256909522,46.5789672945996,0.298445008173977,0.151842138004645,0.508777610098707
Vaud,881f9c984bfffff,6.78508133615092,46.5777091268694,0.308138627153606,0.1801048079811,0.584492796780452
Vaud,881f9c9851fffff,6.8082003027291,46.5751889671922,0.765268809527826,0.585266573067054,0.764785609684218
Vaud,881f9c9853fffff,6.81976050042853,46.5739269749134,0.853637743706373,0.72379359268882,0.847893146741862
Vaud,881f9c9857fffff,6.81159202316938,46.5676582286213,0.81137116076462,0.654804883171521,0.807034948782806
Vaud,881f9c985bfffff,6.81636912482253,46.5814575663656,0.376763101971829,0.304508638432742,0.808223089891406
Vaud,881f9c98c5fffff,6.84965956957306,46.5563323793472,0.581792624154421,0.58291788310787,1.00193412378695
Vaud,881f9c98c9fffff,6.85444394022526,46.570133346331,0.547410631036212,0.5235715120299,0.956451121599179
Vaud,881f9c98cbfffff,6.86600603268257,46.5688662523384,1.34021095920961,1.27196821855329,0.949080597955596
Vaud,881f9c98cdfffff,6.84627123902023,46.5638662141134,0.548019581490123,0.536831693580473,0.979584875636691
Vaud,881f9c98e1fffff,6.84487705550953,46.5425295490274,0.595859143922369,0.594468282826161,0.997665788785161
Vaud,881f9c98e3fffff,6.85643446606098,46.5412620578631,0.662533467091529,0.666532037258406,1.00603527273034
Vaud,881f9c98e9fffff,6.8414889673414,46.5500644147188,0.554725263693519,0.552971941267556,0.996839295880831
Vaud,881f9c98ebfffff,6.85304731187679,46.548797660535,0.621067722208267,0.627712025166752,1.01069819396645
Vaud,881f9c98edfffff,6.833320117683,46.5437957653367,0.53176514454787,0.514631375118748,0.967779442476077
Vaud,881f9c9905fffff,6.7300036581588,46.5049332061103,0.656673341435947,0.641149820627131,0.976360360883737
Vaud,881f9c9907fffff,6.74154882982076,46.503675835181,0.56601599105492,0.551276886306968,0.973959914594495
Vaud,881f9c9913fffff,6.78095272397411,46.5137045234094,0.466131534880929,0.377613295298652,0.810100297966563
Vaud,881f9c9915fffff,6.76124825295942,46.508691690857,0.601541133129961,0.524994429934206,0.872749012528098
Vaud,881f9c9917fffff,6.77279579293067,46.5074312404686,0.59614819715543,0.50669140321043,0.849942020504548
Vaud,881f9c9921fffff,6.72524935898727,46.4911237296267,0.679698597806431,0.754254272890418,1.10968931718352
Vaud,881f9c9923fffff,6.73679219193636,46.4898661548006,0.672545600599757,0.744844741420175,1.10750072672536
Vaud,881f9c9925fffff,6.71710224963423,46.4848466585066,0.77533665654442,0.87419918549252,1.12750916406909
Vaud,881f9c9927fffff,6.72864367291414,46.4835896173149,0.731170416387964,0.840302446724664,1.14925662730697
Vaud,881f9c9929fffff,6.72185445727434,46.4986569589264,0.662899696680808,0.691501900372633,1.04314710631946
Vaud,881f9c992bfffff,6.73339821897126,46.4974001220186,0.62358047395616,0.657632083446445,1.05460659996977
Vaud,881f9c992dfffff,6.71370700738295,46.4923800328507,0.794338909383128,0.85489226787426,1.07623113733426
Vaud,881f9c9931fffff,6.75648718383884,46.4948826323656,0.566813547565562,0.560779266369493,0.989354027930374
Vaud,881f9c9933fffff,6.76803238519461,46.4936219792879,0.560058417146559,0.518133901639249,0.925142602586154
Vaud,881f9c9935fffff,6.74833550532332,46.488607308206,0.668534263845558,0.713705869552656,1.06756812350538
Vaud,881f9c9937fffff,6.75987929824098,46.4873471896767,0.595240721282088,0.594222600040061,0.998289563859418
Vaud,881f9c993bfffff,6.76464061296342,46.5011572766202,0.525217234785208,0.479092305995573,0.912179331265664
Vaud,881f9c993dfffff,6.74494246146186,46.4961420132205,0.589084492863136,0.61008630980948,1.035651620779
Vaud,881f9c9961fffff,6.70691475919112,46.5074441320992,0.698380200666609,0.652038024355834,0.933643341740586
Vaud,881f9c9963fffff,6.7184589676465,46.5061893050274,0.618928518803029,0.594208426589172,0.9600598591552
Vaud,881f9c9965fffff,6.69876837988966,46.5011668177375,0.834341679239866,0.802844326249293,0.962248855865298
Vaud,881f9c9967fffff,6.71031117727817,46.4999125241104,0.711382976635999,0.717014709640219,1.00791659793555
Vaud,881f9c9969fffff,6.70351775299294,46.5149748566309,0.73741436776735,0.63770875042745,0.864790243182031
Vaud,881f9c996dfffff,6.69537103369975,46.5086976874926,0.750025770482819,0.68168044042283,0.908876024331814
Vaud,881f9c99a1fffff,6.8060592470679,46.4822939928981,0.683005342617009,0.480560488410956,0.703596968318924
Vaud,881f9c99a3fffff,6.81760542402396,46.4810275122119,0.750469360377957,0.504604856505437,0.672385687073626
Vaud,881f9c99a5fffff,6.79790228161727,46.4760206632678,0.751211849630071,0.542222737191192,0.721797369754226
Vaud,881f9c99a7fffff,6.80944705277023,46.4747547182312,0.813435024157291,0.545859858034903,0.671055267875154
Vaud,881f9c99adfffff,6.79451354510341,46.4835592008228,0.633701291976895,0.479451081579444,0.756588455238506
Vaud,881f9c99b5fffff,6.82915207506305,46.4797597585994,0.814722815079809,0.539860364437628,0.662630718626364
Vaud,881f9c99b7fffff,6.84069919927641,46.4784907318964,0.869441696034642,0.58410543717327,0.671816684013733
Vaud,881f9c99c1fffff,6.8006622401426,46.5187143302941,0.477644418113634,0.388556143546623,0.813484108285304
Vaud,881f9c99c3fffff,6.81221354981537,46.517450262107,0.525926322656453,0.43683608548068,0.830603197942673
Vaud,881f9c99c5fffff,6.79250214986934,46.512442264661,0.484985339705685,0.391438781277559,0.807114667662129
Vaud,881f9c99c7fffff,6.80405205217588,46.5111787326605,0.524779070229556,0.422658363441073,0.805402477763049
Vaud,881f9c99c9fffff,6.79727184022252,46.5262490445632,0.536020665649613,0.429920572749267,0.802059697135444
Vaud,881f9c99cbfffff,6.80882408182811,46.5249857136795,0.479187536133559,0.401920455017247,0.838753984004341
Vaud,881f9c99cdfffff,6.78911140632703,46.5199771249414,0.446817069611982,0.355080091290417,0.794687838579601
Vaud,881f9c99e1fffff,6.78773430981156,46.4986336280165,0.54632883257218,0.445462341509157,0.815374029248773
Vaud,881f9c99e9fffff,6.78434381077557,46.5061695172814,0.503879852475314,0.414946598116107,0.823503055495628
Vaud,881f9c99edfffff,6.77618722262836,46.4998960886566,0.524891164370542,0.453431711105548,0.863858532748042
Vaud,881f9c9a05fffff,6.76333547880991,46.6015475612711,0.32581664099258,0.181709189742983,0.557703833632984
Vaud,881f9c9a07fffff,6.7748970435144,46.6002916074037,0.586489320125975,0.351226747423235,0.598862989266016
Vaud,881f9c9a09fffff,6.76810456910005,46.6153421680631,0.31486482223601,0.236579335013187,0.751367946832297
Vaud,881f9c9a0dfffff,6.75993860360169,46.6090725462624,0.318106494888312,0.201001063997537,0.631867211853405
Vaud,881f9c9a25fffff,6.75040647200636,46.5814798066745,0.369303423793936,0.153172267371048,0.414759943998015
Vaud,881f9c9a29fffff,6.75517161203918,46.5952771080065,0.338810322828855,0.163140581429869,0.481510067543829
Vaud,881f9c9a2bfffff,6.76673176470858,46.5940216908737,0.592832063202816,0.30608524993398,0.516310214869845
Vaud,881f9c9a2dfffff,6.74700950044576,46.5890059712,0.35695791349882,0.153838196396722,0.430970124429614
Vaud,881f9c9a31fffff,6.7898535073871,46.5915070321591,0.640098534858931,0.408775677489785,0.638613674658502
Vaud,881f9c9a37fffff,6.79324733865003,46.5839788007535,0.66802992715945,0.432174199701209,0.646938381247184
Vaud,881f9c9a39fffff,6.78645908708109,46.5990343784871,0.615551533578475,0.401688930154954,0.652567507743433
Vaud,881f9c9a3dfffff,6.77829239679509,46.5927649989801,0.607773748140229,0.347056332994397,0.571028831133922
Vaud,881f9c9a43fffff,6.76470744770727,46.6228661199295,0.307235055193518,0.273118747935745,0.888956983647962
Vaud,881f9c9a47fffff,6.75654113895446,46.6165966456627,0.310121636896352,0.230839923800136,0.744352848483405
Vaud,881f9c9a4bfffff,6.76130973668463,46.6303891859078,0.301766214241713,0.324436365476114,1.07512488199306
Vaud,881f9c9a55fffff,6.77627229060898,46.6216111051574,0.319184551956172,0.281665990368243,0.88245495792954
Vaud,881f9c9a5dfffff,6.77287551283495,46.6291349093273,0.311753276127066,0.325507700615671,1.04411958282998
Vaud,881f9c9a63fffff,6.75177439387934,46.6028022402562,0.328514837624736,0.176806199380111,0.538198519916102
Vaud,881f9c9a67fffff,6.74361193969816,46.5965312505454,0.345588128938502,0.1638558569514,0.474136242627009
Vaud,881f9c9aa3fffff,6.85105536740208,46.5776661495964,0.649013054329315,0.597968853018193,0.921351040675336
Vaud,881f9c9aa5fffff,6.83132117318579,46.5726637074537,0.451161276475721,0.41075727138573,0.910444430413865
Vaud,881f9c9aa7fffff,6.84288232008882,46.5713991646479,0.512834246335184,0.485240209937709,0.946193069993535
Vaud,881f9c9ab5fffff,6.86261839483106,46.5763997926293,1.26313736086232,1.16003302779612,0.9183744094183
Vaud,881f9c9b09fffff,6.71097967368341,46.5714404646755,0.476247953103031,0.235438498811107,0.494361177359586
Vaud,881f9c9b0bfffff,6.72253369438058,46.5701884645389,0.451443866650883,0.19494608175843,0.431827955056013
Vaud,881f9c9b0dfffff,6.70282599368008,46.5651660639563,0.526470079580209,0.298575779276094,0.567127726449657
Vaud,881f9c9b19fffff,6.74224645764092,46.5752078400072,0.395565791079983,0.157756698610608,0.398812794655213
Vaud,881f9c9b1dfffff,6.73408819761954,46.5689351909629,0.426331595434864,0.173356701692219,0.40662410093109
Vaud,881f9c9b47fffff,6.69942613643744,46.57269119154,0.502985144615055,0.304056742697997,0.604504419172653
Vaud,881f9c9b53fffff,6.73884914379488,46.5827341513526,0.381840276349656,0.155155240035579,0.406335448734855
Vaud,881f9c9b55fffff,6.71913510805127,46.577714184195,0.433905552699837,0.195086532015854,0.44960598176721
Vaud,881f9c9b57fffff,6.73069054185153,46.5764616489652,0.413269934558402,0.168117908446954,0.406799271828462
Vaud,881f9c9b5bfffff,6.73545124082322,46.590259577631,0.36667914876247,0.161056503890882,0.439230058306949
Vaud,881f9c9b61fffff,6.68312335825097,46.5601406408089,0.623808896809718,0.533363293532187,0.855010719244165
Vaud,881f9c9b63fffff,6.69467406780542,46.5588909825385,0.58623487254122,0.39229539680552,0.669177858875901
Vaud,881f9c9b65fffff,6.67497460030436,46.5538643454039,0.703657459592895,0.721264910456391,1.02502275876345
Vaud,881f9c9b67fffff,6.68652389582335,46.5526152209232,0.653579196327946,0.521203691741021,0.797460651546652
Vaud,881f9c9b69fffff,6.67972223166471,46.5676651759377,0.59258648429889,0.555553170998764,0.937505639630068
Vaud,881f9c9b6bfffff,6.69127387021652,46.5664162563546,0.557876501625292,0.396983370424904,0.711597224956331
Vaud,881f9c9b6dfffff,6.67157313415921,46.561389026553,0.666811185722079,0.75728179736429,1.13567650570265
Vaud,881f9cc493fffff,6.95635483679165,46.2933843215244,0.89938882434782,1.15444945755926,1.28359328724858
Vaud,881f9cc499fffff,6.94145898805021,46.3022380164127,0.887189402665934,1.15810329317945,1.30536195506781
Vaud,881f9cc49bfffff,6.95298608641088,46.3009482516301,0.90234425891861,1.21001344120063,1.34096652052813
Vaud,881f9cc4d3fffff,6.93808872233422,46.3098003340743,0.810955554379284,1.08575765776921,1.33886210151216
Vaud,881f9cc4dbfffff,6.93471787248735,46.3173617737623,0.802993168450212,1.0866820640723,1.35328930153865
Vaud,881f9cc691fffff,6.92122862922019,46.3475987489606,0.759590474749171,0.917267927754677,1.20758218835955
Vaud,881f9cc693fffff,6.93276131704695,46.3463133937236,0.817298049933524,1.05191508188587,1.2870642258004
Vaud,881f9cc697fffff,6.9246018168761,46.3400408230752,0.769630613036096,0.979143255766654,1.27222493386023
Vaud,881f9cc699fffff,6.91785485679045,46.3551557959193,0.751673897973185,0.850114240217616,1.13096150140356
Vaud,881f9cc69bfffff,6.92938847643943,46.3538711758688,0.801883991101896,0.967975778754305,1.20712695289524
Vaud,881f9cc6d3fffff,6.9144804994582,46.3627119637611,0.74632435393928,0.782641697797767,1.04866160894629
Vaud,881f9cd249fffff,6.44111531191361,46.464460213879,0.653101515321873,1.93612170715887,2.96450346804765
Vaud,881f9cd24bfffff,6.45263748070917,46.463230986334,0.632440928284907,2.01812694809973,3.19101256392848
Vaud,881f9cd24dfffff,6.43300910549108,46.4581676982534,0.666521179798431,1.93910186158331,2.90928768710655
Vaud,881f9cd603fffff,6.69267142301283,46.4660113777913,0.835254653603899,0.84339392470415,1.00974465818913
Vaud,881f9cd615fffff,6.70420861652268,46.4647559354765,0.801683989768422,0.870686071467246,1.08607142287918
Vaud,881f9cd61dfffff,6.70081328188202,46.4722904820875,0.802078827585798,0.856835001734894,1.06826782139844
Vaud,881f9cd659fffff,6.69062375183508,46.4948888251597,0.866470704123368,0.828463274527814,0.956135355281276
Vaud,881f9cd65bfffff,6.70216513803008,46.4936350646394,0.814111354877184,0.830124973127686,1.01967005883724
Vaud,881f9cd699fffff,6.78974706566231,46.4697466530478,0.757738785481409,0.576775098164123,0.761179326194428
Vaud,881f9cd69bfffff,6.80129043088176,46.4684812433236,0.81003102864284,0.561013920174332,0.692583247229774
Vaud,881f9cd6c9fffff,6.74018557718297,46.4823313046429,0.635061393436524,0.716630168141123,1.12844234517738
Vaud,881f9cd6cbfffff,6.75172796153398,46.4810717203244,0.671108092548158,0.716989569968278,1.06836674736839
Vaud,881f9cd6d1fffff,6.7748141668545,46.4785487360837,0.67308684382975,0.59588565297805,0.885302778446183
Vaud,881f9cd6d3fffff,6.78635798600938,46.4772853358303,0.702971727075022,0.55880154061537,0.794913250552015
Vaud,881f9cd6d5fffff,6.76666176442545,46.472273656102,0.702917866458363,0.667268992061849,0.94928443834252
Vaud,881f9cd6d7fffff,6.77820417654104,46.4710107905856,0.721176575649425,0.612798430614796,0.849720375433668
Vaud,881f9cd6d9fffff,6.77142356978199,46.4860857990468,0.572716628579207,0.523254207815939,0.913635438024606
Vaud,881f9cd6dbfffff,6.78296831903873,46.4848231361506,0.595847126215795,0.49389981400254,0.828903576558774
Vaud,881f9cd6ddfffff,6.76327082506022,46.4798108641932,0.662838157914795,0.650767493261039,0.981789423994947
Zürich,881f816881fffff,8.64121036738914,47.6458005660082,0.516873225312757,0.248411450523215,0.480604214646449
Zürich,881f816883fffff,8.65303060244192,47.6443984261819,0.546314783131206,0.231495999384339,0.423741049175931
Zürich,881f816885fffff,8.63268607055692,47.6396792208596,0.578029692805501,0.369195804166757,0.638714254236393
Zürich,881f816887fffff,8.64450494460633,47.6382776868591,0.616845422525181,0.336946970932086,0.546242151806406
Zürich,881f816889fffff,8.63791519462774,47.6533225438341,0.486130664564602,0.202468044071435,0.416488937707259
Zürich,881f81688bfffff,8.64973645068067,47.6519211277281,0.530740680760531,0.194460322094992,0.366394228187555
Zürich,881f81688dfffff,8.62939047277795,47.6472013762265,0.548756771587749,0.308913990720063,0.562934266535362
Zürich,881f816895fffff,8.66485117694482,47.6429949566138,0.580407676310088,0.226342794448832,0.389972089769374
Zürich,881f816897fffff,8.67667208990616,47.6415901571703,0.778959797058227,0.293202311260489,0.376402366807349
Zürich,881f81689dfffff,8.66155804652416,47.6505183817417,0.753911166601002,0.254425918534512,0.337474665193763
Zürich,881f8168a1fffff,8.62745898693971,47.6260338588991,1.00895090077033,0.917122388438922,0.908986143665372
Zürich,881f8168a3fffff,8.63927547974757,47.6246322066224,1.03561178193007,0.791727428949471,0.764502145267144
Zürich,881f8168a5fffff,8.61893868674047,47.6199107712492,1.11169550470942,1.25251999625322,1.12667541691698
Zürich,881f8168a7fffff,8.63075381855897,47.6185097240677,1.11667965902357,1.06212732903375,0.951147735566783
Zürich,881f8168a9fffff,8.62416355999978,47.6335570927761,0.46055569737232,0.386830588201324,0.839921404530155
Zürich,881f8168b1fffff,8.6596171197649,47.6293503195234,0.587911927782653,0.312564714267455,0.531652275616031
Zürich,881f8168b3fffff,8.67143565188053,47.6279454030215,0.572890957724473,0.279581303744446,0.48801835667811
Zürich,881f8168b5fffff,8.65109231296651,47.6232292252869,0.807267274579587,0.524455304397916,0.649667490449237
Zürich,881f8168b7fffff,8.66290948560589,47.621824914759,0.677787548260395,0.38590106996736,0.569354026874366
Zürich,881f8168b9fffff,8.65632415875679,47.6368748233891,0.561582810025195,0.270140042744534,0.481033318545512
Zürich,881f8168bbfffff,8.66814371201705,47.6354706303157,0.582177771870227,0.257223016017812,0.441828988405881
Zürich,881f8168bdfffff,8.64779892641891,47.6307539065607,0.647423261363111,0.391966920864236,0.605426070170808
Zürich,881f8168c1fffff,8.62279749015461,47.662242982588,0.435677150730712,0.187079683731917,0.429399805379165
Zürich,881f8168c3fffff,8.63461942618236,47.6608436201631,0.471557389102408,0.169653505015868,0.359772763478051
Zürich,881f8168c9fffff,8.61950010503086,47.6697624332356,0.423729885039284,0.161194889941315,0.380418978298805
Zürich,881f8168cbfffff,8.63132306191333,47.6683637948219,0.459101093114809,0.144008959634878,0.313675924092964
Zürich,881f8168cdfffff,8.61097589624182,47.6636410152628,0.470993194654351,0.246793727084737,0.523985760061463
Zürich,881f8168d5fffff,8.64644170333327,47.6594429278538,0.68069899579974,0.213907721129927,0.314247152485676
Zürich,881f8168d7fffff,8.65826432061537,47.6580409055257,0.738490254120817,0.213224364870092,0.28873009993062
Zürich,881f8168ddfffff,8.64314636026002,47.6669638263855,0.663320034870651,0.179381528090041,0.270429835765508
Zürich,881f8168e1fffff,8.60904934672539,47.6424783009885,0.562010979077182,0.501084135620363,0.891591364359357
Zürich,881f8168e5fffff,8.60052956054923,47.6363549627397,0.513070857054117,0.580253701336917,1.13094262392634
Zürich,881f8168e7fffff,8.61234638890815,47.6349566922222,0.452743350998367,0.446354326334365,0.98588819769542
Zürich,881f8168e9fffff,8.60575170884541,47.6499990083763,0.530136282764482,0.422586307559096,0.797127684518123
Zürich,881f8168edfffff,8.59723149892491,47.6438758473857,0.564507625319981,0.581897518780606,1.03080541817441
Zürich,881f816931fffff,8.51732754528805,47.5962538430362,0.565446287780798,0.707796044603528,1.2517476193564
Zürich,881f816933fffff,8.52913413266144,47.594862451403,0.754972182143708,0.900971849261825,1.19338416774981
Zürich,881f816935fffff,8.50882477632755,47.5901230607172,0.511832094238052,0.598136503549789,1.1686185963782
Zürich,881f816937fffff,8.52062999821937,47.5887322708067,0.685162129254292,0.717844806786491,1.04770064797331
Zürich,881f816991fffff,8.61371585189335,47.6062624130845,0.902944653713335,1.19630210843726,1.32488974104615
Zürich,881f816995fffff,8.6051995460475,47.6001375856436,0.901381483126046,1.30998329166472,1.45330619298016
Zürich,881f816997fffff,8.61701093663841,47.5987370237732,0.9003986787946,1.1448995813569,1.27154738042222
Zürich,881f816999fffff,8.61042017205136,47.613786901811,0.791692878476364,1.05436106836987,1.33178041262543
Zürich,881f81699bfffff,8.622233942669,47.6123864593905,1.25603081463729,1.4408707105763,1.14716191178191
Zürich,881f81699dfffff,8.60190344268768,47.6076622510784,0.793538084286014,1.18107150274911,1.48836146133022
Zürich,881f8169a3fffff,8.5796613362394,47.5817584214501,1.4478256649794,2.00666961829941,1.38598842860543
Zürich,881f8169b1fffff,8.59998095641634,47.5864862351889,1.63842083413176,2.31483172744495,1.41284319585183
Zürich,881f8169b3fffff,8.61178996774227,47.5850855534876,1.67780603423354,2.10902472766599,1.25701343578099
Zürich,881f8169b5fffff,8.59146864264481,47.5803596706686,1.75148329704639,2.42388706278204,1.38390532577133
Zürich,881f8169b7fffff,8.60327629301295,47.578959592602,1.88210759508206,2.42099841701996,1.28632306853552
Zürich,881f8169b9fffff,8.5966850249466,47.5940119775615,1.49411566843264,2.25581953521085,1.50980247571947
Zürich,881f8169bbfffff,8.60849505435259,47.5926120197218,1.52704363753862,2.09709581919089,1.37330444765227
Zürich,881f8169bdfffff,8.58817228840565,47.5878855893324,1.88743394950006,2.80421721263094,1.48572998455057
Zürich,881f8169c5fffff,8.55465724924073,47.613248323334,0.743769046426514,1.22632430420795,1.64879717716125
Zürich,881f8169c7fffff,8.56646827911835,47.611853796958,0.793076405428688,1.31298429493873,1.65555838750368
Zürich,881f8169cdfffff,8.55135647925049,47.6207691909164,0.766630566819087,1.30336034494363,1.7001152854517
Zürich,881f8169d3fffff,8.60712389697295,47.6213104897785,0.613083320049631,0.793335599755976,1.29400943364721
Zürich,881f8169e1fffff,8.54944835376494,47.5995985333091,0.803661369405973,1.13882730798953,1.41704871148814
Zürich,881f8169e5fffff,8.54094106927657,47.593469733024,0.867687464482956,1.05996818787688,1.22160136139399
Zürich,881f8169e9fffff,8.54614775798496,47.6071204781607,0.742448538726642,1.13825694389438,1.53311224215834
Zürich,881f8169ebfffff,8.55795742364998,47.6057265547851,0.816233214862882,1.2861683442939,1.5757363470071
Zürich,881f8169edfffff,8.53764005252086,47.6009918540191,0.81350468652347,1.11174440500218,1.36661094080877
Zürich,881f816aa3fffff,8.61620212384604,47.6772809819633,0.412827024456188,0.142113873555829,0.344245568087589
Zürich,881f816aa7fffff,8.60767749060457,47.6711597417612,0.400425025597342,0.188733103878389,0.471331939348302
Zürich,881f816ab1fffff,8.63655388637674,47.6820029179733,0.475831982485592,0.100665234918622,0.211556260663228
Zürich,881f816ab5fffff,8.62802610168088,47.6758830676369,0.447216399570669,0.124815120469046,0.279093344047466
Zürich,881f816ab7fffff,8.6398504213211,47.6744838231498,0.490146250679867,0.115788255777499,0.236232054446795
Zürich,881f816ab9fffff,8.63325675528704,47.689521110683,0.605330416910553,0.11817169345171,0.195218495800735
Zürich,881f816abbfffff,8.64508345930297,47.6881219837513,0.659772637954111,0.110982777943244,0.168213671739087
Zürich,881f816c31fffff,8.80214403002665,47.6622838752881,0.35202908582653,0.0648251637034245,0.184147180768377
Zürich,881f816c35fffff,8.79359722914823,47.6561725394055,0.352743150367156,0.0827096021935393,0.23447543094019
Zürich,881f816c3dfffff,8.79031400324744,47.663701033933,0.350919477377043,0.0705866254586384,0.201147642149248
Zürich,881f816d05fffff,8.71542529632495,47.629840559326,0.454321372070671,0.234497159296259,0.516148201937949
Zürich,881f816d0dfffff,8.71213684962169,47.6373677782561,0.818517880347872,0.361438711836272,0.441577051050686
Zürich,881f816d17fffff,8.75942787413674,47.6317193133971,0.28201857987903,0.170781831940501,0.605569434516537
Zürich,881f816d21fffff,8.71018155054957,47.6161943780593,0.347604594589182,0.205446573053785,0.591035263203564
Zürich,881f816d23fffff,8.72200040542594,47.614783419574,0.355495001994187,0.239546577072724,0.673839507528832
Zürich,881f816d25fffff,8.70165173708729,47.6100755317912,0.435187978670504,0.251517677390412,0.577951804088883
Zürich,881f816d27fffff,8.71346923553224,47.6086651803047,0.355985837374884,0.23094037358334,0.648734722949498
Zürich,881f816d29fffff,8.70689327093254,47.6237226753971,0.467204450748901,0.247149128920675,0.528995664584337
Zürich,881f816d2bfffff,8.71871314821313,47.6223124397071,0.39202848931962,0.233226516286987,0.594922365697861
Zürich,881f816d2dfffff,8.69836303013799,47.6176040066881,0.765127180418497,0.409908904080946,0.535739566664904
Zürich,881f816d31fffff,8.74235390321816,47.6194879778115,0.275885351825919,0.207773515407841,0.753115430133255
Zürich,881f816d35fffff,8.73381959377545,47.6133711311002,0.314515773658606,0.24224737373745,0.770223289342554
Zürich,881f816d39fffff,8.73906809735248,47.6270175427568,0.306028231411739,0.197768355738704,0.646242194147837
Zürich,881f816d3bfffff,8.7508899966118,47.6256040387416,0.284747749280716,0.197991949199355,0.695324018186237
Zürich,881f816d3dfffff,8.73053335930569,47.6209008738892,0.295611440783397,0.199721261242925,0.675620878250334
Zürich,881f816d61fffff,8.69178383190108,47.632658254826,0.972815604456812,0.423065385841996,0.43488754076701
Zürich,881f816d63fffff,8.70360439654148,47.6312500721435,0.854669714330549,0.397791061162469,0.465432499236332
Zürich,881f816d65fffff,8.68325452177462,47.6265391569218,0.540762132437225,0.256036844091029,0.473474063239351
Zürich,881f816d67fffff,8.6950737284558,47.6251315810912,0.87766157744795,0.427752520490271,0.487377517122355
Zürich,881f816d69fffff,8.68849334033411,47.6401840277181,1.03797247583274,0.395624678049936,0.381151415149554
Zürich,881f816d6bfffff,8.70031492723669,47.6387765681243,0.942925340871148,0.380381335980936,0.403405571462858
Zürich,881f816d6dfffff,8.67996360339568,47.6340651075057,0.756903072147929,0.323047424942585,0.426801577150223
Zürich,881f816d81fffff,8.80672418695288,47.6260495536122,0.531198652872039,0.220424188274831,0.414956226042857
Zürich,881f816d89fffff,8.80344333909151,47.6335816508642,0.489897966143716,0.180102973352866,0.367633641695975
Zürich,881f816d8bfffff,8.81526926188821,47.6321616043734,0.530539729994676,0.168510587713582,0.317621053027023
Zürich,881f816d8dfffff,8.79489961644692,47.6274689904155,0.488565878292093,0.236073812219085,0.483197502544266
Zürich,881f816dc1fffff,8.78833527550826,47.6425308406064,0.276440810669869,0.0992769926801235,0.359125674821877
Zürich,881f816dc5fffff,8.77979247514008,47.6364177491894,0.278917744888045,0.130567093603528,0.468120426170578
Zürich,881f816dc7fffff,8.79161774317749,47.6350003657594,0.28778158408757,0.120976493263901,0.420376076695333
Zürich,881f816dc9fffff,8.78505221329932,47.650060414782,0.271330427731769,0.0824999031960799,0.304056953308744
Zürich,881f816dcbfffff,8.79687986032916,47.6486431439353,0.334076743501479,0.0916513478303214,0.274342197154217
Zürich,881f816dcdfffff,8.77650898230075,47.6439475019106,0.245588274793891,0.0967977620956774,0.394146512804467
Zürich,881f816de1fffff,8.77453478765849,47.6227730385934,0.343150654804025,0.236032655056342,0.687839733807709
Zürich,881f816de3fffff,8.7863576774601,47.6213555421986,0.367583857603877,0.229887248537502,0.625400827000509
Zürich,881f816de7fffff,8.77781752195218,47.6152413067068,0.355335871064362,0.276245813254821,0.777421689590085
Zürich,881f816de9fffff,8.77125145904542,47.6303038701776,0.278730616975334,0.165080121911533,0.592256866873516
Zürich,881f816debfffff,8.78307537347991,47.6288870958939,0.287081648395505,0.157187630896621,0.547536325554558
Zürich,881f816dedfffff,8.76271222704472,47.6241892040642,0.291148888847453,0.207326449664531,0.712097684745619
Zürich,881f816f65fffff,8.66020559090917,47.6792018856153,0.673953440216812,0.117774208558527,0.174751253618705
Zürich,881f816f6dfffff,8.65691050382118,47.6867215261137,0.652261318489868,0.100705971842845,0.154395131196807
Zürich,881f832609fffff,8.59752922351185,47.2077637465257,0.524785791183657,0.126978572326534,0.24196267212215
Zürich,881f83260bfffff,8.60927943110957,47.2063446000001,0.571114820336466,0.115806994507117,0.202773576141642
Zürich,881f832643fffff,8.5942494755277,47.2153261433379,0.501862776091006,0.144733835987454,0.288393247880988
Zürich,881f832649fffff,8.57921725569125,47.2243040323785,0.42846441487995,0.186688403789638,0.435715072958731
Zürich,881f832651fffff,8.61447392524084,47.2200509238176,0.573873820379641,0.135713246221835,0.236486212477955
Zürich,881f832653fffff,8.62622682739296,47.2186305836901,0.53691848713417,0.116847913267486,0.217626913707457
Zürich,881f832655fffff,8.60600069103275,47.2139077186304,0.550323021928566,0.129478814061443,0.235277843924636
Zürich,881f832657fffff,8.61775224601148,47.21248797547,0.591800322075778,0.121271993627319,0.204920458985134
Zürich,881f832659fffff,8.61119501539633,47.2276129800232,0.56003926583038,0.156964508976588,0.280274113894236
Zürich,881f83265bfffff,8.62294892631805,47.2261933615914,0.356800932065671,0.0890619418093544,0.249612413548746
Zürich,881f83265dfffff,8.60272136192367,47.221469945221,0.532342934739198,0.149126569639032,0.280132523430767
Zürich,881f832681fffff,8.68305986178924,47.1902336937764,0.434014665917138,0.122545259781732,0.282352808338345
Zürich,881f832685fffff,8.67458116261341,47.1840929646727,0.439241547134041,0.0948576710679429,0.215957874856942
Zürich,881f832689fffff,8.67978776451038,47.1978020317363,0.439670895919728,0.137110798285205,0.311848702194374
Zürich,881f83268bfffff,8.69154032562,47.1963736542974,0.428083199513376,0.164147737451396,0.383448212025117
Zürich,881f83268dfffff,8.67130864379233,47.1916614730174,0.443039478759918,0.103944541549024,0.234616882991937
Zürich,881f8326c3fffff,8.6765150789131,47.2053694783168,0.830375511623893,0.284045591489055,0.34206884417096
Zürich,881f8326c9fffff,8.66148755711406,47.2143616496605,0.474467737537283,0.139293948555693,0.293579389146028
Zürich,881f8326cbfffff,8.67324180486005,47.2129360333357,0.49213340632932,0.183065313667078,0.371983107248314
Zürich,881f8326d1fffff,8.69675130125997,47.2100808424381,0.592645372925981,0.359648966934486,0.606853581187758
Zürich,881f8326d3fffff,8.70850654796315,47.2086512676078,0.390647179913358,0.278867760723487,0.713860934015542
Zürich,881f8326d5fffff,8.68826865027312,47.2039418217085,0.497429641192848,0.214973680847528,0.432169020591568
Zürich,881f8326d7fffff,8.70002255428495,47.2025128457398,0.4760860033256,0.251303487369832,0.527853130767138
Zürich,881f8326d9fffff,8.69347945983525,47.2176479475526,0.592268100201484,0.405573058227216,0.684779507944533
Zürich,881f8326dbfffff,8.70523571765014,47.2162190934295,0.572556196083969,0.476891044966445,0.8329157002023
Zürich,881f8326ddfffff,8.68499638656712,47.2115090976379,0.434273513785436,0.208997261041978,0.481257213271446
Zürich,881f83342dfffff,8.47017481821775,47.2445455673834,0.342570398265205,0.273870329774935,0.799457078491981
Zürich,881f833431fffff,8.51388846212021,47.2464778440093,0.196360081169657,0.17039265277135,0.867756072193353
Zürich,881f833435fffff,8.50542519667667,47.240330212758,0.21535399969404,0.18249188843477,0.847404221393808
Zürich,881f83343dfffff,8.50213663296409,47.2478848743588,0.207876436087298,0.183387513790428,0.882194813621945
Zürich,881f833465fffff,8.45513280879522,47.2534998189359,0.348174969604878,0.272942489131676,0.783923351645358
Zürich,881f833467fffff,8.4668832390231,47.2520980590469,0.33405506033236,0.273017252653116,0.817282194083468
Zürich,881f83346dfffff,8.45183963453688,47.2610506934812,0.339309813292344,0.272181725938217,0.802162847272884
Zürich,881f833481fffff,8.57784189594502,47.2531247419836,0.373357948224083,0.233415983819156,0.625180165386658
Zürich,881f833483fffff,8.58959815241926,47.2517099275558,0.520591509015688,0.284560240402752,0.546609453813002
Zürich,881f833485fffff,8.56936968464301,47.2469810253399,0.395331680463324,0.258668892711931,0.654308535073065
Zürich,881f833487fffff,8.58112459094077,47.2455668075809,0.456924262241899,0.261332500368702,0.57193833193815
Zürich,881f833489fffff,8.57455861113497,47.2606817833608,0.305816832930523,0.199057283054526,0.650903618179019
Zürich,881f83348bfffff,8.58631587608945,47.2592676912263,0.526594763905202,0.311016116747332,0.59061756414145
Zürich,881f833491fffff,8.60983142949144,47.2564355489411,0.491843395339037,0.230311385303726,0.4682616204391
Zürich,881f833493fffff,8.62158971598791,47.255017498528,0.473864763929696,0.204620816379329,0.431812685717412
Zürich,881f833495fffff,8.60135475004665,47.2502937939733,0.327075675435519,0.153471077011347,0.469221921828922
Zürich,881f833497fffff,8.61311168785191,47.2488763411047,0.480923970170952,0.196770927207458,0.409151839816828
Zürich,881f833499fffff,8.606550581466,47.2639938638083,0.381194469660348,0.196002069371209,0.514178680361892
Zürich,881f83349bfffff,8.618309877547,47.2625765353468,0.312636575614871,0.150656612195078,0.481890552628968
Zürich,881f83349dfffff,8.59807348253341,47.2578522797968,0.583677099965302,0.306570371110807,0.52523967640504
Zürich,881f8334a1fffff,8.56418277315844,47.233278266413,0.243025190679848,0.147382299789013,0.606448654054011
Zürich,881f8334a3fffff,8.57593532155191,47.2318639226539,0.420417189868854,0.217260339412301,0.516773206823616
Zürich,881f8334a5fffff,8.55571451648788,47.2271328462115,0.19157595795204,0.116454859622152,0.607878258143987
Zürich,881f8334a7fffff,8.56746571472403,47.2257190983948,0.223971248299401,0.118052510132411,0.527087789297848
Zürich,881f8334abfffff,8.5726527979149,47.2394229203681,0.405720782318678,0.240917966556058,0.59380238098532
Zürich,881f8334b3fffff,8.6079155163407,47.2351741439053,0.383017662603678,0.128956640658443,0.336685884880141
Zürich,881f8334b9fffff,8.59287983903024,47.2441512709389,0.307277492455755,0.147948628948757,0.481482154017709
Zürich,881f8334bbfffff,8.6046354279366,47.2427344152824,0.334475657868091,0.13458516337767,0.402376556295606
Zürich,881f8334bdfffff,8.5844066962596,47.2380079803339,0.464808802647793,0.232200518932336,0.499561362886418
Zürich,881f8334c3fffff,8.57127473637319,47.2682379315319,0.45279889949257,0.29378765561533,0.648825904710819
Zürich,881f8334c9fffff,8.55623133245934,47.2772045141849,0.223913569524295,0.149176769192882,0.666224782668635
Zürich,881f8334cbfffff,8.56799027152228,47.2757931863162,0.454499009419017,0.284322294412579,0.625572968302012
Zürich,881f8334d1fffff,8.59150917808743,47.2729665721183,0.380876907223147,0.215089691348295,0.564722321750736
Zürich,881f8334d3fffff,8.60326914363811,47.2715512855255,0.563838469003161,0.303117447353493,0.537596251439512
Zürich,881f8334d5fffff,8.58303300990338,47.2668245617694,0.53542733763152,0.324448890589927,0.605962504688568
Zürich,881f8334d7fffff,8.5947916252595,47.2654098725721,0.367658271609254,0.205491767095,0.558920560104781
Zürich,881f8334d9fffff,8.58822614087965,47.2805223782548,0.394572224625937,0.215324786753645,0.545717040670509
Zürich,881f8334dbfffff,8.59998711587024,47.2791078139118,0.592636107671819,0.317436832093837,0.535635321548147
Zürich,881f8334ddfffff,8.57974955372353,47.2743805390046,0.545498894813095,0.323890219444178,0.593750459485629
Zürich,881f833511fffff,8.4682996014052,47.2232873872779,0.386164723873925,0.269375371281753,0.697565972830026
Zürich,881f833515fffff,8.45984476586558,47.217136107367,0.50145688083031,0.326590629446571,0.651283573785655
Zürich,881f833517fffff,8.47158982413717,47.2157320468973,0.397019230587694,0.26319183149939,0.662919604951619
Zürich,881f833519fffff,8.46500878864207,47.2308418348528,0.376046931081186,0.272930583796538,0.725788621680346
Zürich,881f83351dfffff,8.45655353936246,47.2246907243322,0.494220679182908,0.335332911999841,0.678508460136157
Zürich,881f833541fffff,8.41802264162173,47.2364443892576,1.09063142395649,0.746468819391442,0.684437292924749
Zürich,881f833543fffff,8.42976864825279,47.2350457254809,0.859046621649373,0.579532078395393,0.674622382290136
Zürich,881f833547fffff,8.42131746781326,47.2288928364891,1.09587220444789,0.719605950978795,0.656651339506635
Zürich,881f833549fffff,8.41472722488845,47.2439950487268,1.07007791701019,0.76710218996897,0.716865732648951
Zürich,881f83354bfffff,8.4264742344618,47.2425971089375,0.848460388654573,0.594008310525362,0.700101405402435
Zürich,881f833551fffff,8.4499693158447,47.2397972794296,0.477941579767144,0.34427276742667,0.720323951714772
Zürich,881f833553fffff,8.46171738571073,47.2383953894413,0.366416536498326,0.274180640945879,0.748275838110629
Zürich,881f833555fffff,8.44151500894754,47.2336457452445,0.844007300114252,0.575201748663239,0.681512764860416
Zürich,881f833557fffff,8.4532617227345,47.2322444484133,0.486644100048447,0.341107106885974,0.700937516456103
Zürich,881f833559fffff,8.44667631855603,47.2473492172005,0.467393687153478,0.345488433920051,0.739180787879583
Zürich,881f83355bfffff,8.45842539247414,47.2459480508625,0.357170078450831,0.273884132225402,0.766817123688891
Zürich,881f83355dfffff,8.43822159843777,47.2411978525501,0.833524138486891,0.585329839293351,0.702235019079242
Zürich,881f833609fffff,8.46921851199273,47.3233823338051,0.293380807521979,0.283230925337856,0.965403728110731
Zürich,881f833613fffff,8.51626818301356,47.317775234445,0.293149887557321,0.257213711189212,0.877413644373029
Zürich,881f83361bfffff,8.51297714903803,47.3253229555217,0.33648715278771,0.308268002969846,0.916136026044157
Zürich,881f833625fffff,8.45041648302077,47.28984711201,0.315695593526812,0.287592315003516,0.910979820119315
Zürich,881f83362dfffff,8.44712135885387,47.2973942402716,0.319944561877403,0.298883298192092,0.934172146694021
Zürich,881f833643fffff,8.46592344848893,47.3309271601367,0.260648656762665,0.243604129926047,0.934607271534348
Zürich,881f833647fffff,8.45745697094346,47.3247808103019,0.38222273895547,0.362947424808755,0.949570467211369
Zürich,881f833649fffff,8.450864239059,47.3398681196305,0.286495766818917,0.251202394650808,0.87681014431736
Zürich,881f83364bfffff,8.46262779327037,47.3384710912757,0.281823320488835,0.250273854339565,0.888052322658942
Zürich,881f83364dfffff,8.44239870629546,47.3337213458603,0.485681912948731,0.450479538584109,0.927519692568131
Zürich,881f833659fffff,8.48286172512064,47.3432175597222,0.293954543288696,0.268629998290063,0.913848771598124
Zürich,881f83365bfffff,8.49462734115561,47.3418172962983,0.352141366524428,0.336899665744771,0.956717096516974
Zürich,881f83365dfffff,8.47439169981884,47.337072743442,0.255248475230525,0.235239766300302,0.921610858156343
Zürich,881f833665fffff,8.43206817913637,47.3063371665774,0.367551935387268,0.356460197278518,0.96982266438874
Zürich,881f833667fffff,8.44382564337779,47.3049404740036,0.327631846715003,0.312739305118107,0.954544890106942
Zürich,881f833681fffff,8.55484650847707,47.3060052679776,0.494985316640612,0.257440044741492,0.520096326268217
Zürich,881f833683fffff,8.56660982631642,47.3045955112567,0.591688152163007,0.274975696919752,0.464730780757627
Zürich,881f833685fffff,8.54637137042287,47.2998627481688,0.273167056495322,0.165151186452874,0.604579441502685
Zürich,881f833687fffff,8.55813333505968,47.2984535885439,0.476253355702955,0.25311499456434,0.531471309405767
Zürich,881f833689fffff,8.5515590911176,47.3135560531237,0.458021412329388,0.241024231449442,0.526229178290268
Zürich,881f83368bfffff,8.56332341810482,47.3121470192467,0.425586921771404,0.194173873367776,0.456249624776
Zürich,881f83368dfffff,8.54308353512524,47.3074137046976,0.289668623250483,0.17653313885932,0.609431345647222
Zürich,881f833691fffff,8.58685310264736,47.3093249905406,0.528276226639565,0.222954814609963,0.422042112377852
Zürich,881f833693fffff,8.59861845824851,47.3079119954468,0.529177329061047,0.235513439666978,0.445055800264278
Zürich,881f833695fffff,8.57837348766667,47.303184434402,0.45782680931397,0.202504229296611,0.442316232201547
Zürich,881f833697fffff,8.59013749155106,47.3017720372814,0.5187349141652,0.231883190470339,0.447016740416459
Zürich,881f833699fffff,8.58356812311554,47.3168770495678,0.531932656569025,0.218271326211271,0.410336390360248
Zürich,881f83369bfffff,8.59533448897207,47.3154647769776,0.753557463159854,0.323485637347406,0.429277995590343
Zürich,881f83369dfffff,8.57508808894041,47.3107366650965,0.477291471098504,0.20199759322359,0.423216431583588
Zürich,881f8336a3fffff,8.55294526895239,47.2847581527325,0.257476201334904,0.164406273252435,0.63852997830502
Zürich,881f8336abfffff,8.54965861498605,47.2923108974538,0.230168477212609,0.141712401787885,0.615689878579611
Zürich,881f8336b1fffff,8.57318087083262,47.289489812829,0.566239040851517,0.296677687128191,0.523944245670599
Zürich,881f8336b3fffff,8.58494251349866,47.2880772908011,0.407347247687226,0.208385653416457,0.511567598896512
Zürich,881f8336b5fffff,8.56470521644471,47.2833475475331,0.355730614405144,0.210405999293966,0.591475658190984
Zürich,881f8336b7fffff,8.57646550741245,47.2819356227513,0.555790676862241,0.312637515667531,0.562509463873252
Zürich,881f8336b9fffff,8.56989564384648,47.2970431090575,0.505750139976412,0.247208773290375,0.488796252833277
Zürich,881f8336bbfffff,8.58165829580688,47.2956313095769,0.477804703234129,0.226419994975607,0.473875609517931
Zürich,881f8336bdfffff,8.56141957100305,47.2909010150024,0.406714106068923,0.226620441095763,0.557198380174596
Zürich,881f8336c1fffff,8.53650609177628,47.3225129344774,0.296135588855506,0.19883890727436,0.671445495770453
Zürich,881f8336c3fffff,8.54827108284362,47.3211059438024,0.437727912621054,0.241165597723338,0.550948639028458
Zürich,881f8336c5fffff,8.5280314725954,47.3163701605896,0.283364633522864,0.21508428581735,0.759037156978152
Zürich,881f8336c7fffff,8.5397951089556,47.3149637668603,0.304238150607243,0.192274494993251,0.631986799188337
Zürich,881f8336c9fffff,8.53321648344966,47.3300612073694,0.383670400527063,0.277779339755375,0.724005134025922
Zürich,881f8336cbfffff,8.54498248351745,47.3286549398341,0.48008231439003,0.284834170266472,0.593302776896434
Zürich,881f8336cdfffff,8.52474144684885,47.323918605006,0.333103891995678,0.268271320020617,0.805368314411941
Zürich,881f8336d1fffff,8.56851551917895,47.325838443374,0.431949247988302,0.187598577339027,0.434306989102821
Zürich,881f8336d3fffff,8.5802825528179,47.3244282141832,0.530840565600149,0.22011230240903,0.414648609531526
Zürich,881f8336d5fffff,8.560036419074,47.3196976328476,0.493743679289607,0.229863776511732,0.465552848883974
Zürich,881f8336d7fffff,8.57180209949039,47.3182880014803,0.484852248574686,0.203649458985797,0.42002374864603
Zürich,881f8336d9fffff,8.56522834786828,47.3333879905978,0.504407034992103,0.235197827769349,0.466285780040778
Zürich,881f8336dbfffff,8.57699639161663,47.3319784842072,0.52698032326536,0.229842648509384,0.436150342550166
Zürich,881f8336ddfffff,8.55674882908632,47.32724735188,0.586380227123557,0.289217860731817,0.493225806999927
Zürich,881f8336e9fffff,8.5195586257896,47.3102266186663,0.213933477581314,0.179647454333037,0.839735119365572
Zürich,881f8336ebfffff,8.53132090723734,47.3088208215494,0.223595401564125,0.161788197984255,0.723575694546902
Zürich,881f833701fffff,8.41329067207119,47.2727937069437,0.727157085493053,0.623190691071934,0.857023473338468
Zürich,881f833703fffff,8.42504205010497,47.2713973467329,0.494467441362657,0.408180889689128,0.825495989309751
Zürich,881f833705fffff,8.40483743006792,47.266641665535,0.939548566228524,0.798756052971622,0.850148764717866
Zürich,881f833707fffff,8.41658744902694,47.2652458981755,0.764027934215431,0.61802061751937,0.808897934018612
Zürich,881f833709fffff,8.40999330398151,47.2803406215898,0.690422167688346,0.627486512861611,0.908844678267711
Zürich,881f83370bfffff,8.42174568576286,47.2789449856177,0.535411844889146,0.465657161850122,0.869717706649792
Zürich,881f83370dfffff,8.40153964979739,47.2741887500044,0.885560325138864,0.801485957271953,0.905060823661305
Zürich,881f833711fffff,8.44525151373331,47.2761497612663,0.32384754530029,0.274960262541861,0.849042293301628
Zürich,881f833713fffff,8.45700495797636,47.2747501726162,0.260343461009694,0.225708631762559,0.866964858219179
Zürich,881f833715fffff,8.43679378292615,47.2699996692361,0.427832259823249,0.348339339392567,0.814196057904744
Zürich,881f833717fffff,8.44854586956198,47.268600674318,0.330909763452701,0.272508966293054,0.823514433208935
Zürich,881f833719fffff,8.44195656691368,47.2836979541461,0.318994070812517,0.280250191973634,0.878543576875274
Zürich,881f83371bfffff,8.45371101601584,47.2822990893983,0.258615173355408,0.229623298259382,0.887895691811617
Zürich,881f83371dfffff,8.4334984226711,47.2775480322217,0.415369770886248,0.352685277680214,0.849087493602898
Zürich,881f833723fffff,8.41143121747637,47.2515448147162,1.0356950179576,0.782077825743852,0.755123672687077
Zürich,881f83372bfffff,8.40813461924855,47.2590936870457,0.990857562474316,0.792377425375138,0.799688527780376
Zürich,881f833733fffff,8.44338273073145,47.2549002615454,0.454978082460455,0.345764830458265,0.759959311860518
Zürich,881f833735fffff,8.42317923008517,47.2501475989923,0.827538944067328,0.604380773765353,0.730335143860228
Zürich,881f833739fffff,8.42833782340637,47.2638488138037,0.579559904413261,0.45573308213056,0.78634335926316
Zürich,881f83373bfffff,8.44008855223387,47.262450412284,0.441427328676506,0.34632223083118,0.784550951726367
Zürich,881f83373dfffff,8.4198836349859,47.257697195465,0.798459577907233,0.611977995587677,0.766448311875318
Zürich,881f833741fffff,8.39494231543823,47.2892802361638,0.781280148554233,0.795909558769282,1.01872492247771
Zürich,881f833743fffff,8.40669534462077,47.287886641934,0.655708960230839,0.630449061865216,0.961476966310281
Zürich,881f833747fffff,8.39824127829989,47.2817349402738,0.832018776523843,0.800496103423099,0.96211302678475
Zürich,881f833751fffff,8.42690592877035,47.2926420755741,0.397684992875411,0.369102797165922,0.92812855344923
Zürich,881f833753fffff,8.43866102896585,47.2912452527776,0.316921506688345,0.288521391873834,0.910387543239724
Zürich,881f833755fffff,8.41844873024288,47.2864917302784,0.515560815983679,0.472561667736508,0.916597330685168
Zürich,881f833757fffff,8.43020247133159,47.285095501061,0.405088687185769,0.359689402792287,0.887927543203244
Zürich,881f83375bfffff,8.43536489975251,47.2987916569812,0.317891772848979,0.299404077602205,0.941842800519544
Zürich,881f83a403fffff,8.47436661494808,47.5156990707013,0.580751318943496,0.400879567583728,0.690277498315473
Zürich,881f83a405fffff,8.45408818090424,47.5109508753779,0.658820366193757,0.675275387874376,1.02497649211375
Zürich,881f83a407fffff,8.4658784254759,47.5095619864574,0.652804369935415,0.508833069349617,0.779457204613931
Zürich,881f83a411fffff,8.49464991425585,47.5204439704211,0.493445588942645,0.25861982539821,0.52411011708987
Zürich,881f83a413fffff,8.50644359314877,47.519051234866,0.469136594161621,0.236665552296149,0.50447045752013
Zürich,881f83a415fffff,8.48615857791569,47.5143082589729,0.53851951659757,0.308777320572603,0.573381857213821
Zürich,881f83a41bfffff,8.50314303291713,47.5265789076535,0.47028815163762,0.230535937657895,0.490201458095704
Zürich,881f83a41dfffff,8.48285658675798,47.5218353815586,0.522851318405889,0.320628297998173,0.613230351939687
Zürich,881f83a423fffff,8.46069526093985,47.4958964842802,0.764916663966064,0.596016951016763,0.779192007566468
Zürich,881f83a425fffff,8.44042454919723,47.4911460983542,1.08159080512205,1.09735071992628,1.01457105102003
Zürich,881f83a427fffff,8.45221105200092,47.4897576809157,1.11661021140704,0.936410092013364,0.838618599800724
Zürich,881f83a42bfffff,8.45739201815273,47.5034241293218,0.725715133220645,0.632205499962571,0.871148293624404
Zürich,881f83a42dfffff,8.43711987958076,47.4986731921128,0.979032395363695,1.18816821128883,1.21361480673726
Zürich,881f83a431fffff,8.48097083805873,47.5006435778976,0.948297350795814,0.59420326296132,0.626600150746665
Zürich,881f83a433fffff,8.49276077700797,47.4992513166546,0.83030448703313,0.509855137679434,0.614058030086366
Zürich,881f83a435fffff,8.47248348304976,47.4945061454491,1.0733009035386,0.732021997045921,0.682028678660846
Zürich,881f83a437fffff,8.48427205813711,47.493114483159,0.92398184039175,0.60349588532153,0.653146911486551
Zürich,881f83a439fffff,8.47766902370857,47.5081717738036,0.604446092961477,0.384665218540369,0.636392927375386
Zürich,881f83a43bfffff,8.48945997461949,47.5067802372797,0.844245844873635,0.485572479516052,0.575155308687047
Zürich,881f83a43dfffff,8.46918125144614,47.5020345154078,0.684873316575948,0.484978485383962,0.708128749720651
Zürich,881f83a481fffff,8.54512365363803,47.5073343354516,0.46633900211901,0.380830316628863,0.816638357286004
Zürich,881f83a485fffff,8.53662728538486,47.5012008497587,0.539471231896932,0.453562908544227,0.840754579163328
Zürich,881f83a487fffff,8.54841998493984,47.4998026918436,0.484017454790251,0.426153439031745,0.880450559817969
Zürich,881f83a489fffff,8.54182672835962,47.5148650803352,0.54722696602188,0.401134888119805,0.733032019667991
Zürich,881f83a48bfffff,8.55362180299372,47.5134670457511,0.757072267259819,0.608289184512559,0.803475719318351
Zürich,881f83a48dfffff,8.53332994032094,47.5087317692594,0.532068637842724,0.388377654379925,0.729939009287608
Zürich,881f83a491fffff,8.57721299070122,47.510667001162,0.677361086330853,0.467382696637637,0.690005236600419
Zürich,881f83a493fffff,8.58900910180528,47.5092649908879,0.451706567765143,0.244913687502976,0.542196427903866
Zürich,881f83a499fffff,8.5739185152119,47.5181990191,0.465209439580657,0.356808620449664,0.766984910648619
Zürich,881f83a49bfffff,8.58571564163112,47.5167977325341,0.433684041741725,0.281145448910883,0.648272525273861
Zürich,881f83a49dfffff,8.56541722410243,47.5120676860716,0.735974040927856,0.582003916562509,0.790794082667326
Zürich,881f83a4a1fffff,8.53142986861318,47.4875345966839,0.534835227918233,0.529099517661831,0.989275743337389
Zürich,881f83a4a3fffff,8.54322019385021,47.4861363150579,0.50618347692479,0.506663873839202,1.00094905688611
Zürich,881f83a4a5fffff,8.52293748104771,47.4813993874911,0.457481294772621,0.466721013106416,1.02019693141418
Zürich,881f83a4a7fffff,8.53472644542633,47.4800017058507,0.555808700280532,0.597797951306319,1.07554622841383
Zürich,881f83a4a9fffff,8.52813269804785,47.4950665891672,0.685835174499143,0.595290288402067,0.867978649296896
Zürich,881f83a4abfffff,8.53992403651508,47.4936690316329,0.485779480505437,0.456104095752443,0.938911819160995
Zürich,881f83a4adfffff,8.51963989144044,47.4889315541715,0.451359056346799,0.401912114475487,0.890448765398607
Zürich,881f83a4b5fffff,8.55501086616842,47.4847367091587,0.761498619566069,0.67902078936765,0.891690111998604
Zürich,881f83a4bdfffff,8.55171572240377,47.4922701496873,0.497635315110879,0.451764394256805,0.907822215463439
Zürich,881f83a4c1fffff,8.52673346783727,47.5237909116812,0.470625139631379,0.258703193186043,0.54970117701038
Zürich,881f83a4c3fffff,8.53852920896593,47.5223949263185,0.555770693800374,0.360773911901059,0.649141662065838
Zürich,881f83a4c5fffff,8.51823762245299,47.5176571747572,0.459646941475875,0.249432555124073,0.542661187569688
Zürich,881f83a4c7fffff,8.53003200118463,47.5162617899588,0.531924063246779,0.334188731050716,0.628263983792878
Zürich,881f83a4c9fffff,8.52343434014007,47.5313191342511,0.49794306094244,0.249058044603243,0.50017374302166
Zürich,881f83a4cbfffff,8.53523109531814,47.5299238732259,0.498831180260858,0.289510147208225,0.580377006619412
Zürich,881f83a4cdfffff,8.51493807549289,47.525185572081,0.464045212560261,0.228349146037725,0.492083831180719
Zürich,881f83a4d3fffff,8.57062344575674,47.5257301381924,0.627004342333824,0.512435369954659,0.817275631692249
Zürich,881f83a4d5fffff,8.55032529789437,47.5209976158575,0.500832019544508,0.377069136999217,0.752885443191412
Zürich,881f83a4d7fffff,8.56212173363798,47.5195989801629,0.779693882205097,0.627815741938797,0.805207987733898
Zürich,881f83a4dbfffff,8.56732778219686,47.5332603582636,0.584796759655103,0.491135324523919,0.839839339762377
Zürich,881f83a4ddfffff,8.5470281986369,47.5285272869646,0.812833948258912,0.563055687695846,0.692706903915504
Zürich,881f83a4e1fffff,8.51304293054427,47.5039931920761,0.480894743598363,0.307418268496082,0.639263108171615
Zürich,881f83a4e3fffff,8.52483493359181,47.5025976831245,0.59113116513586,0.437054482981445,0.739352801473421
Zürich,881f83a4e5fffff,8.50455106731116,47.4978577315425,0.481161474666143,0.31803911341169,0.660982082225856
Zürich,881f83a4e7fffff,8.51634170798546,47.4964628224252,0.479215001348729,0.362112723227967,0.755637286413859
Zürich,881f83a4e9fffff,8.50974355897826,47.5115226629483,0.484475576308128,0.268496847027726,0.554200996206589
Zürich,881f83a4ebfffff,8.5215365751064,47.5101278783798,0.457570207072454,0.286697200367077,0.626564395880083
Zürich,881f83a4edfffff,8.50125127722575,47.5053873767492,0.763793227873633,0.442734015874692,0.579651664505123
Zürich,881f83a501fffff,8.40320465909964,47.4741085707321,0.545690125417054,0.723652282770117,1.32612310368829
Zürich,881f83a503fffff,8.41498670714969,47.4727232675845,0.698442829017995,0.753833533543513,1.07930599645986
Zürich,881f83a509fffff,8.39989773512057,47.4816354594109,0.496211433637234,0.810640699026008,1.63365985560632
Zürich,881f83a50bfffff,8.4116807919242,47.4802508816963,0.646052132833079,0.84513745983896,1.30815675220024
Zürich,881f83a50dfffff,8.39142296952656,47.4754925519294,0.425113023011683,0.708332120654548,1.66622070440566
Zürich,881f83a511fffff,8.43524797806866,47.4774777594551,0.947373418189157,0.850677015128171,0.897932112929857
Zürich,881f83a513fffff,8.44703210544825,47.4760892146532,0.990778355311534,0.779063072826687,0.786314182834285
Zürich,881f83a515fffff,8.42676911269657,47.4713366423488,0.849220275044234,0.768496965959578,0.904944204163694
Zürich,881f83a519fffff,8.43194348718626,47.4850059255119,0.906416943731123,0.952842081508418,1.05121830312019
Zürich,881f83a51bfffff,8.44372862444025,47.4836181058091,0.995006846581996,0.873980908864302,0.878366728697961
Zürich,881f83a51dfffff,8.42346420656705,47.478864981757,0.813973878422078,0.869715275869257,1.06848057281056
Zürich,881f83a521fffff,8.3895648942061,47.4542935075116,0.578175520683987,0.700867286532358,1.21220505099079
Zürich,881f83a523fffff,8.40134320067909,47.4529086714655,0.698295664635888,0.680560868802758,0.974602741028934
Zürich,881f83a529fffff,8.38625773689916,47.4618216405354,0.535959504029502,0.768607486517145,1.43407753895309
Zürich,881f83a52bfffff,8.39803705115969,47.4604375299667,0.658196261770306,0.750327062743492,1.1399746645862
Zürich,881f83a531fffff,8.42159675501626,47.457665344074,0.971614179046347,0.766493102098461,0.788886286993861
Zürich,881f83a533fffff,8.43337714265319,47.4562772684745,1.07575075118984,0.751143581112494,0.698250575499656
Zürich,881f83a535fffff,8.4131218655814,47.4515225140168,0.836060174151229,0.675938980682454,0.80848125718782
Zürich,881f83a537fffff,8.42490088793375,47.4501350350278,0.953492363643752,0.66529255499489,0.697742929426816
Zürich,881f83a53dfffff,8.40981672419188,47.4590520978589,0.814304487862956,0.75851353025837,0.931486368506943
Zürich,881f83a545fffff,8.37633269895222,47.4844006487181,0.314135393719919,0.829565645638103,2.64079012496674
Zürich,881f83a547fffff,8.38811503713652,47.4830187150387,0.386202268724912,0.799036330401339,2.06895814734451
Zürich,881f83a551fffff,8.41685261131433,47.4939189646354,0.759578811541096,1.21962145662269,1.60565492097946
Zürich,881f83a553fffff,8.42863840197459,47.4925331928816,0.944282758519656,1.19675993468008,1.26737454844165
Zürich,881f83a555fffff,8.40837428231959,47.4877775971445,0.581628557712969,0.942204148522048,1.61994134577385
Zürich,881f83a557fffff,8.42015870615242,47.4863924225778,0.748625766021462,0.969140735786998,1.29455968492436
Zürich,881f83a559fffff,8.41354592191445,47.501444607754,0.576187739758579,1.16944880146072,2.02963152591674
Zürich,881f83a55bfffff,8.42533272229522,47.5000595613885,0.827903768187252,1.29972037311685,1.56989305165583
Zürich,881f83a56bfffff,8.37964163941037,47.4768752113147,0.343203209567519,0.72921571274605,2.12473453749153
Zürich,881f83a581fffff,8.48568646856706,47.4643836800421,0.811542316075698,0.658301966804741,0.811173926195287
Zürich,881f83a583fffff,8.49747099850253,47.4629891193982,0.541134922919948,0.501790241464228,0.92729228924384
Zürich,881f83a585fffff,8.47720256280084,47.4582447804471,0.521865795759045,0.389913487805925,0.747152794788558
Zürich,881f83a587fffff,8.48898573041416,47.4568508181782,0.453877249522517,0.382664071545463,0.843100357966893
Zürich,881f83a589fffff,8.48238661304543,47.4719156438775,0.670222430421876,0.513954744329434,0.766842052728557
Zürich,881f83a58bfffff,8.4941721541265,47.4705218077069,0.661325814628142,0.569711326145145,0.861468452528938
Zürich,881f83a58dfffff,8.47390229024395,47.4657769177767,0.958425990957862,0.704494690684685,0.735053825053935
Zürich,881f83a591fffff,8.51774428822231,47.4677301656815,0.544300243094198,0.604804321367795,1.11115938131802
Zürich,881f83a593fffff,8.52953087927336,47.4663323595555,0.588077662630512,0.681094349212844,1.15817075276463
Zürich,881f83a595fffff,8.509255879069,47.461593235709,0.524096103325601,0.554249823994543,1.05753471639572
Zürich,881f83a597fffff,8.52104110928498,47.4601960288391,0.550420348737869,0.632418679823349,1.14897401826351
Zürich,881f83a599fffff,8.51444687363208,47.4752634045494,0.544179193055171,0.556243536425178,1.02216979907349
Zürich,881f83a59bfffff,8.52623447694585,47.4738663225603,0.468270073911954,0.522779771509554,1.11640653681373
Zürich,881f83a59dfffff,8.50595804617939,47.4691266483535,0.537956085558349,0.532712443914095,0.990252658562619
Zürich,881f83a5a1fffff,8.47202053225232,47.4445719009244,0.581188611959963,0.384853352792827,0.662183230836152
Zürich,881f83a5a5fffff,8.46354060180302,47.4384312858803,0.590526311809824,0.346772157645761,0.587225582858427
Zürich,881f83a5a7fffff,8.47532003441563,47.4370377947798,0.524512740879145,0.337335268848807,0.643140275836567
Zürich,881f83a5a9fffff,8.46872043663984,47.4521051094167,0.657552121173493,0.446082683451449,0.678398972624942
Zürich,881f83a5abfffff,8.48050224172669,47.4507117451886,0.466095596209188,0.349928839414324,0.750766242505482
Zürich,881f83a5adfffff,8.4602400898959,47.445964667446,0.667016522470048,0.410154683192705,0.614909330392371
Zürich,881f83a5b9fffff,8.50076924929898,47.4554555331377,0.422079173536026,0.40784344705531,0.966272378801698
Zürich,881f83a5bbfffff,8.51255311847418,47.4540589251897,0.426108070802213,0.460830908862468,1.08148833697255
Zürich,881f83a5c1fffff,8.46729996368397,47.480838497944,1.14311667062141,0.819602673817113,0.716989520738568
Zürich,881f83a5c3fffff,8.47908616371096,47.479446709508,0.73514045588086,0.530912070837509,0.722191339886688
Zürich,881f83a5c5fffff,8.45881658772499,47.4746993472142,0.927913654191889,0.675676041237275,0.728166934697943
Zürich,881f83a5c7fffff,8.47060142391779,47.4733081570012,0.775796500803604,0.559839711358668,0.721632168717908
Zürich,881f83a5c9fffff,8.46399790940413,47.488367940429,1.19605046987077,0.875823262112759,0.732262796742508
Zürich,881f83a5cbfffff,8.47578512042518,47.4869768767572,1.03520293906487,0.714417090497481,0.690122741675012
Zürich,881f83a5cdfffff,8.45551411693325,47.4822289633321,0.977292326477343,0.75098447842589,0.768433822797749
Zürich,881f83a5d1fffff,8.49936059939316,47.484190779312,0.585220258987178,0.458496859775429,0.783460334351608
Zürich,881f83a5d3fffff,8.5111488653758,47.4827957452664,0.451707413459026,0.406766863628252,0.900509603137495
Zürich,881f83a5d5fffff,8.49087271603254,47.4780535978876,0.623487031282791,0.488105232206793,0.782863488279047
Zürich,881f83a5d7fffff,8.50265961966692,47.4766591629467,0.55925066680967,0.498754962245081,0.891827210667988
Zürich,881f83a5d9fffff,8.49606098521967,47.4917214972734,0.514834441970545,0.353198090172661,0.686042077567274
Zürich,881f83a5dbfffff,8.50785026331499,47.4903271876562,0.471285119971208,0.364060598258453,0.772484814035069
Zürich,881f83a5ddfffff,8.48757268408221,47.4855844897636,0.668049434532656,0.473378158387488,0.70859749880433
Zürich,881f83a5e1fffff,8.45363728531239,47.4610287372138,0.855020314052069,0.580947484350073,0.679454598683014
Zürich,881f83a5e3fffff,8.46541974743999,47.4596374200802,0.749119016417126,0.518164177594828,0.69169806965133
Zürich,881f83a5e5fffff,8.44515788612282,47.4548878709231,1.08359330584074,0.705820247783209,0.651370070282571
Zürich,881f83a5e7fffff,8.4569389844451,47.4534971512827,0.758724404384703,0.489325654147166,0.644932008670514
Zürich,881f83a5e9fffff,8.45033499235951,47.4685594250628,0.93888658774046,0.679558193646298,0.723791566009835
Zürich,881f83a5ebfffff,8.46211846451445,47.4671688327382,0.845064174328374,0.596501514722783,0.705865344719956
Zürich,881f83a5edfffff,8.44185517739864,47.4624187319845,1.1787310971981,0.837362484599132,0.71039313935942
Zürich,881f83a605fffff,8.4309446636081,47.5636129114521,0.26391819065802,1.70517516827149,6.4609990088975
Zürich,881f83a607fffff,8.44274198977758,47.5622290996173,0.259212543409816,1.13207489563087,4.36736155102284
Zürich,881f83a629fffff,8.42245670843664,47.5574756761451,0.26132980738265,1.8594773777561,7.1154431114449
Zürich,881f83a62bfffff,8.43425266596617,47.5560924632008,0.25535973546794,1.29281136189351,5.06270637978405
Zürich,881f83a63dfffff,8.446048980195,47.5547079258402,0.297706770035143,0.995203014304431,3.34289681819111
Zürich,881f83a663fffff,8.41914769448113,47.5649953987342,0.229315532383,2.01998586057456,8.8087616202151
Zürich,881f83a681fffff,8.52203269541007,47.5600306665873,0.551765167505519,0.316848427855976,0.574245071120417
Zürich,881f83a683fffff,8.53383385724877,47.5586369778906,0.608128173063017,0.372262192854275,0.612144296784124
Zürich,881f83a685fffff,8.51353338956168,47.5538984052911,0.77491472157069,0.413474740249047,0.533574506638572
Zürich,881f83a687fffff,8.52533318746234,47.5525053177377,0.540715478970015,0.286439567604352,0.529741756514865
Zürich,881f83a689fffff,8.51873160840941,47.5675551154848,0.629034956819947,0.412535537644645,0.655822912815842
Zürich,881f83a68bfffff,8.53053378511772,47.5661621513703,0.621373999816487,0.412354346138405,0.663616994370841
Zürich,881f83a68dfffff,8.51023188307715,47.5614230294973,0.769730121212051,0.471926841707981,0.613106891237235
Zürich,881f83a695fffff,8.54563536760747,47.5572419632713,0.679569898281809,0.483727241777262,0.711813814885407
Zürich,881f83a69dfffff,8.54233631068745,47.5647678611957,0.697763522528951,0.517782342258885,0.742059917924989
Zürich,881f83a6a3fffff,8.52013461795429,47.5388464574929,0.507177554651262,0.243783466924967,0.480666907849647
Zürich,881f83a6abfffff,8.5168343011411,47.5463728812313,0.514328560623571,0.252603542131105,0.491132636742647
Zürich,881f83a6b1fffff,8.54043221709221,47.5435839314788,0.569654602982213,0.344139657986348,0.604119858217128
Zürich,881f83a6b3fffff,8.55223169731681,47.5421874681996,0.61082140741819,0.444748814290344,0.728115958100096
Zürich,881f83a6b5fffff,8.5319323872775,47.5374519208819,0.534334755903587,0.28605150993046,0.535341388090566
Zürich,881f83a6b7fffff,8.54373050508247,47.5360560588969,0.849972348229022,0.543457806352985,0.639382925203765
Zürich,881f83a6b9fffff,8.53713333452729,47.5511109045351,0.591670688538159,0.351210187551353,0.593590648235572
Zürich,881f83a6bbfffff,8.54893382977093,47.5497151655476,0.737721673123416,0.523228749412507,0.709249529293651
Zürich,881f83a6bdfffff,8.52863308470521,47.5449790691109,0.549855653692043,0.284689926860424,0.517753932234495
Zürich,881f83a6c1fffff,8.50362708483709,47.5764695776499,0.485952691589617,0.443326472380483,0.912283191456977
Zürich,881f83a6c3fffff,8.51542992632145,47.5750786642553,0.557924444721804,0.435098103888444,0.779851300663831
Zürich,881f83a6c7fffff,8.50692978154861,47.5689467536752,0.50318028981373,0.370846572630011,0.73700536395671
Zürich,881f83a6cbfffff,8.5121276490072,47.5826013127243,0.538823525265152,0.512175969790278,0.950544929414949
Zürich,881f83a6d5fffff,8.52723311799513,47.5736864247993,0.638611331927522,0.480149616088326,0.75186516756458
Zürich,881f83a6d7fffff,8.53903665887188,47.5722928591457,0.703440007400197,0.565826138394489,0.804370141649595
Zürich,881f83a6ddfffff,8.52393185574206,47.581209798003,0.624790527010032,0.549690457422919,0.879799602682024
Zürich,881f83a6e3fffff,8.5017339418107,47.5552901673313,0.717175901794121,0.443462173231509,0.618345056104259
Zürich,881f83ac11fffff,8.39906841558769,47.3817430197618,0.428623070543939,0.391319591360598,0.912969035623768
Zürich,881f83ac13fffff,8.41083593637551,47.3803535728034,0.410179488876598,0.326827997126425,0.796792638319248
Zürich,881f83ac19fffff,8.39576518046839,47.3892786768764,0.476709320353757,0.436782990969967,0.916245964408329
Zürich,881f83ac1bfffff,8.40753370742504,47.3878899549036,0.417824977086803,0.329057874168134,0.787549553553312
Zürich,881f83ac53fffff,8.39246135229593,47.3968134372421,0.470285411732268,0.437489786203084,0.930264420900525
Zürich,881f83ac5bfffff,8.38915693093252,47.4043473006815,0.50848603171932,0.486986396845012,0.957718337312802
Zürich,881f83ac81fffff,8.44943925249636,47.3686378603321,0.38411372414535,0.246191987636727,0.640935150610675
Zürich,881f83ac83fffff,8.46120718785689,47.3672424091604,0.450382972537921,0.291725289583797,0.647727173032135
Zürich,881f83ac85fffff,8.44097070129063,47.3624923673107,0.421978688302551,0.302854010327426,0.717699776606455
Zürich,881f83ac87fffff,8.45273727595015,47.36109751175,0.584163548596701,0.408599930268703,0.699461531364386
Zürich,881f83ac8bfffff,8.45790957943833,47.3747825860162,0.405370540762034,0.238078018957317,0.587309621734641
Zürich,881f83ac91fffff,8.48144852323933,47.3719891713426,0.752055963633457,0.514913967510794,0.684675067295599
Zürich,881f83ac93fffff,8.49321852228663,47.3705904832109,0.600699559892469,0.462232768783816,0.769490773168804
Zürich,881f83ac95fffff,8.4729754759375,47.3658456378224,0.48278451814904,0.333713051365306,0.691225668637299
Zürich,881f83ac97fffff,8.48474411576108,47.3644475461826,0.533067529493357,0.407051645334385,0.763602400846398
Zürich,881f83ac99fffff,8.47815233845951,47.3795299004714,0.740119664606059,0.454875427711637,0.614597138090841
Zürich,881f83ac9bfffff,8.48992334605945,47.3781319363621,0.483835651740618,0.336954673608111,0.696423821592937
Zürich,881f83ac9dfffff,8.46967887529739,47.3733865388993,0.684511368764843,0.423925091281167,0.619310519336023
Zürich,881f83aca1fffff,8.43580277798553,47.348805415897,0.322458111158564,0.275383436926293,0.854013055949699
Zürich,881f83aca3fffff,8.44756698526602,47.3474104312109,0.306475719310503,0.253050111509357,0.825677518854215
Zürich,881f83aca5fffff,8.42733819155084,47.3426582184454,0.33209964039619,0.311103553931012,0.936777750074856
Zürich,881f83aca7fffff,8.43910103816059,47.3412638286418,0.515792155075704,0.46133255602451,0.894415611956718
Zürich,881f83aca9fffff,8.43250392563268,47.3563461074473,0.41668576996899,0.337704710542971,0.810454147661685
Zürich,881f83acabfffff,8.44426913938911,47.3549518471637,0.397789356289532,0.306660741161831,0.770912384439534
Zürich,881f83acadfffff,8.42403892533386,47.3501990812377,0.349586677465552,0.317095304617879,0.907057748644113
Zürich,881f83acb1fffff,8.46780062790488,47.3521593676034,0.40905252735966,0.324077334147617,0.792263370769183
Zürich,881f83acb3fffff,8.47956690071137,47.3507611480554,0.438200307327254,0.371558218057523,0.847918661499336
Zürich,881f83acb5fffff,8.45933154619947,47.3460141270434,0.303449021757646,0.251615842374747,0.829186533267862
Zürich,881f83acb7fffff,8.47109645980977,47.3446165032589,0.357341017420182,0.308377529416715,0.862978259935123
Zürich,881f83acb9fffff,8.46450420396649,47.3597013362967,0.43262117463076,0.310565916222602,0.717870355022886
Zürich,881f83acbbfffff,8.47627148436289,47.3583038408149,0.465588313272759,0.358640910172038,0.770296203637597
Zürich,881f83acbdfffff,8.45603470713861,47.353556267261,0.551622126425597,0.421480510475689,0.764074699480965
Zürich,881f83acc1fffff,8.43107183228874,47.3851085511335,0.486367386814782,0.292776522995046,0.601965779228
Zürich,881f83acc5fffff,8.4226038141312,47.3789628060862,0.397066209484893,0.278354222871326,0.701027224735214
Zürich,881f83acc7fffff,8.43437204787816,47.3775707194736,0.466354848524849,0.294203026918265,0.630856584527583
Zürich,881f83acc9fffff,8.42777102392686,47.3926454862753,0.414996338566324,0.242747532644987,0.584938974362038
Zürich,881f83accbfffff,8.43954162716573,47.3912535288552,0.491205684061686,0.259378976476356,0.528045551777008
Zürich,881f83accdfffff,8.41930259169077,47.386499913035,0.411210677946252,0.280207028267266,0.681419630605727
Zürich,881f83acd1fffff,8.46308389682186,47.388465652549,0.487096734685052,0.250457775647474,0.514184879127584
Zürich,881f83acd3fffff,8.47485556128371,47.3870697333907,0.421954635786103,0.235617746002339,0.558395917521756
Zürich,881f83acd9fffff,8.45978551871078,47.3960038647658,0.456998847619689,0.221195804483289,0.484018298154148
Zürich,881f83acdbfffff,8.47155819157407,47.3946086699225,0.408574690986535,0.211698026105821,0.518137884641507
Zürich,881f83acddfffff,8.45131258512327,47.3898602509919,0.421894492734044,0.212685482302322,0.504120072589797
Zürich,881f83ace1fffff,8.41743861594805,47.3652781192976,0.383951224608986,0.32337334011257,0.842225052002091
Zürich,881f83ace3fffff,8.42920448096447,47.3638859031145,0.361948261885447,0.277997532768839,0.768058758786974
Zürich,881f83ace7fffff,8.42073906684548,47.3577390482478,0.367249819778987,0.321006483039487,0.874082070980103
Zürich,881f83ace9fffff,8.41413757250396,47.3728162942087,0.398596003174414,0.325068118922285,0.815532811000226
Zürich,881f83acebfffff,8.4259044438432,47.3714248027201,0.380438634879717,0.277944787918518,0.730590330307529
Zürich,881f83ad91fffff,8.42217446749747,47.3289683259295,0.368550795772528,0.372881469464938,1.01175054766422
Zürich,881f83ad93fffff,8.4339349477207,47.3275738062285,0.321242315667481,0.312443948662796,0.972611432007631
Zürich,881f83ad99fffff,8.4188753798963,47.3365102553046,0.380916012177681,0.383752619492706,1.00744680513378
Zürich,881f83ad9bfffff,8.43063686563393,47.3351164600495,0.336616461710997,0.322973326250301,0.959469791253377
Zürich,881f83add3fffff,8.41557570020527,47.3440512891773,0.62985269265993,0.62615514553675,0.994129504936202
Zürich,881f83addbfffff,8.41227542828682,47.3515914273691,0.652543778597944,0.635815288908125,0.974364187908186
Zürich,881f83ae13fffff,8.3877078767438,47.4330894111839,0.595585512697707,0.612683539063858,1.02870792858729
Zürich,881f83ae83fffff,8.43811148272147,47.4200048210209,0.481478316299576,0.242284287776044,0.503209136473957
Zürich,881f83ae85fffff,8.41786504082817,47.4152509108152,0.453592551845224,0.276652635017165,0.609914413038169
Zürich,881f83ae87fffff,8.42963866648728,47.4138611278092,0.46774475745094,0.248291459661304,0.530826814637994
Zürich,881f83ae8dfffff,8.41456185999801,47.4227842581089,0.461822637500003,0.297719219865336,0.644661382293835
Zürich,881f83ae91fffff,8.45836278463859,47.4247554486213,0.708867643860472,0.359806137902735,0.507578729286107
Zürich,881f83ae93fffff,8.47013984553874,47.4233618302695,0.418746973832925,0.22745328492177,0.543175949045834
Zürich,881f83ae95fffff,8.44988682722929,47.4186131208514,0.456085824991975,0.219391364223707,0.481030876650392
Zürich,881f83ae97fffff,8.46166252586298,47.4172200994159,0.664129046224794,0.325981960459459,0.490841294041401
Zürich,881f83aea1fffff,8.41269836807349,47.4015714369693,0.429950311411002,0.290804700520077,0.676368158836123
Zürich,881f83aea3fffff,8.42446962265471,47.4001815247211,0.429393702889671,0.24924724924027,0.580463214907257
Zürich,881f83aea5fffff,8.40423088551477,47.3954254403317,0.480802083641203,0.379262387531424,0.788811863416233
Zürich,881f83aea7fffff,8.41600077638413,47.3940361233885,0.422327224887682,0.284205992655228,0.672952099478817
Zürich,881f83aea9fffff,8.40939536662105,47.4091058535998,0.495429734396388,0.343085017086096,0.692499850668223
Zürich,881f83aeabfffff,8.42116762833442,47.4077166662935,0.442471264280929,0.260493138307017,0.588723289704135
Zürich,881f83aeadfffff,8.40092747050699,47.4029600289103,0.419310942797243,0.336274232358652,0.801968653895246
Zürich,881f83aeb1fffff,8.4447132199187,47.4049343298004,0.398452597584603,0.189988795612606,0.476816556760596
Zürich,881f83aeb3fffff,8.4564865478336,47.4035411803401,0.405830785311807,0.190396495994399,0.469152422352864
Zürich,881f83aeb5fffff,8.43624123327313,47.3987902920289,0.371861009073823,0.191772850183064,0.515711100393945
Zürich,881f83aeb7fffff,8.44801319895111,47.3973977387559,0.494503358676763,0.239011979250433,0.483337423410032
Zürich,881f83aeb9fffff,8.44141264788813,47.4124700239478,0.453438243031103,0.219366085609682,0.483783820577822
Zürich,881f83aebbfffff,8.45318698405244,47.4110775990945,0.420244649330438,0.196937876024452,0.468626730496692
Zürich,881f83aebdfffff,8.43294024642628,47.406326158406,0.447598598294864,0.23131304150582,0.516786787061023
Zürich,881f83aed3fffff,8.45176152238056,47.43982345503,0.542605385457335,0.307032026431938,0.565847731446963
Zürich,881f83aedbfffff,8.44846000107072,47.4473561118794,0.609103508516262,0.368290615320602,0.60464372667584
Zürich,881f83aee1fffff,8.39431886064752,47.4180265148095,0.403197142784076,0.352010247103183,0.873047474177402
Zürich,881f83aee3fffff,8.40609177188893,47.4166393731029,0.433425893474589,0.313239538958485,0.722706104260126
Zürich,881f83aee5fffff,8.38585191624036,47.4118802670174,0.550719416393954,0.551885677249306,1.00211770426216
Zürich,881f83aee7fffff,8.39762346226383,47.410493720462,0.472026920804494,0.391346700614293,0.82907707879734
Zürich,881f83aee9fffff,8.39101366552014,47.4255584117757,0.389610001771046,0.365392174350927,0.937840847745098
Zürich,881f83aeebfffff,8.40278758373926,47.4241719953013,0.428838987589043,0.329875548171083,0.769229379132859
Zürich,881f8e5245fffff,8.79800409413987,47.2335883071718,0.298007037486931,0.174047262167348,0.584037422857777
Zürich,881f8e5249fffff,8.80323981314329,47.2472893721243,0.323668245080605,0.218416104816557,0.674814746692754
Zürich,881f8e524dfffff,8.79473943963889,47.2411581563219,0.288414645361787,0.200944202346387,0.696719828822573
Zürich,881f8e5259fffff,8.83527683091087,47.2505391587852,0.316713108814775,0.132173731324834,0.417329525195413
Zürich,881f8ec009fffff,8.81251121080408,47.4323876294993,1.09982908224311,0.748928446270093,0.680949847900592
Zürich,881f8ec011fffff,8.8478971699064,47.4280908419207,1.40950776061028,1.35540918826742,0.961618819097925
Zürich,881f8ec013fffff,8.85969313381013,47.4266559253146,1.45218415841434,1.35175630945764,0.930843585935852
Zürich,881f8ec015fffff,8.83937090127929,47.4219707938795,1.58269397961746,1.23169801188092,0.778228784429079
Zürich,881f8ec017fffff,8.8511655224694,47.4205364841217,1.26427013605457,1.01699753866621,0.804414744652571
Zürich,881f8ec019fffff,8.84462822654777,47.4356443039339,1.33604546945644,1.5596796503469,1.16738515716942
Zürich,881f8ec01bfffff,8.85642521215516,47.4342101075413,1.14121439044511,1.28166513358142,1.12307130396553
Zürich,881f8ec01dfffff,8.83610152744638,47.4295244314021,1.50628534153075,1.39351402737192,0.925132834364421
Zürich,881f8ec03bfffff,8.84263968435569,47.4144162606704,1.24854691735383,0.829054600206625,0.664015575773255
Zürich,881f8ec041fffff,8.79744351176408,47.441367818109,0.756113982422694,0.439207893240943,0.580875242954323
Zürich,881f8ec043fffff,8.80923920433955,47.4399389300194,0.917287125565301,0.682186681561868,0.74370026848622
Zürich,881f8ec045fffff,8.78892219177486,47.4352455206264,0.741608759677015,0.330932219374607,0.446235585888622
Zürich,881f8ec047fffff,8.80071653859471,47.4338172383701,0.90776609285003,0.49656694238962,0.547020808885464
Zürich,881f8ec049fffff,8.79416989360103,47.4489175015669,1.02033514267336,0.626073391289993,0.613595832492479
Zürich,881f8ec04bfffff,8.80596660664183,47.4474893343376,1.2094842330794,0.965332998707363,0.798136075118217
Zürich,881f8ec04dfffff,8.78564814491311,47.4427953794424,0.720642615435655,0.339203845639379,0.470696345697399
Zürich,881f8ec051fffff,8.82956100695551,47.4446290186733,1.4419985219773,1.83644184374277,1.27353933846243
Zürich,881f8ec053fffff,8.84135869225455,47.4431968699826,1.32857857060467,1.87173073558043,1.40882201248253
Zürich,881f8ec055fffff,8.82103522165309,47.4385087150456,1.08316936946123,1.01171598330272,0.934033043979034
Zürich,881f8ec057fffff,8.83283156271808,47.4370771730595,1.9598015138961,2.14969911607208,1.09689634426216
Zürich,881f8ec05bfffff,8.83808856688778,47.4507485398883,1.73010742694458,2.85976287491304,1.65293948247102
Zürich,881f8ec05dfffff,8.8177636447556,47.4460598400824,1.4334616309353,1.48711071562345,1.03742624394707
Zürich,881f8ec061fffff,8.78367653040989,47.4215715122898,0.638079090665449,0.232995702317999,0.365151758969267
Zürich,881f8ec065fffff,8.77515918761498,47.4154474788474,0.483435544806116,0.165973530744058,0.34332090912062
Zürich,881f8ec069fffff,8.78040264649665,47.4291224423841,0.626665882387686,0.23304846591263,0.371886315279654
Zürich,881f8ec06bfffff,8.79219564734392,47.4276947656288,0.761068107019978,0.325708752736207,0.427962687874999
Zürich,881f8ec06dfffff,8.77188487575168,47.4229985838765,0.471758192481321,0.160562789050448,0.340349763097766
Zürich,881f8ec089fffff,8.89508294431394,47.4223432114817,0.666923272648004,0.491645467809847,0.737184452804863
Zürich,881f8ec0c1fffff,8.88002014475465,47.4313377324481,0.5666214127905,0.49215282001349,0.868574340651428
Zürich,881f8ec0c3fffff,8.89181808977202,47.4298995534944,0.69455969356137,0.529240920286069,0.761980467902442
Zürich,881f8ec0c5fffff,8.87148941817066,47.425219681457,1.10361035306078,0.951160330079398,0.861862456655492
Zürich,881f8ec0c7fffff,8.88328602200101,47.4237821102214,0.832892441077612,0.657695682055911,0.789652600526632
Zürich,881f8ec0c9fffff,8.87675367687377,47.4388924589485,0.617392455352125,0.618169431863917,1.00125848073629
Zürich,881f8ec0cbfffff,8.88855264469591,47.4374549998605,0.462588421095878,0.382824258735288,0.827569911560632
Zürich,881f8ec0cdfffff,8.86822251855323,47.4327745837549,1.225251215946,1.22899378646752,1.00305453320332
Zürich,881f8ec0d1fffff,8.91215153383716,47.4345760978121,0.536600594562682,0.34548569865326,0.643841438406946
Zürich,881f8ec0d3fffff,8.92395145318011,47.4331346546003,0.527469439990852,0.316071755568472,0.599222877393529
Zürich,881f8ec0d5fffff,8.90361635261776,47.4284600467679,0.584441161189965,0.406292705806247,0.695181538855007
Zürich,881f8ec0ddfffff,8.90035193067972,47.436016212857,0.597580570239414,0.425440456374362,0.711938234879213
Zürich,881f8ec0edfffff,8.85443328437559,47.4129812307158,1.09576803993176,0.760835466402006,0.694339895557991
Zürich,881f8ec101fffff,8.75616721626334,47.3819647587878,0.555910523315783,0.343409357790572,0.61774214264244
Zürich,881f8ec103fffff,8.76795177806597,47.3805373374816,0.571506666287811,0.343741515871745,0.601465452895762
Zürich,881f8ec105fffff,8.74765782111555,47.3758372616039,0.700752140875812,0.51020080785986,0.728075988782857
Zürich,881f8ec107fffff,8.75944103716752,47.3744104439499,0.614390620212731,0.463188019903821,0.753898260594285
Zürich,881f8ec109fffff,8.75289280468221,47.3895181784791,0.571754534760031,0.29399392262183,0.514196048738329
Zürich,881f8ec10bfffff,8.76467838405085,47.3880914781708,0.510555697636188,0.259691118969232,0.508644052297469
Zürich,881f8ec10dfffff,8.74438298307875,47.3833908553817,0.761034403876531,0.451881084079247,0.593772215523333
Zürich,881f8ec111fffff,8.78825052571306,47.3852341024791,0.763025799691435,0.341694440869877,0.447815055543413
Zürich,881f8ec115fffff,8.77973666750334,47.3791085913347,0.780747897728212,0.429454254763298,0.550054961419565
Zürich,881f8ec117fffff,8.79152188359188,47.3776785202189,0.762904404951446,0.369517648672321,0.484356422998814
Zürich,881f8ec119fffff,8.78497857731455,47.3927887896512,0.754617112962455,0.311181529324061,0.412370093360901
Zürich,881f8ec11dfffff,8.77646429138903,47.3866634528803,0.748065225027277,0.361751444572469,0.483582757852804
Zürich,881f8ec121fffff,8.742424871932,47.3621543244658,0.74740163883387,0.751075754693008,1.00491585202418
Zürich,881f8ec123fffff,8.75420572541735,47.3607273890884,0.776135238578711,0.866996412585076,1.11706873942839
Zürich,881f8ec125fffff,8.73391944723808,47.356025099503,0.701204388456974,0.715937084966286,1.02101055947715
Zürich,881f8ec127fffff,8.74569895497677,47.3545987670509,0.789624962229129,0.983765475423874,1.24586420450372
Zürich,881f8ec129fffff,8.73915019842909,47.369708987114,0.676665174508521,0.544200967853322,0.804239657004055
Zürich,881f8ec12bfffff,8.75093206851563,47.3682827727797,0.705708856333636,0.638750562864845,0.905119097106619
Zürich,881f8ec12dfffff,8.73064434802522,47.3635799358126,0.648262716002983,0.533045253489047,0.822267331330827
Zürich,881f8ec131fffff,8.77449679449925,47.3654263710805,0.650221865379049,0.537916194634461,0.827280999418378
Zürich,881f8ec133fffff,8.78627964843067,47.3639961834588,0.572827780308212,0.392513414650871,0.685220633747333
Zürich,881f8ec135fffff,8.76598690749893,47.3592991295518,0.854842675538386,0.930966611097942,1.08905022846644
Zürich,881f8ec137fffff,8.77776841719425,47.3578695457274,0.777761394831389,0.727882058006288,0.935868073220689
Zürich,881f8ec139fffff,8.77122458150264,47.3729823017251,0.613315213162666,0.436113531020363,0.711075677988597
Zürich,881f8ec13bfffff,8.78300845313772,47.3715528348011,0.579180291756208,0.358958016388214,0.619769045144424
Zürich,881f8ec13dfffff,8.76271426753326,47.3668552341447,0.694173878636994,0.635996014919889,0.916191223110648
Zürich,881f8ec141fffff,8.73783153454113,47.3984953570814,0.454356276976254,0.201705755651122,0.443937425038951
Zürich,881f8ec143fffff,8.74961780228572,47.3970707028448,0.452176026009787,0.200369628021711,0.44312306822161
Zürich,881f8ec145fffff,8.72932263378791,47.3923676046642,0.490442025084586,0.235564844660183,0.48031129595706
Zürich,881f8ec147fffff,8.74110755426676,47.3909435539339,0.504847339103318,0.25285649358475,0.50085733646504
Zürich,881f8ec149fffff,8.73455492376339,47.4060462646454,0.434213644636645,0.181167893147964,0.417232151466746
Zürich,881f8ec14bfffff,8.74634220893532,47.4046223317059,0.660894301666971,0.265254007089613,0.401356172114911
Zürich,881f8ec14dfffff,8.72604559706865,47.3999186864524,0.465459988639565,0.207993209828853,0.446855186063941
Zürich,881f8ec151fffff,8.76991776716665,47.40177049029,0.671523446000932,0.256873844108023,0.382524014072424
Zürich,881f8ec153fffff,8.78170603825777,47.400342581556,0.738430705426077,0.281699535739758,0.381484049444039
Zürich,881f8ec155fffff,8.76140439931871,47.3956447236134,0.469646974676775,0.205541210363228,0.437650451181311
Zürich,881f8ec157fffff,8.77319132465634,47.3942174192584,0.710288113262896,0.302920602703539,0.426475675218599
Zürich,881f8ec159fffff,8.7666436187814,47.4093226657962,0.44276340430025,0.156518089315237,0.353502768736276
Zürich,881f8ec15dfffff,8.75812982373109,47.4031970736304,0.434035083057104,0.169083319463044,0.389561411193109
Zürich,881f8ec161fffff,8.7240923777927,47.3786869237148,0.624106358352517,0.354292884827617,0.567680300138042
Zürich,881f8ec163fffff,8.7358749343297,47.3772627548159,0.672027038896042,0.438225394257899,0.652094884422782
Zürich,881f8ec165fffff,8.71558744897933,47.372557443396,0.525534274046036,0.29689239334085,0.564934406761153
Zürich,881f8ec167fffff,8.72736865825619,47.3711338772763,0.680724384978577,0.45744723975804,0.672000665544596
Zürich,881f8ec169fffff,8.72081550649641,47.3862390749487,0.459553485879687,0.230980987800135,0.502620467252002
Zürich,881f8ec16dfffff,8.71231015248724,47.3801097684299,0.458359462624856,0.233971738591238,0.510454692592945
Zürich,881f8ec185fffff,8.83014719300959,47.3658217175561,0.523714240920915,0.192377969448119,0.367333851968271
Zürich,881f8ec189fffff,8.83539871318623,47.3795034472104,0.62088625320977,0.234806231584266,0.378179143716579
Zürich,881f8ec18dfffff,8.82687948192674,47.3733803557793,0.575201314829589,0.209012623522387,0.363372993304632
Zürich,881f8ec191fffff,8.87076323891333,47.37519153585,0.510187680214245,0.300228896451475,0.588467554381946
Zürich,881f8ec193fffff,8.88255205368868,47.373751579977,0.490852153125906,0.351567041638764,0.716238157253403
Zürich,881f8ec195fffff,8.8622399846993,47.3690702620304,0.491463176237427,0.245677540492768,0.499890027109743
Zürich,881f8ec197fffff,8.87402745979341,47.3676309125657,0.472515866251083,0.287214411692283,0.607840777857953
Zürich,881f8ec199fffff,8.86749842820901,47.3827512646034,0.565509486345041,0.32321865852206,0.571553026654005
Zürich,881f8ec19dfffff,8.85897474324777,47.3766301655958,0.546406358220096,0.265854129300965,0.486550211763599
Zürich,881f8ec1a5fffff,8.81638288114568,47.3460129661769,0.447786940278866,0.212255973730578,0.47401108571499
Zürich,881f8ec1a7fffff,8.82816467295977,47.3445773638116,0.661270677155682,0.276686626568388,0.41841659720721
Zürich,881f8ec1a9fffff,8.82163016218608,47.3596976719707,0.713965483737037,0.279958474111619,0.392117659030602
Zürich,881f8ec1b1fffff,8.85698358323023,47.355387234877,0.608465409286757,0.272867507008964,0.448451962665913
Zürich,881f8ec1b3fffff,8.8687686983847,47.353947771787,0.595503078666568,0.31069169023241,0.521729780017429
Zürich,881f8ec1bbfffff,8.86550463636543,47.3615094640342,0.626981145646108,0.322564422042638,0.514472284027351
Zürich,881f8ec1c3fffff,8.83213084146785,47.3870610161397,0.707778690755073,0.276683551922122,0.390918171931612
Zürich,881f8ec1c7fffff,8.82361118075987,47.3809380993322,0.639382559969119,0.235440529381359,0.368231078108747
Zürich,881f8ec1d1fffff,8.8524424904339,47.3917472887146,0.722123377534022,0.356978964296654,0.494346223100686
Zürich,881f8ec1d3fffff,8.8642330275418,47.3903100986462,0.64143076915985,0.363895418989685,0.567318308515691
Zürich,881f8ec1d5fffff,8.84391971596341,47.3856257583537,0.675631179816555,0.286028279370905,0.423349732687834
Zürich,881f8ec1d7fffff,8.85570891187219,47.3841891745504,0.622406354077029,0.300306697322618,0.482492981242046
Zürich,881f8ec1e1fffff,8.80657717437453,47.3686899263436,0.583770654136186,0.254577278888794,0.436091257902464
Zürich,881f8ec1e3fffff,8.81836202200914,47.3672564845547,0.551693518408024,0.211818516709125,0.383942369524936
Zürich,881f8ec1e5fffff,8.79806282834446,47.3625646711516,0.518443297297248,0.284254390484248,0.548284435281785
Zürich,881f8ec1edfffff,8.7947926510895,47.3701220430499,0.543175280331417,0.281699547344471,0.51861628749488
Zürich,881f8ec201fffff,8.79287030074012,47.477681986028,0.684685085413529,0.564568813019521,0.824567125890494
Zürich,881f8ec203fffff,8.80467142304836,47.4762553754367,0.652426084174537,0.716922811270124,1.09885675735542
Zürich,881f8ec205fffff,8.78434548972811,47.4715611724739,0.744307159786454,0.50092098131806,0.673003040118244
Zürich,881f8ec207fffff,8.7961452647601,47.4701351682987,0.725226119327897,0.617851757309431,0.851943608818205
Zürich,881f8ec209fffff,8.78959474479203,47.4852279066656,0.588458570060431,0.460410479473929,0.782400839920895
Zürich,881f8ec20bfffff,8.80139688839721,47.4838020171872,0.532587508443404,0.539008890875369,1.01205695276394
Zürich,881f8ec20dfffff,8.78106950484602,47.4791072690277,0.745598051174724,0.502533717431901,0.674000846220207
Zürich,881f8ec211fffff,8.82500215190509,47.4809462545173,0.554065914639661,1.00502424651365,1.8139073708717
Zürich,881f8ec213fffff,8.83680526983123,47.4795163810692,0.60851935588703,1.33117626210285,2.18756601449828
Zürich,881f8ec215fffff,8.81647287078306,47.4748274371252,0.689137261108883,1.03187716210778,1.49734634932873
Zürich,881f8ec217fffff,8.82827464295622,47.4733981709652,0.75968303947032,1.47807649839247,1.94564893725025
Zürich,881f8ec219fffff,8.82172906908514,47.4884934410363,0.420875353251785,0.671683886357124,1.59592117040718
Zürich,881f8ec21bfffff,8.83353320941369,47.4870642883555,0.515683146450432,1.01869038751533,1.97541919786834
Zürich,881f8ec21dfffff,8.8131993577643,47.4823747998472,0.590927636376468,0.810211451797477,1.37108404129759
Zürich,881f8ec221fffff,8.7790982767562,47.4578924078167,0.624170167115379,0.332485516528263,0.532684088483201
Zürich,881f8ec223fffff,8.79089568396661,47.4564662885657,1.09741358926364,0.704440624132157,0.641909878849627
Zürich,881f8ec225fffff,8.77057744668484,47.451769855461,0.571695566163624,0.258926986055932,0.452910607289589
Zürich,881f8ec227fffff,8.78237350661986,47.4503443418985,0.619907885838835,0.310100781815111,0.500236872120919
Zürich,881f8ec229fffff,8.77582245518329,47.4654395770189,0.665876899127059,0.376462066035673,0.565362856902232
Zürich,881f8ec22bfffff,8.78762088272196,47.4640141789273,0.657556036614881,0.435593539588291,0.662443222072358
Zürich,881f8ec22dfffff,8.7673011969275,47.4593172001573,0.618246402129839,0.3076952550351,0.49769032860539
Zürich,881f8ec235fffff,8.80269341757198,47.4550388422756,0.963685074521999,0.807337511559932,0.83776073003972
Zürich,881f8ec239fffff,8.80794536587076,47.4687078366731,0.666872526002678,0.767408794365091,1.15075785017722
Zürich,881f8ec241fffff,8.77451575886112,47.494196770447,0.905103744709282,0.599500025733744,0.662355038566659
Zürich,881f8ec243fffff,8.78631859677678,47.492772930034,0.584693542298891,0.430604329630589,0.736461579407126
Zürich,881f8ec245fffff,8.76599143881915,47.488075702553,1.05931102213175,0.684659487222513,0.646325274558843
Zürich,881f8ec247fffff,8.77779292793673,47.4866524684112,0.841034275542724,0.562442585566676,0.668751086516337
Zürich,881f8ec249fffff,8.77123799748012,47.5017401749578,0.910927220056467,0.601385749231518,0.660190777035118
Zürich,881f8ec24bfffff,8.78304185655524,47.5003170559559,0.697290478758074,0.486169095932359,0.697226063947213
Zürich,881f8ec24dfffff,8.7627132490193,47.4956192831152,1.10361014121177,0.736804356414827,0.667631012891755
Zürich,881f8ec251fffff,8.80665055598236,47.4974668337782,0.4960439296394,0.513911379228843,1.03601989364618
Zürich,881f8ec253fffff,8.81845539435721,47.4960397303446,0.48503486900085,0.653754018887767,1.34784952726073
Zürich,881f8ec255fffff,8.7981217617782,47.4913477617471,0.438838414989218,0.399944556064237,0.911370888243826
Zürich,881f8ec257fffff,8.8099252528771,47.4899212654574,0.41003482989647,0.493993471313236,1.20475977964595
Zürich,881f8ec259fffff,8.80337526694083,47.5050115046324,0.490586320841938,0.43778394293943,0.892368833660325
Zürich,881f8ec25bfffff,8.81518112758211,47.5035851222649,0.458527707677672,0.513099635529483,1.11901555116092
Zürich,881f8ec25dfffff,8.79484604305215,47.498892608939,0.561914942897209,0.459190293516004,0.817188258330413
Zürich,881f8ec261fffff,8.76074692184937,47.4744091989885,0.821855836860428,0.49282876506811,0.599653543802482
Zürich,881f8ec263fffff,8.77254604176211,47.4729858493275,0.717714183770378,0.427661327435143,0.59586578767122
Zürich,881f8ec265fffff,8.75222658424487,47.468286392177,1.20451157628865,0.71684281966689,0.595131531965539
Zürich,881f8ec267fffff,8.76402435536197,47.4668636480591,0.711301385399489,0.38960246552904,0.547731908760767
Zürich,881f8ec269fffff,8.75746889625071,47.4819538527681,1.14166231880793,0.741903318273116,0.64984479740715
Zürich,881f8ec26bfffff,8.76926903635373,47.4805312245647,0.944709624728547,0.588396117736036,0.622832775632095
Zürich,881f8ec26dfffff,8.7489481309769,47.4758312215864,0.909116167988395,0.60722790697951,0.667932139325083
Zürich,881f8ec281fffff,8.87548495626896,47.4676678252851,0.581782679036202,0.848434238532005,1.45833533569192
Zürich,881f8ec285fffff,8.8669507280339,47.4615512623061,1.12998019030339,1.90604780478665,1.68679753958775
Zürich,881f8ec287fffff,8.87875276487225,47.4601159632919,0.909290370740131,1.15958851160421,1.27526755909704
Zürich,881f8ec289fffff,8.87221655643605,47.4752187907393,0.581613310685057,0.930055697828594,1.59909630804894
Zürich,881f8ec28bfffff,8.88402095961703,47.4737836035433,0.503280596488866,0.596187689938981,1.18460297118204
Zürich,881f8ec28dfffff,8.86368189622462,47.4691024041159,0.681407564649545,1.30050770009243,1.90856070223009
Zürich,881f8ec2a1fffff,8.86168694697525,47.4478817007549,1.38628112344342,2.04396971227043,1.47442656305769
Zürich,881f8ec2a5fffff,8.85315669966551,47.4417633938829,1.19548893221756,1.64452037560417,1.37560485194429
Zürich,881f8ec2a7fffff,8.86495502820108,47.4403285902471,0.949978325638904,1.14793681679283,1.20838211337168
Zürich,881f8ec2a9fffff,8.85841827473674,47.4554339150999,1.37767777158653,2.4455897360635,1.77515365820788
Zürich,881f8ec2abfffff,8.87021896865244,47.453999224056,1.11942922283588,1.60083964863362,1.43004990041101
Zürich,881f8ec2adfffff,8.84988759620213,47.4493157841607,1.65230326855612,2.75792405553101,1.66913913929435
Zürich,881f8ec2b1fffff,8.89382131494642,47.4511258576191,0.420227826332696,0.35502477821649,0.844838813542573
Zürich,881f8ec2b3fffff,8.90562296534795,47.4496871819735,0.35581197752979,0.245520776619655,0.690029544042259
Zürich,881f8ec2b5fffff,8.88528660894664,47.4450095504012,0.497987452868367,0.467204158562858,0.93818459857131
Zürich,881f8ec2b7fffff,8.89708691816895,47.4435714832003,0.392955922478236,0.2993856046753,0.76188088167034
Zürich,881f8ec2b9fffff,8.89055512087303,47.4586793359347,0.451492558447072,0.431026087468763,0.954669306070727
Zürich,881f8ec2bdfffff,8.8820199823851,47.4525632049378,0.860486801176571,0.939619435450087,1.09196263576073
Zürich,881f8ec2c1fffff,8.85714245847731,47.484201997703,0.668391645299101,1.35162349355028,2.02220285525179
Zürich,881f8ec2c3fffff,8.86894756523437,47.4827688594764,0.566744610319377,0.939371855797159,1.65748705623825
Zürich,881f8ec2c5fffff,8.84860871055427,47.4780851793751,0.64703939231242,1.47744928954807,2.28339929083435
Zürich,881f8ec2c7fffff,8.86041247308548,47.4766526493076,0.638697915774359,1.29912963485931,2.03402829847071
Zürich,881f8ec2c9fffff,8.85387185226087,47.4917504491245,0.532243551594907,0.998296013462816,1.87563759198463
Zürich,881f8ec2cbfffff,8.86567798252466,47.4903180313185,0.620121397636477,1.00110595937052,1.61437093315296
Zürich,881f8ec2cdfffff,8.84533767287405,47.4856338072869,0.562439947711434,1.21291842131222,2.15652964596058
Zürich,881f8ec2d1fffff,8.88929120355958,47.4874492088436,0.545356116685402,0.521534355287141,0.956318888393428
Zürich,881f8ec2d5fffff,8.88075299215605,47.4813343924798,0.516194795741565,0.647257257297537,1.25390116800323
Zürich,881f8ec2d9fffff,8.88602307741987,47.4949989241862,0.562599973630378,0.529731212505746,0.941577030456411
Zürich,881f8ec2ddfffff,8.87748443328744,47.4888842846005,0.520135829778267,0.657570174259765,1.26422779707387
Zürich,881f8ec2e1fffff,8.8433476157983,47.4644178758118,1.35773976411786,2.95273117413515,2.17474014694824
Zürich,881f8ec2e3fffff,8.85514901134645,47.4629852331037,1.30161621386914,2.67618495763992,2.05604764993268
Zürich,881f8ec2e5fffff,8.83481785030847,47.4582993134728,1.5197863647958,2.81322948635675,1.85106903938747
Zürich,881f8ec2e7fffff,8.84661790162609,47.4568672781965,1.5373779843811,3.00944676085759,1.95751909512942
Zürich,881f8ec2e9fffff,8.84007673857972,47.4719675768287,0.658614818336301,1.48880807178189,2.26051408248406
Zürich,881f8ec2ebfffff,8.85187915666534,47.4705356545881,0.736772202757439,1.65415771218623,2.24514131504336
Zürich,881f8ec309fffff,8.72995537302441,47.4423670371883,0.45570815470182,0.242259117741126,0.531610231771345
Zürich,881f8ec30bfffff,8.74174807810922,47.4409453860751,0.478018732357276,0.217423674812425,0.454843419504155
Zürich,881f8ec30dfffff,8.72144256735997,47.436240935493,0.653537680512032,0.34983056587914,0.535287522526714
Zürich,881f8ec311fffff,8.76533447824777,47.4380981058084,0.544628003182244,0.203690314236996,0.37399897369735
Zürich,881f8ec313fffff,8.77712817133059,47.4366724763963,0.620590295084011,0.241274394119569,0.388782093485536
Zürich,881f8ec315fffff,8.75681762686608,47.4319738173741,0.420281397051439,0.152306803659741,0.362392446413943
Zürich,881f8ec317fffff,8.76860997267551,47.430548792923,0.468027260282367,0.163983319090907,0.350371298868304
Zürich,881f8ec319fffff,8.76205839232964,47.4456465223546,0.503372294081875,0.207100815450704,0.411426727067775
Zürich,881f8ec31bfffff,8.77385310477293,47.444221614148,0.626911677757313,0.260821528615884,0.416041904896293
Zürich,881f8ec31dfffff,8.75354111351212,47.4395224089916,0.502609721871905,0.20008176486453,0.398085743585205
Zürich,881f8ec321fffff,8.71948975004105,47.415018162863,0.340138108033289,0.154977264341069,0.455630406240459
Zürich,881f8ec323fffff,8.73127772179498,47.413596276447,0.388176630512913,0.161536931994208,0.416142856876167
Zürich,881f8ec325fffff,8.71098134622649,47.408890155634,0.483400469586904,0.229879041846976,0.475545756178975
Zürich,881f8ec327fffff,8.7227679691992,47.4074688725782,0.482707821091531,0.212454355367528,0.440130335752821
Zürich,881f8ec329fffff,8.71621093945566,47.4225665571281,0.364944998254884,0.178570021483642,0.489306669052977
Zürich,881f8ec32dfffff,8.70770211021463,47.4164387242611,0.341483676829114,0.172110235657488,0.504007211283532
Zürich,881f8ec333fffff,8.76336887936198,47.4168739455979,0.424895206425011,0.144592562228888,0.340301702731512
Zürich,881f8ec335fffff,8.74306602449247,47.4121730648835,0.61763481693513,0.237971291757267,0.385294489935241
Zürich,881f8ec337fffff,8.75485465714937,47.4107485280429,0.406927117069808,0.147920361805695,0.363505786664788
Zürich,881f8ec33bfffff,8.76009354876978,47.4244243295168,0.416457550018832,0.142946333679356,0.343243467846583
Zürich,881f8ec341fffff,8.71488283924203,47.4513328927755,0.464062131545203,0.31498357470216,0.678753023120738
Zürich,881f8ec343fffff,8.72667623103989,47.4499132892718,0.806089854303088,0.494058671562861,0.612907691277175
Zürich,881f8ec345fffff,8.70637095774982,47.4452063620233,0.409404885316236,0.263044140275269,0.642503667419813
Zürich,881f8ec347fffff,8.71816299924292,47.4437873624611,0.684675486519932,0.414201611319317,0.60496048051117
Zürich,881f8ec349fffff,8.71160208721858,47.4588775262584,0.466451536930315,0.347568906870767,0.74513401576098
Zürich,881f8ec34bfffff,8.72339649713089,47.4574586446022,0.50675873175513,0.356002399950026,0.702508664659872
Zürich,881f8ec34dfffff,8.70308978006917,47.4527511704282,0.425972065158233,0.290541041705515,0.682065950962278
Zürich,881f8ec351fffff,8.74698631189856,47.4546169027946,0.724640138408818,0.376571049998738,0.519666286807713
Zürich,881f8ec353fffff,8.75878171478235,47.4531940423833,0.554024147949199,0.256077814969063,0.462214175892824
Zürich,881f8ec355fffff,8.73846995447742,47.448492359787,0.699974544519166,0.367257894550731,0.524673214799563
Zürich,881f8ec357fffff,8.75026400856922,47.4470701041911,0.877614727437339,0.395546243493424,0.45070602295888
Zürich,881f8ec359fffff,8.74370802336129,47.4621628046241,0.861012820619734,0.518227704990858,0.60188151974073
Zürich,881f8ec35bfffff,8.75550444546705,47.4607406657167,1.01555536723767,0.532817618360846,0.524656395455937
Zürich,881f8ec35dfffff,8.73519123901946,47.4560384368243,0.710269159975393,0.433717479939474,0.610638197995955
Zürich,881f8ec361fffff,8.70114186347692,47.4315331730424,0.346717759839401,0.200847622493885,0.579282764710171
Zürich,881f8ec363fffff,8.71293153730439,47.4301140551953,0.314487466848404,0.168707757070378,0.53645303821186
Zürich,881f8ec365fffff,8.69263395914734,47.4254049114235,0.418446656918419,0.243880928183529,0.582824415373634
Zürich,881f8ec367fffff,8.70442228267764,47.42398639679,0.322652872936157,0.174671232225844,0.54135960618087
Zürich,881f8ec369fffff,8.69786085247393,47.4390790528402,0.381820763741746,0.232246876078448,0.608261514650193
Zürich,881f8ec36bfffff,8.70965154344866,47.4376606568864,0.389223518874051,0.229845183619254,0.590522341209369
Zürich,881f8ec36dfffff,8.6893525232338,47.4329509657207,0.340660716967424,0.201279106452204,0.590849183445626
Zürich,881f8ec801fffff,8.71956386200471,47.2861484938407,0.486818638300998,0.881240884214153,1.81020366699536
Zürich,881f8ec803fffff,8.73133190004846,47.2847202433122,0.563267120147288,1.15262083507202,2.04631300824131
Zürich,881f8ec809fffff,8.7162906033417,47.2937093860516,0.44636589533393,0.724510599020138,1.62313162047949
Zürich,881f8ec80bfffff,8.72805965523707,47.2922818564002,0.543941987067698,1.05104917456702,1.93228174981133
Zürich,881f8ec813fffff,8.76336878793484,47.2879913343252,0.988111368987489,1.89454346490146,1.91733798877629
Zürich,881f8ec815fffff,8.74310026791285,47.2832906708241,0.680806998534316,1.44403787578248,2.12106790748523
Zürich,881f8ec81bfffff,8.76009899750814,47.2955542161503,0.956747919954238,1.96570641818558,2.05457088245313
Zürich,881f8ec81dfffff,8.73982903728731,47.2908530046475,0.697868596296117,1.48208930261078,2.12373691906593
Zürich,881f8ec821fffff,8.70585109819845,47.2663173201147,0.306385732515961,0.506202925586321,1.65217525447256
Zürich,881f8ec823fffff,8.71761543470043,47.2648895501173,0.366260189882965,0.695369194184826,1.89856613793332
Zürich,881f8ec825fffff,8.69736103360783,47.2601814676361,0.292374536937249,0.416210172916639,1.42355137104832
Zürich,881f8ec827fffff,8.70912402589761,47.2587542978049,0.340802271887737,0.584330768925658,1.71457415964099
Zürich,881f8ec829fffff,8.70257758129009,47.2738794496267,0.268448463763377,0.411124914427445,1.5314854429185
Zürich,881f8ec82bfffff,8.71434293068275,47.2724524005505,0.339096642982651,0.618298555109537,1.8233697322128
Zürich,881f8ec831fffff,8.73787462181801,47.2695943380114,0.470993856715014,0.962569480792039,2.04369858984055
Zürich,881f8ec835fffff,8.7293801019776,47.2634604588422,0.415874358026638,0.831388466624915,1.9991337541702
Zürich,881f8ec83dfffff,8.72610861118484,47.2710240300549,0.412733208984984,0.83190304164884,2.01559511941067
Zürich,881f8ec841fffff,8.70124702073713,47.302694871481,0.193184559576738,0.214269092663197,1.10914191658306
Zürich,881f8ec845fffff,8.69275349393229,47.2965604795656,0.158932053887196,0.164590413051479,1.03560237866365
Zürich,881f8ec847fffff,8.70452188258043,47.2951355937305,0.28206403866762,0.366903273751186,1.30078004797889
Zürich,881f8ec849fffff,8.69797156909273,47.3102532556092,0.202477713404726,0.190400087813522,0.940350839664698
Zürich,881f8ec84bfffff,8.70974231718032,47.3088284902058,0.334144033762844,0.402388959975975,1.20423805101236
Zürich,881f8ec84dfffff,8.68947761880937,47.304119036077,0.164421099634587,0.146250949852113,0.889490157754355
Zürich,881f8ec861fffff,8.68753744507647,47.2828656928032,0.18473649842252,0.202784107596267,1.09769379266067
Zürich,881f8ec863fffff,8.69930347503481,47.2814406861598,0.232370864364349,0.319234397323095,1.37381421804477
Zürich,881f8ec865fffff,8.67904787974562,47.2767295840363,0.184241958367606,0.179724634496588,0.975481568308102
Zürich,881f8ec867fffff,8.69081256398504,47.2753051774123,0.215008906559761,0.264096871079538,1.22830665624605
Zürich,881f8ec869fffff,8.6842617365861,47.2904253149548,0.16229374997683,0.15684889345779,0.966450608727581
Zürich,881f8ec86bfffff,8.6960287792948,47.289001029533,0.201941851167513,0.242703525813782,1.20184857378799
Zürich,881f8ec883fffff,8.81371734648874,47.2746854675848,0.463092638115709,0.355433816551896,0.767522062104315
Zürich,881f8ec889fffff,8.79868086557811,47.2836889098831,0.845745391535495,0.868220666360517,1.02657451645609
Zürich,881f8ec88bfffff,8.81045220798513,47.2822521228378,0.583946893251047,0.484306248844951,0.829366941484422
Zürich,881f8ec891fffff,8.83399586170615,47.2793745796404,0.46609089888511,0.263194614825,0.564685162174507
Zürich,881f8ec893fffff,8.84576817105894,47.2779338232361,0.533062297723454,0.241132199073599,0.452352755209665
Zürich,881f8ec895fffff,8.8254879956723,47.2732466378063,0.474248443574827,0.300686600731226,0.634027596305191
Zürich,881f8ec897fffff,8.83725896683875,47.2718064850509,0.421281861698887,0.217093644839674,0.515316856900055
Zürich,881f8ec899fffff,8.83073216799008,47.2869417816672,0.502934397903571,0.301162191584205,0.598810089028645
Zürich,881f8ec89dfffff,8.82222387368799,47.280814012799,0.526254028265693,0.359930838187192,0.683948851419475
Zürich,881f8ec8b1fffff,8.82024585770434,47.2595494796345,0.397102205510542,0.243992455425597,0.614432385516225
Zürich,881f8ec8b3fffff,8.83201447414578,47.2581092106177,0.36512126785412,0.181133250984081,0.496090660641689
Zürich,881f8ec8b7fffff,8.82350923069228,47.2519801473005,0.34311679384553,0.181227874773727,0.528181301598764
Zürich,881f8ec8b9fffff,8.81698189634915,47.2671179197899,0.406325111406319,0.282607925857223,0.695521684296344
Zürich,881f8ec8bbfffff,8.82875152911223,47.265678370352,0.41887834051726,0.238911615522857,0.570360394447306
Zürich,881f8ec8c1fffff,8.78364208792502,47.2926886965235,1.03105266902752,1.46285409798199,1.41879667443346
Zürich,881f8ec8c3fffff,8.79541412200807,47.2912539524501,0.937478268768005,1.0436637195134,1.11326710632444
Zürich,881f8ec8c5fffff,8.77513915457286,47.2865585154998,0.978820396815868,1.57375648096808,1.60780924272477
Zürich,881f8ec8c9fffff,8.78037373928643,47.3002521259207,1.21734771311518,1.88244840812952,1.54635227704363
Zürich,881f8ec8cdfffff,8.77187037943162,47.2941221177144,1.0929044450005,1.92794057832538,1.76405228027459
Zürich,881f8ec8d1fffff,8.81569386353407,47.2959460846737,0.600898214388466,0.448520889494284,0.746417411059781
Zürich,881f8ec8d3fffff,8.82746788555246,47.2945080909498,0.528390671054423,0.326987475422142,0.618836579324209
Zürich,881f8ec8d5fffff,8.80718648070033,47.2898178853674,0.638562042883193,0.56384074601316,0.882985063545813
Zürich,881f8ec8d7fffff,8.81895916302126,47.2883804951486,0.569779478145552,0.410508565786937,0.720469201739258
Zürich,881f8ec8d9fffff,8.8124279750883,47.3035107811932,0.618192003363644,0.473174502366075,0.765416731034186
Zürich,881f8ec8dbfffff,8.82420301425518,47.302073507307,0.540863286090468,0.339419199014345,0.627550820592346
Zürich,881f8ec8ddfffff,8.8039201644963,47.2973827549924,0.681132473194268,0.634713025573107,0.931849604228279
Zürich,881f8ec901fffff,8.66014282134268,47.2431933341551,0.304916782698497,0.151032856876424,0.495324840895248
Zürich,881f8ec903fffff,8.6719014454039,47.2417692828976,0.542130807903718,0.347399838528456,0.640804458008508
Zürich,881f8ec905fffff,8.65166117222946,47.2370537998926,0.336356404753238,0.125676257645058,0.373640150355567
Zürich,881f8ec907fffff,8.66341845059266,47.2356303472023,0.481249216489614,0.222537656621996,0.462416662712216
Zürich,881f8ec909fffff,8.65686660294982,47.2507554286372,0.282329288083575,0.149266004449685,0.528694721907489
Zürich,881f8ec90bfffff,8.66862623784101,47.2493320986889,0.423513670783954,0.282215140536829,0.666366070342969
Zürich,881f8ec90dfffff,8.64838453258094,47.2446160654746,0.434284273847386,0.178682474252608,0.411441272486417
Zürich,881f8ec911fffff,8.69214651062086,47.246481478037,0.341674557184016,0.393925214561007,1.1529252216133
Zürich,881f8ec913fffff,8.70390714655614,47.2450541870749,0.372281060314615,0.53395071486197,1.43426773956948
Zürich,881f8ec915fffff,8.68366040378838,47.2403439115726,0.51631377764071,0.441470949022012,0.855043905741405
Zürich,881f8ec917fffff,8.69541969551975,47.2389172200508,0.337871321482846,0.377254400239887,1.11656236044005
Zürich,881f8ec919fffff,8.68887273673159,47.25404484361,0.299606693441634,0.345288256418282,1.15247177041306
Zürich,881f8ec91bfffff,8.70063438459746,47.252618273613,0.339622964529454,0.494814289008839,1.45695179857582
Zürich,881f8ec921fffff,8.64645776177413,47.2233501676119,0.432113440822757,0.114965056447733,0.266052951810145
Zürich,881f8ec923fffff,8.65821268435862,47.2219265918039,0.44855686264856,0.141567498457964,0.315606582456595
Zürich,881f8ec929fffff,8.64318129032073,47.2309134963971,0.35786057775656,0.105222832283042,0.294033036392798
Zürich,881f8ec92bfffff,8.65493722277623,47.2294906419419,0.418307079249673,0.142941938787711,0.341715323212098
Zürich,881f8ec92dfffff,8.6347031754356,47.2247724241644,0.367653425681036,0.0901471191296939,0.24519591776605
Zürich,881f8ec931fffff,8.6784500935282,47.2266409743232,0.39816884733386,0.227378869231356,0.571061424704332
Zürich,881f8ec933fffff,8.69020702987339,47.2252141609012,0.574689538705609,0.43421797526178,0.755569652859494
Zürich,881f8ec935fffff,8.66996794221389,47.2205016966109,0.468744837866595,0.188159670682529,0.401411718023186
Zürich,881f8ec937fffff,8.68172353436461,47.2190754819035,0.587206578929342,0.310162308659527,0.52819964862289
Zürich,881f8ec939fffff,8.67517606392046,47.2342055747151,0.364970931024235,0.222189256886519,0.608786174457728
Zürich,881f8ec93bfffff,8.68693401123694,47.2327794823017,0.498356982697347,0.405498394780344,0.81367053910952
Zürich,881f8ec93dfffff,8.66669349083723,47.2280664679604,0.378708553115151,0.16330361712831,0.431211853508509
Zürich,881f8ec943fffff,8.6535897952766,47.2583166304673,0.294586915772829,0.164858617303615,0.559626407273114
Zürich,881f8ec945fffff,8.6333483410471,47.2535981284266,0.315516255122766,0.133857765671469,0.424249982364253
Zürich,881f8ec947fffff,8.64510730369313,47.2521774385064,0.292823942952637,0.132636025896549,0.452954852527214
Zürich,881f8ec949fffff,8.63855107764964,47.2672975061947,0.313201671849187,0.165729692120395,0.529146894848626
Zürich,881f8ec94bfffff,8.65031239818538,47.2658769394642,0.274668439897752,0.160471413640093,0.584236811844236
Zürich,881f8ec94dfffff,8.63006951252657,47.2611578870565,0.462286361955091,0.218206576437785,0.472016036802277
Zürich,881f8ec951fffff,8.67383604719476,47.2630318447909,0.264511609023593,0.229273811074692,0.866781658170026
Zürich,881f8ec953fffff,8.68559837371441,47.2616073165884,0.29387295130455,0.328527041806657,1.11792201476275
Zürich,881f8ec955fffff,8.66535044109425,47.2568940219078,0.289849784444349,0.198220946211812,0.683874740813788
Zürich,881f8ec957fffff,8.67711142190487,47.2554700929985,0.306644844737472,0.270303665941477,0.881487722948325
Zürich,881f8ec959fffff,8.67056008312224,47.2705927037277,0.224920556583923,0.187963011336299,0.835686227133116
Zürich,881f8ec95bfffff,8.68232342143165,47.2691688967908,0.244562851908305,0.258230629704184,1.05588656531125
Zürich,881f8ec95dfffff,8.66207405502606,47.2644550523729,0.257934317917857,0.178322086359748,0.691346881637275
Zürich,881f8ec965fffff,8.61967043612781,47.2337552472486,0.349241381395835,0.102441459466789,0.293325662203472
Zürich,881f8ec967fffff,8.63142569444618,47.232335031456,0.354369720367953,0.0989287331836348,0.279168132878041
Zürich,881f8ec969fffff,8.62486896485977,47.2474575688192,0.470629944267264,0.177063604734171,0.376226814487645
Zürich,881f8ec96bfffff,8.63662658009467,47.2460374769859,0.323205555055045,0.12127620877549,0.375229345160345
Zürich,881f8ec96dfffff,8.61639135668491,47.2413162404802,0.395447176974206,0.137609536311132,0.347984621774423
Zürich,881f8ec981fffff,8.74246017638103,47.2331972494229,0.333409929375522,0.43804262986492,1.31382598798235
Zürich,881f8ec983fffff,8.75422112019554,47.2317639549898,0.342772925747366,0.381289116997514,1.11236649209143
Zürich,881f8ec989fffff,8.73919104081989,47.2407643900998,0.363270151229367,0.557664924558221,1.5351245420825
Zürich,881f8ec98bfffff,8.75095299780289,47.2393318159845,0.333670249065103,0.441451548564581,1.32301740955769
Zürich,881f8ec98dfffff,8.73069956102908,47.2346292230177,0.418211464478773,0.610956125788066,1.46087847340463
Zürich,881f8ec991fffff,8.77447789424614,47.2364627043026,0.315812029710488,0.279957702768059,0.886469407212584
Zürich,881f8ec993fffff,8.78624083175072,47.2350261664817,0.262544203401285,0.188571971470025,0.718248466456532
Zürich,881f8ec995fffff,8.76598239149523,47.2303293395909,0.311647756027384,0.284262744535294,0.912128321277936
Zürich,881f8ec999fffff,8.77121121088175,47.2440311136532,0.324652932217093,0.343242796278077,1.05726073051006
Zürich,881f8ec99bfffff,8.78297516265173,47.2425952958034,0.29952988359504,0.25659215242888,0.856649591517179
Zürich,881f8ec99dfffff,8.76271528260422,47.2378979207612,0.348561178546789,0.380733265922296,1.0922996861258
Zürich,881f8ec9a3fffff,8.74050647540091,47.2119246111438,0.300404356470184,0.254453894119869,0.847037962797067
Zürich,881f8ec9a5fffff,8.72026212570107,47.2072203730186,0.353936261689464,0.270945244646567,0.765519880198906
Zürich,881f8ec9a9fffff,8.72547983107429,47.220925800638,0.374918521000902,0.416027085583293,1.10964666262058
Zürich,881f8ec9adfffff,8.7169923068334,47.2147889194058,0.340508014868432,0.313454419910601,0.920549315209852
Zürich,881f8ec9c3fffff,8.73592131665741,47.2483306386831,0.392224133541206,0.682380165933722,1.73977098189455
Zürich,881f8ec9c5fffff,8.71566811421918,47.243625575517,0.444019871668572,0.721919121228061,1.62587119922173
Zürich,881f8ec9c7fffff,8.72742941263284,47.2421956432347,0.439317764022162,0.72811529508992,1.65737731254862
Zürich,881f8ec9cdfffff,8.71239636452529,47.2511903828785,0.37537756382744,0.640332826984599,1.70583670599705
Zürich,881f8ec9d5fffff,8.74768428690651,47.2468987849658,0.37365430208248,0.576688758175139,1.54337513300688
Zürich,881f8ec9d7fffff,8.7594475853073,47.2454656099983,0.348269772834651,0.451179632726528,1.29548892243581
Zürich,881f8ec9e1fffff,8.71045090393112,47.2299233371802,0.357672354099839,0.441254676933124,1.23368404595775
Zürich,881f8ec9e3fffff,8.72220984735609,47.2284932842149,0.393019303857559,0.513138384597412,1.30563150349324
Zürich,881f8ec9e5fffff,8.70196429889689,47.2237860275653,0.429803484913584,0.407222410222965,0.947461862262101
Zürich,881f8ec9e7fffff,8.71372189962258,47.222356574187,0.507255964949711,0.54889466649445,1.08208617428258
Zürich,881f8ec9e9fffff,8.7071793196215,47.2374892082035,0.392916413323252,0.53301212499237,1.35655347274552
Zürich,881f8ec9ebfffff,8.71893927511691,47.2360598759019,0.444030201519279,0.659753348569916,1.48582989695864
Zürich,881f8ec9edfffff,8.69869229156592,47.231352069833,0.591108213456927,0.618082111652416,1.04563275823515
Zürich,881f8eca01fffff,8.69663866565334,47.3390559723908,0.304106714730426,0.19253280852506,0.633109363256679
Zürich,881f8eca03fffff,8.70841380270577,47.3376327696699,0.356885458634095,0.280681324359205,0.78647453284719
Zürich,881f8eca07fffff,8.69991546378063,47.3315004430604,0.304659844153705,0.221689132553581,0.727661149993026
Zürich,881f8eca09fffff,8.69336127713222,47.3466106072774,0.318155431365319,0.181352521182418,0.570012337693465
Zürich,881f8eca0bfffff,8.70513742871856,47.3451881259889,0.409745875878372,0.274152090724494,0.669078340658816
Zürich,881f8eca0dfffff,8.68486386174529,47.340477852292,0.245896634390725,0.140897591155745,0.572995199811729
Zürich,881f8eca11fffff,8.72869072840783,47.3423391940117,0.568646563555123,0.670892692351624,1.17980611393705
Zürich,881f8eca13fffff,8.74046787454859,47.3409127430644,0.798861560353551,1.21655081515841,1.52285561796214
Zürich,881f8eca15fffff,8.720189271922,47.3362082439998,0.4953711837134,0.522930755528599,1.05563418446872
Zürich,881f8eca17fffff,8.73196507232128,47.3347823952511,0.670414391857844,0.953293913090346,1.42194726823896
Zürich,881f8eca19fffff,8.72541579425512,47.3498950983862,0.610705066592209,0.588316546907493,0.963339882196088
Zürich,881f8eca1bfffff,8.73719395603313,47.3484693685271,0.752294748452128,0.948888022488709,1.26132479914432
Zürich,881f8eca1dfffff,8.7169139128041,47.3437643216102,0.586747213215256,0.511640476689479,0.871994728165461
Zürich,881f8eca23fffff,8.69469552750934,47.3178107459345,0.195524274409833,0.156914757794579,0.802533385014255
Zürich,881f8eca27fffff,8.6862011537882,47.3116766988865,0.157620116926097,0.121563977972097,0.771246591760203
Zürich,881f8eca2dfffff,8.67115300405016,47.3206548675561,0.190381679002683,0.118823130468277,0.624131119605279
Zürich,881f8eca31fffff,8.71496477992907,47.3225193741178,0.372255754946175,0.4185426473625,1.12434164361816
Zürich,881f8eca35fffff,8.70646728940607,47.3163867017878,0.269141635710214,0.273099352686917,1.01470495996006
Zürich,881f8eca37fffff,8.71823938344136,47.3149613352446,0.456625269814619,0.608922567473862,1.33352796642436
Zürich,881f8eca39fffff,8.71168958639656,47.3300765189862,0.361231630256672,0.339292233995486,0.939265018831277
Zürich,881f8eca3dfffff,8.7031916716522,47.3239440194661,0.260937821480477,0.223037176908314,0.85475219974963
Zürich,881f8eca41fffff,8.67830646567722,47.3555847842161,0.295468086341027,0.166310233927221,0.562870379629653
Zürich,881f8eca43fffff,8.69008329807916,47.3541643475405,0.339330537604498,0.18219057144465,0.536911805022981
Zürich,881f8eca47fffff,8.68158545902583,47.3480317656053,0.26716830151952,0.147950643470606,0.553773193261088
Zürich,881f8eca49fffff,8.67502688156127,47.3631369079451,0.330234657435793,0.198089683996498,0.599845229857537
Zürich,881f8eca4bfffff,8.68680472835602,47.3617171930005,0.367051002235314,0.195231207809717,0.53189122661639
Zürich,881f8eca51fffff,8.71036142341922,47.3588737932553,0.532900695754654,0.330226831516832,0.619677989065466
Zürich,881f8eca53fffff,8.72214026972498,47.3574501081948,0.581078147717514,0.457347627858902,0.787067332776791
Zürich,881f8eca55fffff,8.70186046429684,47.3527425877635,0.418315504621044,0.245396554244989,0.58663031021835
Zürich,881f8eca57fffff,8.71363796334923,47.3513195047552,0.472549458476041,0.343160716201572,0.726190052800519
Zürich,881f8eca59fffff,8.70708429287582,47.3664271869308,0.463228166180941,0.254568131559902,0.549552359172533
Zürich,881f8eca5bfffff,8.71886415467913,47.3650042232578,0.552593485106663,0.362058699539223,0.655199001250146
Zürich,881f8eca5dfffff,8.6985829093024,47.3602961548139,0.432570022171772,0.232095801435679,0.536550823079262
Zürich,881f8eca65fffff,8.65610257307995,47.3296293767797,0.190903821990279,0.116021193732771,0.607746835674555
Zürich,881f8eca81fffff,8.7790715661281,47.3290657668963,0.847919632326709,1.23827645236741,1.46037006947174
Zürich,881f8eca83fffff,8.79084900772557,47.3276333008265,0.725866967865018,0.79074389637995,1.0893785381993
Zürich,881f8eca85fffff,8.7705651572921,47.3229370539153,1.34991677805759,2.44803643467575,1.81347211507236
Zürich,881f8eca87fffff,8.78234125616843,47.3215051910615,0.851702144857321,1.21712540535115,1.42905053450939
Zürich,881f8eca89fffff,8.77580128637922,47.3366254488429,0.831787615825631,1.20162443616365,1.44462890923294
Zürich,881f8eca8bfffff,8.78757974485341,47.335193703215,0.715882415743622,0.785837105695718,1.09771812858321
Zürich,881f8eca8dfffff,8.76729445080744,47.3304969092458,0.935406165442545,1.68361599482139,1.79987694866739
Zürich,881f8eca91fffff,8.81113763770607,47.3323262398621,0.513658810017708,0.313827805451005,0.610965487850166
Zürich,881f8eca93fffff,8.82291707012012,47.3308905218825,0.450050982258031,0.225717017536729,0.501536551268578
Zürich,881f8eca95fffff,8.8026267746181,47.3261995109087,0.977672449966366,0.783853384286446,0.801754600237955
Zürich,881f8eca97fffff,8.81440486582378,47.3247643970159,0.83607497862499,0.517001493166617,0.618367378984214
Zürich,881f8eca99fffff,8.80786982003762,47.3398871888789,0.508132907594173,0.305881464159685,0.601971373213997
Zürich,881f8eca9bfffff,8.81965027042795,47.3384521909946,0.445348102196886,0.217029298873702,0.487325078524203
Zürich,881f8eca9dfffff,8.79935852895639,47.3337606335972,0.990490589164943,0.797623147660163,0.805280894523812
Zürich,881f8ecaa1fffff,8.76533106136729,47.3092466425288,1.34642007652826,2.71268566028338,2.01473946175701
Zürich,881f8ecaa3fffff,8.77710480139347,47.3078146620722,1.29302175147898,2.15402189406075,1.66588217993776
Zürich,881f8ecaa5fffff,8.75682861776873,47.3031162047509,1.23213846009546,2.64430648257141,2.14611147059442
Zürich,881f8ecaa7fffff,8.76860101507579,47.3016848267844,1.28109013205115,2.44144217671689,1.90575363562274
Zürich,881f8ecaa9fffff,8.76206051816812,47.316807564767,1.37525980581916,2.84326379881241,2.06743757563601
Zürich,881f8ecaabfffff,8.77383527410807,47.3153763047973,1.3373611664028,2.35639454221281,1.76197320619902
Zürich,881f8ecaadfffff,8.75355764857853,47.3106772999462,1.26324940628175,2.74396574522365,2.17214885008357
Zürich,881f8ecab1fffff,8.79738576477812,47.3125098148042,0.725344902529499,0.741418399345312,1.02215979840729
Zürich,881f8ecab3fffff,8.80916149754584,47.3110745845261,0.623279793947485,0.486362069470042,0.780327028395567
Zürich,881f8ecab9fffff,8.79411768098774,47.3200720046293,0.729861118859339,0.774504697890791,1.06116722466491
Zürich,881f8ecabbfffff,8.80589443076851,47.3186374944915,0.619828534129224,0.49124956195324,0.792557191067978
Zürich,881f8ecabdfffff,8.78561035663845,47.3139437215189,0.840703467447111,1.14833738231517,1.36592440352628
Zürich,881f8ecac1fffff,8.76075126827917,47.345613937823,0.888061325837495,1.3781592821134,1.55187400015839
Zürich,881f8ecac3fffff,8.77253041678361,47.344184236721,0.950458989985936,1.30519162493353,1.37322245218897
Zürich,881f8ecac5fffff,8.75224535024511,47.3394849686395,0.899982598091016,1.56977735625044,1.7442307879954
Zürich,881f8ecac7fffff,8.76402315451585,47.3380558706084,0.907761997906938,1.55314846744625,1.71096440589869
Zürich,881f8ecac9fffff,8.75747879195909,47.3531711107096,0.840643382336064,1.12912674744664,1.34316973305484
Zürich,881f8ecacbfffff,8.76925895720295,47.3517421303506,0.907880650025752,1.13427068961466,1.24936101411842
Zürich,881f8ecacdfffff,8.74897244770172,47.3470423150489,0.849780311015408,1.27815787132638,1.50410388986196
Zürich,881f8ecad1fffff,8.79282026854597,47.3488801970667,1.07334372854117,0.834634883478355,0.777602608823871
Zürich,881f8ecad3fffff,8.80460141268011,47.3474472438863,0.507760026866824,0.299439220065536,0.589725863048439
Zürich,881f8ecad5fffff,8.78430989223301,47.3427532116148,0.701418165719558,0.755489640006524,1.07708878516355
Zürich,881f8ecad7fffff,8.79608969364513,47.3413208623766,0.594974091745419,0.475230149011838,0.798740912596212
Zürich,881f8ecad9fffff,8.78955025352061,47.3564386374874,0.581379790043062,0.429866550956823,0.739390254561451
Zürich,881f8ecadbfffff,8.80133241549517,47.3550064047038,0.511762480418425,0.29280677125287,0.572153650290007
Zürich,881f8ecaddfffff,8.78103944972606,47.3503118258456,0.80582304238517,0.823883678860108,1.02241265826984
Zürich,881f8ecae1fffff,8.74701394129361,47.3257968093986,1.2380616424714,2.45189406936976,1.98042971792205
Zürich,881f8ecae3fffff,8.75878938534011,47.3243675933184,1.37008035724674,2.79803155362421,2.04223901089059
Zürich,881f8ecae7fffff,8.75028608979953,47.3182375015556,1.26293722399685,2.67454071278127,2.11771469077227
Zürich,881f8ecae9fffff,8.7437412029227,47.333355223295,0.838267665749148,1.48684958328841,1.77371696898225
Zürich,881f8ecaedfffff,8.73523882613365,47.3272247022843,0.698023541833955,1.16251274048846,1.66543486117119
Zürich,881f8ecb01fffff,8.63719691288855,47.2961092435018,0.271931924323482,0.157279040426201,0.578376521320486
Zürich,881f8ecb05fffff,8.62871231585105,47.2899709090743,0.337979070786318,0.187751715964754,0.555512847372309
Zürich,881f8ecb07fffff,8.64047666902789,47.2885525076463,0.262719655372852,0.155957984238354,0.593628916028451
Zürich,881f8ecb0dfffff,8.62543154863875,47.2975269230041,0.356348291093899,0.192659717851569,0.540650040049728
Zürich,881f8ecb13fffff,8.68098543837613,47.2979840436864,0.147714787127991,0.125184674375878,0.847475576479751
Zürich,881f8ecb15fffff,8.66072865335351,47.2932699215965,0.180289502109237,0.125003265859084,0.693347446172129
Zürich,881f8ecb17fffff,8.6724950276129,47.2918482789328,0.172792030703694,0.138448984020742,0.801246350638453
Zürich,881f8ecb19fffff,8.66593981621414,47.306963399832,0.162022368042516,0.107713079871535,0.664803762424147
Zürich,881f8ecb1bfffff,8.67770855030872,47.3055418788174,0.164456199986707,0.123155325425243,0.748863985883157
Zürich,881f8ecb21fffff,8.62351008651634,47.2762747251601,0.380653188366937,0.203117882410929,0.533603523150133
Zürich,881f8ecb23fffff,8.63527208021883,47.2748562004891,0.275417362604097,0.15218513659311,0.552561883369244
Zürich,881f8ecb25fffff,8.61502944939953,47.2701346790946,0.568086454926289,0.29365775734434,0.516924413173067
Zürich,881f8ecb27fffff,8.62679009439549,47.2687167526946,0.32068471352193,0.163795049078142,0.510766625821537
Zürich,881f8ecb29fffff,8.62022948875151,47.2838318042721,0.400923850851605,0.215563173825809,0.537666126292884
Zürich,881f8ecb2bfffff,8.63199249299852,47.2824140015091,0.323337576871154,0.181419415406851,0.5610836116309
Zürich,881f8ecb2dfffff,8.61174843140795,47.2776919295907,0.438942917346506,0.232877265717291,0.530541117111716
Zürich,881f8ecb35fffff,8.64703441153862,47.2734363554469,0.263038223757324,0.157534652543583,0.598904031107368
Zürich,881f8ecb37fffff,8.65879707949879,47.2720151899031,0.205409604905202,0.141237592721475,0.687590012096353
Zürich,881f8ecb39fffff,8.65224135951651,47.2871327854355,0.212671579481868,0.138428424463167,0.650902319907629
Zürich,881f8ecb3bfffff,8.66400638633932,47.2857117423114,0.188876082453466,0.140338172108015,0.743017169167465
Zürich,881f8ecb3dfffff,8.6437558351987,47.2809948782345,0.259309899558723,0.156040552753197,0.601753164914786
Zürich,881f8ecb45fffff,8.61038415476654,47.3064976796832,0.469567525174046,0.226547660387926,0.482460238927204
Zürich,881f8ecb47fffff,8.62215019122392,47.3050820431182,0.375812801805983,0.196766490452531,0.523575805579167
Zürich,881f8ecb4bfffff,8.62735410328181,47.3187740879269,0.317185588890284,0.174704055748259,0.550794430350647
Zürich,881f8ecb4dfffff,8.6071011960824,47.3140511835777,0.484725707666919,0.226436180695183,0.467142916320789
Zürich,881f8ecb53fffff,8.66266132544542,47.3145196195815,0.187192349161306,0.11667186149899,0.623272596458801
Zürich,881f8ecb59fffff,8.64761182089956,47.3234937011483,0.264040212625774,0.158281656267815,0.599460418145278
Zürich,881f8ecb5bfffff,8.65938224444665,47.3220749452908,0.198229239042175,0.119622528318816,0.603455518957851
Zürich,881f8ecb5dfffff,8.63912283998459,47.3173572533307,0.241926822366782,0.139996124823066,0.578671366215111
Zürich,881f8ecb61fffff,8.60518462534214,47.2928037501051,0.490687821394635,0.245171577582101,0.499648792760483
Zürich,881f8ecb63fffff,8.61694830096338,47.2913879898503,0.37176814779244,0.195406997177296,0.525615221039304
Zürich,881f8ecb65fffff,8.59670449802485,47.2866634487868,0.483254196822335,0.247997059489192,0.513181388014654
Zürich,881f8ecb67fffff,8.60846682343469,47.2852482866543,0.464823459409514,0.242968144962841,0.522710590535801
Zürich,881f8ecb69fffff,8.60190183699264,47.3003583197626,0.44921121823476,0.211467227671142,0.470752330055631
Zürich,881f8ecb6bfffff,8.61366652301429,47.298943281714,0.448643052279789,0.22630061077548,0.504411267767391
Zürich,881f8ecb6dfffff,8.59342128996432,47.2942181899701,0.440640527638589,0.211563712714839,0.48012767651813
Zürich,881f8ecc21fffff,8.93019275388486,47.2890784619167,0.289634913254678,0.0158759983194062,0.0548138280050731
Zürich,881f8ecc25fffff,8.92167157123064,47.2829564834798,0.286776351710044,0.0152796912753722,0.0532808621919471
Zürich,881f8ecc27fffff,8.9334484559037,47.2815065734622,0.293511292817046,0.0113344878280336,0.0386168713280097
Zürich,881f8ecc51fffff,8.95778544263568,47.3286982744652,0.724029891702494,0.140490625869656,0.194039814487914
Zürich,881f8ecc53fffff,8.96957103790432,47.3272467664278,0.653606229998215,0.0919602405152736,0.140696701308255
Zürich,881f8ecc55fffff,8.94925632741034,47.3225797686688,0.624175892964158,0.110754226780803,0.177440731097193
Zürich,881f8ecc57fffff,8.96104058907778,47.3211288683322,0.661732942568318,0.0870466286789128,0.131543441589998
Zürich,881f8ecd01fffff,8.88434605172202,47.2660326417478,0.294510955408181,0.0366180914262653,0.124335243745056
Zürich,881f8ecd09fffff,8.88108701731582,47.2736036132933,0.326868408628684,0.0521073311697153,0.159413787916434
Zürich,881f8ecd0bfffff,8.89286060219705,47.2721575626521,0.284464023374273,0.0289016795808516,0.101600473894814
Zürich,881f8ecd0dfffff,8.87257380243013,47.2674780876663,0.344802604122046,0.0670669684993666,0.194508300394471
Zürich,881f8ecd11fffff,8.91640872026426,47.2692614896322,0.215069393682921,0.00907370818573008,0.0421896766915499
Zürich,881f8ecd19fffff,8.91315215449549,47.2768337253893,0.264674726253742,0.0149217469886252,0.0563776798783569
Zürich,881f8ecd1bfffff,8.92492770532092,47.275384421292,0.260361930780417,0.0100751480738367,0.0386967021009452
Zürich,881f8ecd1dfffff,8.90463450350708,47.2707101881398,0.256523702793359,0.0165264014242535,0.0644244615382238
Zürich,881f8ecd21fffff,8.8705815535669,47.246208257451,0.355518854374861,0.0519014439394776,0.145987880251078
Zürich,881f8ecd29fffff,8.86732224746105,47.2537804669196,0.399749580754463,0.0747345184658655,0.186953337949263
Zürich,881f8ecd2dfffff,8.85881299332802,47.2476532139857,0.248930450821459,0.0548163056856793,0.220207312945395
Zürich,881f8ecd41fffff,8.86605310897389,47.282617700388,0.374780355866126,0.108335184974513,0.289063135991074
Zürich,881f8ecd45fffff,8.85754080076552,47.2764917434603,0.454385581076192,0.155351805066162,0.341894222739678
Zürich,881f8ecd47fffff,8.86931374984486,47.2750483401877,0.384098796832653,0.092506677321596,0.240840841170091
Zürich,881f8ecd4dfffff,8.85427914194755,47.2840603844126,0.4395130742927,0.171105697727493,0.389307412533405
Zürich,881f8ecd57fffff,8.9013769184661,47.2782817052233,0.282737918425683,0.0243716738019167,0.0861988159834411
Zürich,881f8ecd61fffff,8.85229175861005,47.2627953028486,0.30564743402593,0.103448608074436,0.338457309167723
Zürich,881f8ecd63fffff,8.86406235338419,47.261351784532,0.451677796922494,0.106331521348369,0.235414541234612
Zürich,881f8ecd65fffff,8.84378341190572,47.2566676189099,0.397008701812321,0.151955459320551,0.382750953888123
Zürich,881f8ecd67fffff,8.85555267000418,47.2552247043856,0.302288669559924,0.0836726145485557,0.27679705848839
Zürich,881f8ecd69fffff,8.84903025900764,47.2703650091927,0.426800677811847,0.170413894952658,0.39928215631322
Zürich,881f8ecd6dfffff,8.84052148352593,47.2642374980801,0.373034696867706,0.168894472855296,0.452758079271089
Zürich,881f8ecdc9fffff,8.94522565373868,47.2800553387899,0.311919370336039,0.00937387966043069,0.0300522524469448
Zürich,881f8ecdcdfffff,8.93670356996021,47.2739337928078,0.268663363447856,0.00767954379216424,0.0285842613358585
Zürich,881f8ece01fffff,8.92118053808943,47.3618602536101,0.607954351887579,0.558852811648349,0.919234823985091
Zürich,881f8ece03fffff,8.93296959721714,47.3604142729715,0.693114297205255,0.575056781690126,0.829670927304262
Zürich,881f8ece05fffff,8.91265236158278,47.3557412320701,0.553958487478134,0.466375539966063,0.841896189891796
Zürich,881f8ece07fffff,8.92444008407374,47.35429585885,0.632389450728999,0.506973511821286,0.801679267794336
Zürich,881f8ece0dfffff,8.90939179379782,47.363304907764,0.538766277705042,0.497017672219354,0.922510730137894
Zürich,881f8ece17fffff,8.95654865603807,47.357518331743,0.740863361007313,0.374675610058146,0.505728356641526
Zürich,881f8ece1dfffff,8.94150087972394,47.3665319043163,0.642956057369338,0.508934342219478,0.791553849421358
Zürich,881f8ece31fffff,8.93948605587576,47.3452831518362,0.639314599934386,0.339142540589012,0.53047832886003
Zürich,881f8ece33fffff,8.95127338402712,47.343834407111,0.702084682050663,0.280603863216775,0.399672390511615
Zürich,881f8ece35fffff,8.93095740874315,47.3391643879603,0.558984370862298,0.271726253730076,0.486107068272601
Zürich,881f8ece37fffff,8.94274340177578,47.3377162507949,0.71433684197525,0.273583045293927,0.382988849542505
Zürich,881f8ece39fffff,8.93622812106909,47.3528491592886,0.631847107179627,0.435228673274749,0.688819602605252
Zürich,881f8ece3bfffff,8.94801647158344,47.3514011332619,0.703598998609006,0.377584668868483,0.536647535904622
Zürich,881f8ece3dfffff,8.9276990409121,47.3467305702398,0.564159932238475,0.36500893133936,0.646995489188813
Zürich,881f8ece45fffff,8.89434118658863,47.3723102978513,0.432897513720245,0.366815040366131,0.847348457175898
Zürich,881f8ece47fffff,8.90613063662776,47.3708676893473,0.523725826133433,0.496027252725346,0.947112454597513
Zürich,881f8ece57fffff,8.93824220003073,47.3740959488589,0.595652805170204,0.515877182151043,0.866070263873994
Zürich,881f8ece61fffff,8.88907786405487,47.3586279999854,0.462392491297498,0.335186840248934,0.724896806408734
Zürich,881f8ece69fffff,8.88581525366456,47.3661902371167,0.471636266548069,0.346205331544037,0.734051547981947
Zürich,881f8ece6bfffff,8.89760336532776,47.3647482355579,0.493000607868346,0.41925155619119,0.850407787535933
Zürich,881f8ece6dfffff,8.87729109098794,47.3600693949304,0.620055001222748,0.382742911224348,0.61727251690508
Zürich,881f8ecee1fffff,8.97159410922668,47.348501101317,0.772287254180448,0.211718258067909,0.274144441620475
Zürich,881f8eceedfffff,8.95980513463119,47.3499517806459,0.752656596777788,0.293705641967728,0.390225294277785
Zürich,881f8ecf2dfffff,8.83597837575421,47.3006349097465,0.473862293989543,0.252115364520306,0.532043523441579
Zürich,881f8ecf41fffff,8.84321213927112,47.3355782215587,0.608895904109085,0.255816066104894,0.420131034514339
Zürich,881f8ecf43fffff,8.8549935557581,47.3341392497542,0.578077140997747,0.247292438653609,0.427784496419955
Zürich,881f8ecf49fffff,8.83994678713927,47.3431404366636,0.615026459184164,0.249926408369335,0.40636692070267
Zürich,881f8ecf4bfffff,8.85172922270094,47.3417021846065,0.58442710253121,0.247280188778399,0.423115539487141
Zürich,881f8ecf4dfffff,8.83143104383339,47.3370158685967,0.655868651807575,0.284636001157221,0.433983237913207
Zürich,881f8ecf5dfffff,8.86351197866136,47.3402626075141,0.568402060447244,0.259001958423885,0.4556668183435
Zürich,881f8ecf61fffff,8.82944890128754,47.3157645025908,0.469746042544462,0.247762733263653,0.527439745786046
Zürich,881f8ecf65fffff,8.82093755396012,47.3096380305576,0.54152152210797,0.340282914403793,0.628382992201641
Zürich,881f8ecf67fffff,8.83271393303934,47.3082001527723,0.475950486799133,0.254134125149783,0.533950762103193
Zürich,881f8ecf69fffff,8.82618328036054,47.3233279590211,0.459537724570325,0.236968799416633,0.515667782526892
Zürich,881f8ecf6dfffff,8.81767150452906,47.3172016605209,0.534064194545709,0.333545219090548,0.624541436211188
Zürich,881f8ed001fffff,8.68728031739907,47.5403983168155,1.02827751096383,0.536586077646858,0.52183002343784
Zürich,881f8ed003fffff,8.69908626872979,47.5389860529707,0.861481337912667,0.52112266025884,0.60491462475728
Zürich,881f8ed005fffff,8.67876197519536,47.5342744963516,1.06781321665136,0.502300298192719,0.470400900044977
Zürich,881f8ed007fffff,8.69056657164484,47.5328628374644,1.12433308366346,0.627500298551043,0.558108898215851
Zürich,881f8ed009fffff,8.68399346956105,47.5479328972911,1.0919709944561,0.546393018518716,0.500373197907945
Zürich,881f8ed00bfffff,8.69580044052074,47.5465213560889,0.844134544688443,0.475848366852211,0.563711519504084
Zürich,881f8ed00dfffff,8.67547470175697,47.541809252998,1.06361832811821,0.48940483100486,0.460132002304558
Zürich,881f8ed011fffff,8.71941538656739,47.5436942897517,0.667124424962358,0.483219621087135,0.724332078104322
Zürich,881f8ed013fffff,8.7312233596769,47.5422787643539,0.763946911929539,0.600684092432798,0.78629036004036
Zürich,881f8ed015fffff,8.71089255476095,47.5375724613319,1.0085514144171,0.698309564626287,0.692388662237791
Zürich,881f8ed017fffff,8.72269917450409,47.5361575417676,0.995575848780677,0.758579168403874,0.761950151093899
Zürich,881f8ed019fffff,8.71613100519391,47.5512301389172,0.519820915796762,0.358235294893162,0.689151367339793
Zürich,881f8ed01bfffff,8.72793999904484,47.5498153358202,0.664543828130935,0.513062313168488,0.772051881982717
Zürich,881f8ed01dfffff,8.70760774651906,47.5451084869529,0.689007485485673,0.443554609640576,0.643758767479746
Zürich,881f8ed021fffff,8.6735325188618,47.5206140638562,0.643891430364824,0.268512815354081,0.417015668622804
Zürich,881f8ed023fffff,8.68533474155829,47.5192022869039,0.897839786415793,0.478086068305728,0.532484832527041
Zürich,881f8ed025fffff,8.66501816280005,47.5144885067423,0.478977735534139,0.161415482396732,0.336999969772555
Zürich,881f8ed027fffff,8.67681903062528,47.5130773340187,0.60616410697399,0.265806242798691,0.438505414194868
Zürich,881f8ed029fffff,8.67024541372775,47.5281498951913,0.957811253137083,0.39085884755646,0.408075021332538
Zürich,881f8ed02bfffff,8.68204865508275,47.5267388409282,0.921727332240292,0.455938952313985,0.494657081726989
Zürich,881f8ed02dfffff,8.66173063281413,47.5220245138287,0.85044714090133,0.290665849315008,0.341780029981583
Zürich,881f8ed031fffff,8.70565614480464,47.5239127505167,1.36981745819444,0.992291814449559,0.724397114749512
Zürich,881f8ed033fffff,8.71746039119614,47.5224977141051,1.51420448579341,1.22039695557634,0.805965751010752
Zürich,881f8ed035fffff,8.69713729991641,47.5177891828402,1.10260785058304,0.739951397482206,0.671092081460269
Zürich,881f8ed037fffff,8.70894019294877,47.5163747515332,1.2877082434081,1.02267528314019,0.794182446509417
Zürich,881f8ed039fffff,8.7023715034447,47.5314498510546,1.01936904930317,0.672192163555937,0.659419828388393
Zürich,881f8ed03bfffff,8.71417676960689,47.5300355369905,1.23416209119668,0.923420984709083,0.748216941109986
Zürich,881f8ed03dfffff,8.69385223243758,47.525326459414,1.05422421492132,0.641624111066289,0.608622057798372
Zürich,881f8ed041fffff,8.66889837367062,47.5568760692562,1.08557049279463,0.522528607232295,0.481340097856868
Zürich,881f8ed043fffff,8.68070602799163,47.5554665787153,0.728605818346119,0.359503056159133,0.493412277402859
Zürich,881f8ed045fffff,8.66038053671126,47.5507519964223,1.19625892112242,0.549830255076408,0.459624789724046
Zürich,881f8ed047fffff,8.67218683462845,47.5493431106915,1.07004634761838,0.496320471550268,0.463830816912685
Zürich,881f8ed04bfffff,8.67741799255152,47.5629993609126,0.864759365307445,0.432470158235391,0.500104625153885
Zürich,881f8ed04dfffff,8.65709105670387,47.5582842319882,1.27421083618116,0.642516947930313,0.504246965797238
Zürich,881f8ed051fffff,8.70103634929057,47.5601778413304,0.461356116175267,0.266698364573384,0.578074843321394
Zürich,881f8ed053fffff,8.71284603024433,47.5587650890882,0.423663035740877,0.279179807166835,0.658966640029432
Zürich,881f8ed055fffff,8.69251401867832,47.5540557602332,0.613753498227611,0.329350158922435,0.536616344955309
Zürich,881f8ed057fffff,8.70432234474204,47.5526436136777,0.568073438574763,0.343854771436513,0.605299857531113
Zürich,881f8ed059fffff,8.69774976002537,47.5677111697353,0.423230709901007,0.23770114147491,0.561634909552069
Zürich,881f8ed05bfffff,8.70956046157934,47.5662991400888,0.420578175643419,0.267055521789834,0.63497237197646
Zürich,881f8ed05dfffff,8.68922700306327,47.5615892652279,0.565707025595024,0.295943668800731,0.523139461613457
Zürich,881f8ed061fffff,8.65515379229855,47.5370938320859,1.01339745006762,0.394329987927609,0.389116814830447
Zürich,881f8ed063fffff,8.66695771508404,47.535684827848,1.02990887180196,0.424299849953601,0.411978051234021
Zürich,881f8ed065fffff,8.6466399429667,47.5309680224923,0.830965126567087,0.290078103527614,0.349085772980625
Zürich,881f8ed067fffff,8.65844250935997,47.5295596223352,0.875292463424595,0.314172675729219,0.358934514870622
Zürich,881f8ed069fffff,8.6518644814908,47.5446271429047,1.16604612927964,0.505192047343861,0.433252197025822
Zürich,881f8ed06dfffff,8.64335020782641,47.5385015091976,1.0149851684158,0.411001875465655,0.404933873178807
Zürich,881f8ed081fffff,8.76992897082286,47.5304845816374,0.877107751919599,0.632929924153275,0.72161022721333
Zürich,881f8ed083fffff,8.78173724429412,47.5290630204845,0.77904364650251,0.544017045429302,0.698313949252584
Zürich,881f8ed085fffff,8.7614011581133,47.5243650015704,1.08687088141045,0.778180611030329,0.715982573772215
Zürich,881f8ed087fffff,8.77320808126133,47.5229440472716,0.922600243136856,0.630485896008418,0.683379286639634
Zürich,881f8ed089fffff,8.76664926748202,47.5380242176723,0.664343160761551,0.51793398983472,0.779618155835308
Zürich,881f8ed08bfffff,8.7784585629449,47.5366033781811,0.759414681842035,0.564426907673981,0.743239393666855
Zürich,881f8ed08dfffff,8.75812102611906,47.531904814212,0.956653501558305,0.725772537472871,0.758657691934072
Zürich,881f8ed091fffff,8.80207813722477,47.5337577125233,0.550306617933882,0.390259295162151,0.709167003346923
Zürich,881f8ed093fffff,8.81388841406199,47.532332886098,0.56141153744795,0.406604151773691,0.724253287743286
Zürich,881f8ed095fffff,8.79354584554343,47.5276401306239,0.687620042755234,0.482382565722651,0.701524876717942
Zürich,881f8ed097fffff,8.80535477358123,47.526215911926,0.447553619284863,0.329706484802435,0.736685998270479
Zürich,881f8ed099fffff,8.79880090812459,47.5412986148479,0.582608915570591,0.420641848622015,0.721996930325122
Zürich,881f8ed09bfffff,8.81061220806216,47.5398745097398,0.697108463738618,0.484360752672377,0.694814046690428
Zürich,881f8ed09dfffff,8.79026818652241,47.5351812098412,0.586692564756804,0.420281102348797,0.71635661945539
Zürich,881f8ed0a1fffff,8.75615509206742,47.5107037512526,1.2036972754926,0.85596848804938,0.711116079995347
Zürich,881f8ed0a3fffff,8.7679596436546,47.5092826817666,0.975984714741563,0.650735540504283,0.666747676142239
Zürich,881f8ed0a5fffff,8.74763126554829,47.5045824294344,1.48838187880226,1.13491795901056,0.762517990291481
Zürich,881f8ed0a7fffff,8.75943446681508,47.5031619660741,1.2143425673677,0.836252512628856,0.688646297264846
Zürich,881f8ed0a9fffff,8.75287512463715,47.5182446384739,1.21489066079843,0.894127400067167,0.735973556237185
Zürich,881f8ed0abfffff,8.7646806972454,47.5168242906964,0.974121596210321,0.667256850404393,0.684983120177459
Zürich,881f8ed0adfffff,8.74435087021512,47.5121234928421,1.45035877247139,1.13573894923282,0.783074485285828
Zürich,881f8ed0b1fffff,8.78829282872236,47.5139796105102,0.698525566724473,0.48750365571452,0.697903811882681
Zürich,881f8ed0b3fffff,8.80009938561335,47.5125552778426,0.712234116771223,0.560755076463107,0.787318471916486
Zürich,881f8ed0b5fffff,8.77976452398829,47.5078602842541,0.732776437276186,0.492791252644141,0.672498769851146
Zürich,881f8ed0b7fffff,8.79156973207994,47.5064365585858,0.57836333160751,0.430073433615445,0.743604253782989
Zürich,881f8ed0b9fffff,8.78501533284017,47.5215217645354,0.565527825736781,0.386106694423079,0.682736864309111
Zürich,881f8ed0bbfffff,8.79682291186065,47.5200981532321,0.478953469333816,0.34685911661707,0.724202117377961
Zürich,881f8ed0bdfffff,8.77648659893671,47.5154026147517,0.758542677375561,0.506020963446653,0.667096234054235
Zürich,881f8ed0c1fffff,8.7515589829871,47.5469817440923,0.519955403578724,0.448365953200375,0.862316171953178
Zürich,881f8ed0c3fffff,8.76336897109948,47.5455629552,0.640168815139667,0.545359613831342,0.851899687916474
Zürich,881f8ed0c5fffff,8.74303166485863,47.5408619106285,0.780527345256565,0.636386510780251,0.815328911469548
Zürich,881f8ed0c7fffff,8.75484030112343,47.5394437284447,0.794255620120657,0.642909236170969,0.80944877176104
Zürich,881f8ed0c9fffff,8.74827707157074,47.5545188609786,0.496429365417595,0.45148446304062,0.909463650807266
Zürich,881f8ed0cbfffff,8.76008808153591,47.5531007940444,0.55786767549036,0.518226779598248,0.928942117219342
Zürich,881f8ed0cdfffff,8.73974932530573,47.5483992042555,0.489031348515403,0.408216728616136,0.834745522665155
Zürich,881f8ed0d1fffff,8.78371108981143,47.5502606730467,0.506247101767521,0.426012291449928,0.841510578455741
Zürich,881f8ed0d3fffff,8.79552308614135,47.5488386187233,0.834100543745731,0.641451905094565,0.769034272791586
Zürich,881f8ed0d5fffff,8.77517928865313,47.5441428374485,0.594173613370708,0.483502205849973,0.813738939208519
Zürich,881f8ed0d7fffff,8.7869899346582,47.5427213907076,0.527684273280997,0.403684301906059,0.765011053666731
Zürich,881f8ed0d9fffff,8.78043165184264,47.5577990566822,0.598516587652843,0.55962031055155,0.935012198652958
Zürich,881f8ed0dbfffff,8.79224467113559,47.5563777239733,0.674765445225124,0.568101983016871,0.841925126778437
Zürich,881f8ed0ddfffff,8.77189942127953,47.5516813981105,0.45097293516539,0.406714455761661,0.901860009875099
Zürich,881f8ed0e1fffff,8.7377883010655,47.5272029253747,1.28586266824729,1.02731401675964,0.798929809635063
Zürich,881f8ed0e3fffff,8.74959456438507,47.5257846275614,1.21869504155612,0.929762611104839,0.762916545485938
Zürich,881f8ed0e5fffff,8.72926497062415,47.5210813500479,1.58736117578292,1.31446631455272,0.828082691328519
Zürich,881f8ed0e7fffff,8.7410698821006,47.5196636582144,1.13980946324721,0.906156771858244,0.795007236803151
Zürich,881f8ed0e9fffff,8.7345061269707,47.5347412941467,1.00763216269093,0.801748070335568,0.795675346640844
Zürich,881f8ed0ebfffff,8.74631341117199,47.5333237183383,0.999994670845663,0.790286583017913,0.790290794599528
Zürich,881f8ed0edfffff,8.72598236914329,47.5286198951409,1.28406145560577,1.02488572032257,0.798159399496241
Zürich,881f8ed101fffff,8.62768931104905,47.4975151962386,0.267938217757626,0.0521431465949774,0.194608843155573
Zürich,881f8ed103fffff,8.63948577374698,47.4961071600925,0.25944124790794,0.048183732774407,0.185721172569693
Zürich,881f8ed105fffff,8.6191834301654,47.4913859212777,0.272138473268134,0.0541804229863793,0.199091375562308
Zürich,881f8ed107fffff,8.63097853649782,47.4899784877541,0.213502683678054,0.0369726037945522,0.17317161151147
Zürich,881f8ed109fffff,8.62439949229868,47.5050510065388,0.279610198992035,0.0646668391837022,0.231274965708759
Zürich,881f8ed10bfffff,8.63619697157254,47.5036436934685,0.267525649532557,0.0552394181195886,0.206482698821991
Zürich,881f8ed111fffff,8.65979294787077,47.5008250890993,0.290601488779372,0.0772259662557042,0.265745253336727
Zürich,881f8ed113fffff,8.67159144292332,47.4994137975354,0.390761613127796,0.142005029413563,0.363405781537507
Zürich,881f8ed115fffff,8.65128257568495,47.4946977980536,0.214786779492737,0.0451569608042054,0.21024087660727
Zürich,881f8ed117fffff,8.6630797158774,47.4932871099893,0.263880205034818,0.0727578978581125,0.275723212540752
Zürich,881f8ed119fffff,8.65650558671533,47.508362170081,0.340595425529666,0.0911755612407109,0.267694614802657
Zürich,881f8ed11bfffff,8.6683050994568,47.5069516012524,0.428190063661012,0.14740886394238,0.344260356445544
Zürich,881f8ed11dfffff,8.64799479042518,47.5022350543662,0.243590693089845,0.0527969580926159,0.216744562047543
Zürich,881f8ed129fffff,8.61067932873812,47.4852558690802,0.275284944919195,0.0603881903855736,0.2193661204513
Zürich,881f8ed12bfffff,8.62247307849454,47.4838490378454,0.257052783343526,0.0455748609995375,0.177297675624197
Zürich,881f8ed131fffff,8.64606159862109,47.4810313991965,0.178989303128915,0.0324691671042748,0.181402835458214
Zürich,881f8ed133fffff,8.65785636702146,47.479620591517,0.194882491861494,0.0454809860003814,0.23337645966014
Zürich,881f8ed135fffff,8.63755520804578,47.4749023769383,0.181453456613975,0.0306287643196903,0.168796808235238
Zürich,881f8ed137fffff,8.64934862159839,47.4734921720299,0.182851346396286,0.0361459324005364,0.197679334130791
Zürich,881f8ed139fffff,8.64277398271688,47.4885697286096,0.218192745347633,0.0387500033690231,0.177595287631059
Zürich,881f8ed13bfffff,8.65456976783743,47.4871596437116,0.199434333064886,0.0430073304116331,0.215646572737507
Zürich,881f8ed13dfffff,8.63426716878378,47.4824408812618,0.179761684802741,0.0296421358005747,0.164896851256718
Zürich,881f8ed141fffff,8.60931092506457,47.513991182357,0.34848199384859,0.129766357018343,0.372376074830209
Zürich,881f8ed143fffff,8.62110908010788,47.5125859184782,0.300733950493495,0.0859411469274019,0.285771349680923
Zürich,881f8ed145fffff,8.60080555642967,47.5078616551151,0.384445338863948,0.153715169064528,0.399836214736699
Zürich,881f8ed149fffff,8.60601890286371,47.5215244723899,0.415173220601595,0.195806159817468,0.471625215936955
Zürich,881f8ed14bfffff,8.61781807433778,47.5201199318806,0.379915527903987,0.136966738413308,0.360518926849241
Zürich,881f8ed14dfffff,8.59751311191046,47.5153951203311,0.382207061193914,0.191256349621671,0.500399833075393
Zürich,881f8ed151fffff,8.64141744002818,47.5173068721976,0.366316354078719,0.0981270936598327,0.267875273837067
Zürich,881f8ed153fffff,8.65321763227214,47.5158983527578,0.402574851244634,0.113413013661501,0.28171907239328
Zürich,881f8ed155fffff,8.63290757605472,47.5111793285612,0.285889331958415,0.0690607578951287,0.241564655183336
Zürich,881f8ed157fffff,8.64470641191923,47.509771412473,0.296794319521837,0.0699142428165531,0.235564625796045
Zürich,881f8ed159fffff,8.63812787461312,47.5248414333636,0.481325666226313,0.151802890514208,0.315384990175928
Zürich,881f8ed15bfffff,8.64992908440227,47.5234336369537,0.759903513443503,0.234412564646936,0.308476748034359
Zürich,881f8ed15dfffff,8.62961758705463,47.5187140651942,0.36117166202203,0.105910778174159,0.293242215021008
Zürich,881f8ed161fffff,8.59559424110051,47.4941968119941,0.404688305268808,0.146065582221949,0.360933539023143
Zürich,881f8ed163fffff,8.60738866470468,47.4927920293133,0.32823434594604,0.0850784668777001,0.259200379023366
Zürich,881f8ed165fffff,8.58709285476204,47.4880655560354,0.477337127781497,0.201870791756412,0.422910308055523
Zürich,881f8ed167fffff,8.59888592049913,47.486661375099,0.386546553374228,0.115362277735568,0.298443426098492
Zürich,881f8ed169fffff,8.59230196824882,47.5017313506492,0.404799741063792,0.179488712080818,0.443401252207157
Zürich,881f8ed16bfffff,8.60409740731479,47.5003272913838,0.362828770260772,0.115704906126106,0.318896723771234
Zürich,881f8ed181fffff,8.71027163947404,47.4876310948408,0.94093415208219,0.843414491594229,0.896358676882798
Zürich,881f8ed183fffff,8.72207045614898,47.4862137746736,1.09517294406292,1.00987343974137,0.922113210718026
Zürich,881f8ed185fffff,8.70175627762486,47.4815060439427,0.66072223952047,0.526730436593324,0.797204036866699
Zürich,881f8ed187fffff,8.71355374246913,47.4800893282984,0.841934214225436,0.753029782728684,0.894404538983438
Zürich,881f8ed189fffff,8.70698894386021,47.495171963743,1.01547868122327,0.878197476082931,0.864811337078034
Zürich,881f8ed18bfffff,8.71878877947728,47.493755365674,1.2439125291616,1.16125720675286,0.933552142557443
Zürich,881f8ed18dfffff,8.69847315612306,47.4890470883248,0.714712612913765,0.541966256836592,0.758299555715249
Zürich,881f8ed191fffff,8.74238944774775,47.4909181885431,1.44350348158839,1.14302720964282,0.791842364235288
Zürich,881f8ed193fffff,8.754190278427,47.4894976092204,1.32036741815592,0.91777847906544,0.695093249382998
Zürich,881f8ed195fffff,8.73386960516129,47.4847951276927,1.15820704668128,0.981075422892303,0.847063938786657
Zürich,881f8ed197fffff,8.74566908552418,47.4833751537675,1.32617691268282,0.975939151230732,0.735904193397875
Zürich,881f8ed199fffff,8.73910921750861,47.4984603257358,1.62225012711491,1.34672907306324,0.830161175859069
Zürich,881f8ed19bfffff,8.75091106823922,47.4970404681682,1.41598582820065,1.03802167028314,0.733073488173395
Zürich,881f8ed19dfffff,8.73058894776878,47.4923374406508,1.35271805039758,1.2080584599116,0.893060057531235
Zürich,881f8ed1a1fffff,8.69652564820758,47.467838096331,0.421873509148574,0.292691275046352,0.693789177796592
Zürich,881f8ed1a3fffff,8.70832074303378,47.4664212627322,0.525617058762712,0.41621250487639,0.791855016760954
Zürich,881f8ed1a5fffff,8.68801426726454,47.4617113117274,0.322513399568544,0.186771104344893,0.579111145753181
Zürich,881f8ed1a7fffff,8.69980801026802,47.4602950819233,0.39461514292119,0.276421145594046,0.700482864260613
Zürich,881f8ed1a9fffff,8.69324269374904,47.4753802134739,0.517027463860404,0.343394587974298,0.664170884483253
Zürich,881f8ed1abfffff,8.70503880654882,47.4739641020194,0.592790687145826,0.480152880383771,0.809987219427512
Zürich,881f8ed1adfffff,8.6847308876656,47.4692536039288,0.373069623680798,0.199328362210588,0.534292661632335
Zürich,881f8ed1b1fffff,8.72863203206967,47.471127900164,0.781625774113942,0.624108317654412,0.798474587614395
Zürich,881f8ed1b3fffff,8.7404291428186,47.469707809502,0.814709335161084,0.562758772368633,0.690747912269061
Zürich,881f8ed1b5fffff,8.72011617115868,47.4650031030018,0.594559925339193,0.468782018028623,0.788452093809024
Zürich,881f8ed1b7fffff,8.73191193159646,47.4635836170092,0.849729015951605,0.599686623540474,0.705738667602034
Zürich,881f8ed1b9fffff,8.72535154030014,47.4786712861113,0.939731840790802,0.822076130732049,0.874798634087207
Zürich,881f8ed1bbfffff,8.73714967013159,47.4772519172506,0.970247874342573,0.753212168841947,0.77630901211952
Zürich,881f8ed1bdfffff,8.71683525298436,47.472546664293,0.700908479405412,0.600323062849776,0.856492795406094
Zürich,881f8ed1c1fffff,8.69190513483011,47.5041264837577,0.764598042532866,0.490261735185905,0.641201922989269
Zürich,881f8ed1c3fffff,8.70370565548867,47.5027119348281,1.0436895307155,0.844230634665411,0.808890584623041
Zürich,881f8ed1c5fffff,8.68339027459665,47.4980011795424,0.529431588226748,0.273026672452168,0.515697737958232
Zürich,881f8ed1c7fffff,8.69518944190446,47.4965872349888,0.740309329459956,0.520269690216603,0.702773380684169
Zürich,881f8ed1c9fffff,8.68862023476106,47.511664834455,0.790879824540569,0.460639974666463,0.582439911062409
Zürich,881f8ed1cbfffff,8.7004217742204,47.5102510079194,1.02333227415269,0.757873992872626,0.740594244914383
Zürich,881f8ed1cdfffff,8.68010494915724,47.5055397058553,0.559308348894759,0.263951061111816,0.471924049825835
Zürich,881f8ed1d1fffff,8.72402585516112,47.5074193734073,1.62969428430341,1.45904077887962,0.895284958002579
Zürich,881f8ed1d3fffff,8.73582839466767,47.5060015651687,1.61115032234935,1.36650786697787,0.848156654299798
Zürich,881f8ed1d5fffff,8.71550651014601,47.5012960589352,1.29475980652646,1.17844966783453,0.910168559368582
Zürich,881f8ed1d7fffff,8.72730769781508,47.499878855948,1.44356741609816,1.31208933192113,0.908921410451059
Zürich,881f8ed1d9fffff,8.72074341966783,47.5149589928518,1.77058056208846,1.51921472656652,0.858031969341485
Zürich,881f8ed1dbfffff,8.73254697908592,47.513541906665,1.55935582132172,1.31980295418185,0.846377033474742
Zürich,881f8ed1ddfffff,8.7122236480162,47.5088358542805,1.44032916454226,1.2385276838417,0.85989210961739
Zürich,881f8ed1e3fffff,8.68995914675365,47.4829214331749,0.484744588920668,0.299923111100319,0.618724000134024
Zürich,881f8ed1e5fffff,8.66965147299981,47.4782084580913,0.284930011718617,0.0946792071133622,0.332289345521323
Zürich,881f8ed1e7fffff,8.68144691557084,47.4767949987875,0.379415526183588,0.183519531699853,0.483690094461378
Zürich,881f8ed1e9fffff,8.67487719333854,47.4918750957677,0.432298185559763,0.170359092492132,0.394077741204355
Zürich,881f8ed1ebfffff,8.68667500708246,47.4904617552567,0.91200311291265,0.516671571510897,0.56652391224939
Zürich,881f8ed1edfffff,8.66636589087414,47.4857482329278,0.248986738562055,0.0741607371469326,0.297850148868268
Zürich,881f8ed201fffff,8.66425990929845,47.5931214939233,0.654644932369895,0.406974479391392,0.621672084007577
Zürich,881f8ed203fffff,8.6760730000904,47.5917142902009,0.712170937375561,0.403928934432605,0.567179750301428
Zürich,881f8ed205fffff,8.65573858876113,47.5869989087183,1.24086178208318,0.827251946446666,0.666675336763023
Zürich,881f8ed207fffff,8.66755032161429,47.5855923103878,0.633230830879671,0.369874450115736,0.584106824997629
Zürich,881f8ed209fffff,8.66096890241519,47.6006497773556,0.908700081999361,0.594175757612797,0.653874440404436
Zürich,881f8ed20bfffff,8.67278301352213,47.5992432968165,0.654453518506483,0.382763057797619,0.584859041893633
Zürich,881f8ed20dfffff,8.65244715656766,47.5945273690084,0.914069806327238,0.661459066058392,0.723641741013366
Zürich,881f8ed211fffff,8.69641224697772,47.5964263488783,0.334830173832853,0.19435234002992,0.580450494664619
Zürich,881f8ed213fffff,8.70822736734566,47.5950158812141,0.300986824250454,0.193561993023362,0.643091249942212
Zürich,881f8ed215fffff,8.68788642795366,47.5903057577084,0.450016561178995,0.250936711649636,0.557616615246801
Zürich,881f8ed217fffff,8.69970019189822,47.5888958963135,0.343660867537818,0.203375024755617,0.591789883476437
Zürich,881f8ed219fffff,8.69312370764465,47.6039559013962,0.464841565543791,0.262871483533114,0.565507697715449
Zürich,881f8ed21bfffff,8.70493984944332,47.6025461565749,0.369959337444411,0.226945615196336,0.613433943211222
Zürich,881f8ed21dfffff,8.68459746203974,47.5978354873683,0.523832604790719,0.293783458354046,0.560834617141517
Zürich,881f8ed221fffff,8.65051031435108,47.5733460048001,1.08393393850877,0.687294956815933,0.6340745800076
Zürich,881f8ed223fffff,8.66231966971008,47.5719392882974,1.43368514470123,0.795990946608174,0.555206245632161
Zürich,881f8ed225fffff,8.64199298519802,47.5672216800132,1.21994643261336,0.801479314440832,0.656979104175838
Zürich,881f8ed227fffff,8.65380098263024,47.5658155681726,1.06597311916159,0.599938869145853,0.56280862843682
Zürich,881f8ed22bfffff,8.65902942642881,47.5794695484229,1.43760014362437,0.874285780024679,0.608156436198242
Zürich,881f8ed22dfffff,8.63870129801332,47.5747513933485,1.23253468837922,0.935987769434625,0.759400752173107
Zürich,881f8ed231fffff,8.68265118995806,47.5766535770663,0.543811460947037,0.288764812792274,0.531001704688965
Zürich,881f8ed233fffff,8.69446257680705,47.5752435987168,0.411665223677325,0.228220249623184,0.554383116418086
Zürich,881f8ed235fffff,8.67412936310148,47.5705312437073,0.707305662872327,0.367141705534896,0.519070784820179
Zürich,881f8ed237fffff,8.6859393935363,47.5691218708974,0.544148940134426,0.284015100258604,0.521943679957258
Zürich,881f8ed239fffff,8.67936239218925,47.5841843835591,0.68092637556958,0.37276504302154,0.547438102555112
Zürich,881f8ed23bfffff,8.69117479949629,47.5827751280996,0.513489406668748,0.284512948499701,0.554077542408272
Zürich,881f8ed23dfffff,8.67084013950218,47.5780622269241,0.713764915342568,0.391271051117635,0.548179159142119
Zürich,881f8ed241fffff,8.64586250804579,47.6095815888739,0.77830980036915,0.61942381771229,0.795857661587326
Zürich,881f8ed245fffff,8.63734169639354,47.6034587522386,0.758456366641884,0.705918514076408,0.93073055369277
Zürich,881f8ed247fffff,8.64915512970903,47.6020549291185,0.866921686640575,0.667397391111701,0.76984738229118
Zürich,881f8ed249fffff,8.64256929143846,47.6171073480999,1.12188609127652,0.891606203786514,0.794738619829054
Zürich,881f8ed24bfffff,8.65438510438873,47.6157036432119,1.10657549552583,0.744430869123961,0.672733918412154
Zürich,881f8ed251fffff,8.67801774653988,47.6128922461414,0.588589072149753,0.322357454037397,0.547678285735111
Zürich,881f8ed253fffff,8.68983457375948,47.6114845536926,0.437057591379371,0.237640036560625,0.543727053934984
Zürich,881f8ed255fffff,8.66949243234496,47.6067714032311,0.655709342626002,0.389749099151596,0.594393085190335
Zürich,881f8ed257fffff,8.68130790161497,47.6053643169041,0.575807147419902,0.321865510407354,0.558981443439146
Zürich,881f8ed259fffff,8.67472699667495,47.6204192749053,0.550180750685904,0.288359557472639,0.524117859654567
Zürich,881f8ed25bfffff,8.68654484518268,47.6190123055926,0.492852881062118,0.252875682335901,0.513085531306917
Zürich,881f8ed25dfffff,8.6662012564194,47.6142986092702,0.672774858207421,0.397149243351359,0.590315227310286
Zürich,881f8ed261fffff,8.63211614017772,47.5898081204168,1.55563315737115,1.51575610302668,0.974366029577394
Zürich,881f8ed263fffff,8.64392719461919,47.5884041786836,1.42998958410255,1.14085980882825,0.797809873240612
Zürich,881f8ed265fffff,8.62359932139512,47.5836835440942,1.76228729863643,1.86700553833392,1.05942177520006
Zürich,881f8ed267fffff,8.6354090163863,47.5822802068747,1.66919499860894,1.44962714940414,0.868458838309613
Zürich,881f8ed269fffff,8.62882266924822,47.5973351337999,0.880640205722808,0.937185889230845,1.06420974552442
Zürich,881f8ed26bfffff,8.64063474288775,47.5959319155895,0.83272137774259,0.727596707780159,0.873757690420521
Zürich,881f8ed26dfffff,8.62030542642588,47.5912107340516,1.6147877789291,1.90365897118762,1.17889111871413
Zürich,881f8ed281fffff,8.74695858868285,47.5832431590685,0.257712161578628,0.270121843405887,1.04815326429006
Zürich,881f8ed283fffff,8.75877401817746,47.5818266511837,0.30415649493418,0.343219420529596,1.12843035163155
Zürich,881f8ed285fffff,8.73842777624746,47.5771248173102,0.223737414677203,0.212317033609289,0.94895631969114
Zürich,881f8ed287fffff,8.75024185236486,47.575708916717,0.283509153764464,0.301505720115299,1.06347790225421
Zürich,881f8ed289fffff,8.74367473112249,47.5907765018578,0.374598467992565,0.376087016497994,1.00397371754723
Zürich,881f8ed28dfffff,8.73514349031681,47.5846583373927,0.358809004801405,0.330175323632015,0.920197986153557
Zürich,881f8ed291fffff,8.77912507809714,47.5865251551979,0.419540851195828,0.450506140804098,1.07380756729651
Zürich,881f8ed293fffff,8.79094251872851,47.5851053796338,0.51253316947616,0.488540063003853,0.953187212260176
Zürich,881f8ed297fffff,8.78240586658815,47.5789896462097,0.472494081621816,0.50094306018283,1.0602102326094
Zürich,881f8ed2a1fffff,8.73318286592389,47.5634710948162,0.319958627878656,0.270630091875917,0.845828392471271
Zürich,881f8ed2a3fffff,8.74499456673495,47.5620550789275,0.332235553424137,0.313292740038236,0.942983786079877
Zürich,881f8ed2a5fffff,8.72465604493526,47.5573510083696,0.39496122718635,0.297956110330824,0.754393317170454
Zürich,881f8ed2a7fffff,8.73646639237392,47.5559355990434,0.525808695003491,0.444601154844103,0.845556870909392
Zürich,881f8ed2a9fffff,8.72989874581624,47.5710056913982,0.357207714799654,0.29827347480096,0.835014089682392
Zürich,881f8ed2abfffff,8.74171146834034,47.5695903977633,0.326759234930355,0.312693355704073,0.95695338425774
Zürich,881f8ed2adfffff,8.72137149720874,47.5648857818263,0.326126768348304,0.239597724616784,0.734676659110953
Zürich,881f8ed2b1fffff,8.76533790672893,47.5667558229138,0.385645940736428,0.413666839856782,1.07265965011027
Zürich,881f8ed2b3fffff,8.77715162061243,47.5653365414382,0.532296904050735,0.547373100452274,1.02832290829951
Zürich,881f8ed2b5fffff,8.75680659865193,47.5606377340293,0.383386482239717,0.382610893626071,0.997977005842472
Zürich,881f8ed2b7fffff,8.76861896068459,47.5592190599909,0.387925351978283,0.385639316775616,0.994107022933641
Zürich,881f8ed2b9fffff,8.76205625927305,47.5742916867033,0.39279867104436,0.44015140719784,1.1205521801476
Zürich,881f8ed2bbfffff,8.77387099598127,47.5728731271385,0.430107077628162,0.473237555158873,1.10027846500122
Zürich,881f8ed2bdfffff,8.75352452230805,47.5681737749787,0.317234846372587,0.331799578343033,1.04591151362149
Zürich,881f8ed2c5fffff,8.72004282215299,47.5936040842438,0.250789673491678,0.186893712508874,0.745220925195214
Zürich,881f8ed2c7fffff,8.7318586104089,47.5921909578355,0.366846586802411,0.320742310589962,0.874322733613762
Zürich,881f8ed2c9fffff,8.72528706810309,47.6072534991011,0.303930952699773,0.227490976560431,0.748495586052236
Zürich,881f8ed2cdfffff,8.71675632602016,47.6011350823079,0.454431041580167,0.318236912144819,0.700297477562783
Zürich,881f8ed2e1fffff,8.71480062034749,47.5799526307588,0.279438095618697,0.193369667899757,0.691994652596032
Zürich,881f8ed2e3fffff,8.7266140319115,47.5785393886137,0.250150794267936,0.203561306741873,0.813754388978028
Zürich,881f8ed2e7fffff,8.71808635572595,47.5724196560145,0.290052505572046,0.207047858232302,0.713828890476087
Zürich,881f8ed2e9fffff,8.7115142909339,47.5874847058837,0.238410781111209,0.15942978127457,0.668718841201241
Zürich,881f8ed2ebfffff,8.72332872407026,47.5860721862874,0.233946724832399,0.183262335345437,0.783350720027082
Zürich,881f8ed2edfffff,8.70298754254571,47.5813645438768,0.344271965038062,0.207599251049016,0.603009458019808
Zürich,881f8ed301fffff,8.60464811268541,47.5502469966004,1.26865622782256,1.06946694734972,0.842991918453184
Zürich,881f8ed303fffff,8.61645169345234,47.5488440236083,1.27274012531463,0.883831165135191,0.694431759913835
Zürich,881f8ed307fffff,8.60794149416225,47.5427165791054,1.12357712017353,0.789746235876068,0.702885651279636
Zürich,881f8ed309fffff,8.60135413693436,47.5577765146794,1.44177883089148,1.42219079464431,0.98641397985081
Zürich,881f8ed30bfffff,8.61315873495619,47.5563742653034,1.4734663073521,1.23374740966437,0.837309549263795
Zürich,881f8ed311fffff,8.63676895587533,47.5535657854052,1.41064913815294,0.800166377236508,0.567232741009024
Zürich,881f8ed313fffff,8.64857457679755,47.5521595546159,1.31729738052509,0.648587800832327,0.492362476704987
Zürich,881f8ed315fffff,8.62825561583371,47.5474397237506,1.25388642839072,0.7089002198447,0.56536238354101
Zürich,881f8ed317fffff,8.6400598788423,47.5460340968938,1.21676271049663,0.580843087249716,0.477367593729627
Zürich,881f8ed319fffff,8.6334774387863,47.5610965745563,1.33478043295959,0.899953374590004,0.674233268908918
Zürich,881f8ed31bfffff,8.6452840780797,47.5596910670439,1.5249279891716,0.864781156886456,0.567096389486717
Zürich,881f8ed31dfffff,8.62496367493233,47.5549706889233,1.46300793126345,1.00355518816006,0.685953347698801
Zürich,881f8ed321fffff,8.59092644141447,47.530459354513,0.655133576817315,0.478699572763438,0.730690029793611
Zürich,881f8ed323fffff,8.60272628684776,47.5290568636325,0.538586297509072,0.316811469100689,0.588227867225592
Zürich,881f8ed325fffff,8.58242158758751,47.5243295754119,0.500196856067683,0.374326971668205,0.748359305196341
Zürich,881f8ed327fffff,8.59422007361835,47.5229276868557,0.458733925488225,0.28176038101452,0.61421308815267
Zürich,881f8ed329fffff,8.5876322151599,47.537990123127,0.777941066671013,0.652612680616265,0.838897326000468
Zürich,881f8ed32bfffff,8.5994330768778,47.5365883559089,0.664572240559814,0.474973135643922,0.714705048835353
Zürich,881f8ed32dfffff,8.57912693953558,47.5318605193452,0.581647311501784,0.483119141648061,0.830604959559894
Zürich,881f8ed333fffff,8.63483771553502,47.5323750957951,0.574078970631526,0.218121480198891,0.37995030537165
Zürich,881f8ed335fffff,8.61452647484943,47.5276530465698,0.489747399345894,0.223553692437146,0.456467339562647
Zürich,881f8ed337fffff,8.62632700443334,47.5262479031913,0.483181745629391,0.17576629992736,0.363768502260796
Zürich,881f8ed339fffff,8.61974405777119,47.5413128825741,1.04728572475172,0.592232216925748,0.565492494482488
Zürich,881f8ed33bfffff,8.6315469626549,47.539907859316,1.02829051237399,0.476177001952201,0.463076335162193
Zürich,881f8ed343fffff,8.59805956676997,47.5653051331672,1.5558853410373,1.75495526709594,1.12794639862468
Zürich,881f8ed349fffff,8.58295811285288,47.5742323266548,1.48056076747547,1.91361169052281,1.29249115102904
Zürich,881f8ed34bfffff,8.59476440205318,47.5728328518886,1.59584100132465,2.01464448504047,1.26243434237382
Zürich,881f8ed351fffff,8.61837801033259,47.5700299207811,1.35838945200967,1.31598770197255,0.968785277319118
Zürich,881f8ed353fffff,8.63018532743605,47.5686264641716,1.31996705894507,1.05083088444645,0.796103870414981
Zürich,881f8ed355fffff,8.60986518214367,47.5639036074842,1.61529786995184,1.59693083118378,0.988629317781117
Zürich,881f8ed359fffff,8.61508428635586,47.5775581871158,1.77590909477139,1.98476387641596,1.11760443271533
Zürich,881f8ed35bfffff,8.62689262168542,47.5761554540759,1.32106466896942,1.2253658550359,0.927559326820711
Zürich,881f8ed35dfffff,8.60657103487566,47.5714320499754,1.91286068870563,2.18317191201581,1.14131255083353
Zürich,881f8ed361fffff,8.57253586085114,47.5469197096762,0.873601708509036,0.814584417899114,0.932443709719105
Zürich,881f8ed365fffff,8.56403152439343,47.5407896791378,0.648137322236455,0.546715221766631,0.843517574146389
Zürich,881f8ed367fffff,8.57583169733642,47.5393905641585,0.66337447846575,0.590736284686982,0.890501977183739
Zürich,881f8ed369fffff,8.56923942994076,47.5544479557229,0.951709908420871,0.919391715846694,0.966041971100416
Zürich,881f8ed36dfffff,8.56073467220753,47.5483181006397,0.702110170990308,0.590784588069325,0.841441432526235
Zürich,881f8ed501fffff,8.85259373381996,47.5205057461857,0.480968435334099,0.444601212795891,0.924387506816438
Zürich,881f8ed503fffff,8.86440428095072,47.5190748813719,0.507265892354312,0.432323317407869,0.852261750541475
Zürich,881f8ed507fffff,8.85586568395467,47.5129601636989,0.482778448460045,0.531387073034293,1.10068515843924
Zürich,881f8ed509fffff,8.84932119148057,47.5280504308906,0.490693347236309,0.384102372252223,0.78277477046626
Zürich,881f8ed50bfffff,8.86113276295416,47.5266202867499,0.512902869101207,0.378419736685757,0.737799999732672
Zürich,881f8ed511fffff,8.88475686845792,47.5237560090946,0.522905091736735,0.294617948142549,0.563425280798144
Zürich,881f8ed513fffff,8.896569400506,47.5223218753254,0.506024013573034,0.241024612921064,0.476310622531904
Zürich,881f8ed51dfffff,8.87294465561027,47.5251888128604,0.525598979309735,0.345430364184276,0.657212775865598
Zürich,881f8ed521fffff,8.83879382224946,47.5007283717741,0.509835179612066,0.813984748873867,1.59656450049843
Zürich,881f8ed523fffff,8.85060065429695,47.4992980033943,0.558228199655444,0.914817417549055,1.63878753906325
Zürich,881f8ed525fffff,8.83026055718791,47.4946112985098,0.450139367757561,0.758393843597547,1.68479786021739
Zürich,881f8ed527fffff,8.84206604348553,47.4931815381458,0.493922454449433,0.940413288362658,1.90396949944485
Zürich,881f8ed529fffff,8.83552100902658,47.5082743079944,0.480285520262914,0.62472898595864,1.30074499355437
Zürich,881f8ed52bfffff,8.84732886444627,47.506844660335,0.524997166015289,0.720681652404734,1.37273436707227
Zürich,881f8ed52dfffff,8.8269873130147,47.5021574113549,0.469724552362256,0.650895387094833,1.38569590161184
Zürich,881f8ed531fffff,8.87094554077021,47.5039813776835,0.599501386185385,0.665024050450307,1.10929526732514
Zürich,881f8ed533fffff,8.88275435969445,47.5025477424366,0.575011006360109,0.513188973246211,0.892485478660245
Zürich,881f8ed535fffff,8.86240780816768,47.4978663060879,0.590631394124651,0.875336055170249,1.48203441922952
Zürich,881f8ed537fffff,8.87421528287194,47.4964332797276,0.591195300134461,0.71623277670398,1.21149944280863
Zürich,881f8ed539fffff,8.86767520684294,47.5115285782907,0.507623500558898,0.498298734509837,0.981630546972718
Zürich,881f8ed53bfffff,8.87948505024399,47.5100956634174,0.816870992410911,0.669796679550583,0.819954051218965
Zürich,881f8ed53dfffff,8.85913704202411,47.5054136836072,0.566064869897498,0.734128609594867,1.29689837443507
Zürich,881f8ed541fffff,8.834235783389,47.5370223112628,0.500454813677321,0.342905612377183,0.685187959043749
Zürich,881f8ed545fffff,8.82569901604391,47.5309067304365,0.457195064950084,0.345149855341321,0.754929092200511
Zürich,881f8ed547fffff,8.83750994218028,47.5294792454101,0.469005676944924,0.367342058208198,0.783235846101144
Zürich,881f8ed549fffff,8.83096103201405,47.5445644789013,0.750116943156059,0.470083075769621,0.626679719820462
Zürich,881f8ed54dfffff,8.82242383348047,47.5384490752543,0.690930102716735,0.473367915928772,0.685116937397126
Zürich,881f8ed561fffff,8.82043904826894,47.517246944408,0.47081011181467,0.438909583081058,0.932243322874573
Zürich,881f8ed563fffff,8.83224760367758,47.5158193466297,0.485910310648334,0.513227934810863,1.05621947829442
Zürich,881f8ed565fffff,8.81190626862058,47.51112961662,0.644504188639575,0.604044847976263,0.937224084224009
Zürich,881f8ed567fffff,8.82371347675481,47.5097026267134,0.452636571434464,0.510460863898929,1.12774993474613
Zürich,881f8ed569fffff,8.81716402741779,47.5247903642618,0.425516947976865,0.340546625058835,0.800312717690742
Zürich,881f8ed56bfffff,8.82897360606317,47.5233634875027,0.428247085654827,0.37491950099315,0.875474728379915
Zürich,881f8ed56dfffff,8.8086308173334,47.5186732132326,0.550831491903924,0.446541778126505,0.810668570497039
Zürich,881f8ed5edfffff,8.89129521316732,47.5086614189518,0.438984438274097,0.292566105200947,0.666461222067904
Zürich,881f8ed705fffff,8.82113322099198,47.5671855907677,0.605499008647245,0.36994461137645,0.610974759814965
Zürich,881f8ed707fffff,8.83294959183214,47.5657603814995,0.613895990921507,0.323053720006327,0.526235265881762
Zürich,881f8ed721fffff,8.81587169016313,47.553531069836,0.586233979634084,0.386692591891051,0.659621593638119
Zürich,881f8ed723fffff,8.82768568791591,47.5521057481492,0.681432511515562,0.408638774142488,0.599676075380732
Zürich,881f8ed725fffff,8.80733540927888,47.5474152350107,0.651412021136332,0.458420963142148,0.703734269967067
Zürich,881f8ed727fffff,8.81914805823336,47.5459905217797,0.749445876120356,0.491809524958239,0.656230877544062
Zürich,881f8ed729fffff,8.81259472913028,47.561070719247,0.599551377631007,0.411711885136951,0.686699923472344
Zürich,881f8ed72bfffff,8.82440975095509,47.5596461188301,0.602376185869509,0.359617680590012,0.596998501975832
Zürich,881f8ed72dfffff,8.80405801757268,47.5549550617343,0.727211390161521,0.54031673266752,0.742998170789804
Zürich,881f8ed73dfffff,8.83622509728709,47.5582201883549,0.709398098622007,0.378855542540618,0.53405209751272
Zürich,881f8ed745fffff,8.8027602868603,47.5836842738473,0.60003669635865,0.479202806058948,0.798622499202152
Zürich,881f8ed761fffff,8.79750145483359,47.5700320188349,0.77483845572063,0.673020499388002,0.868594601131493
Zürich,881f8ed763fffff,8.80931717499525,47.5686094698365,0.69731527805952,0.50706686722967,0.727170167045141
Zürich,881f8ed765fffff,8.7889656629678,47.5639159304216,0.723836307679002,0.671332396075343,0.927464385183973
Zürich,881f8ed767fffff,8.80078003280409,47.5624939897344,0.717534505390089,0.575869001129667,0.80256628329894
Zürich,881f8ed769fffff,8.7942222835216,47.57756914886,0.572456264914136,0.529032230588262,0.924144363530745
Zürich,881f8ed76dfffff,8.78568606149849,47.5714532378924,0.5309500060937,0.534650970878378,1.00697045812638
Zürich,881f8ed801fffff,8.59121830304976,47.401809621324,0.428760203310218,0.369049236959106,0.860735754181201
Zürich,881f8ed803fffff,8.60299817478955,47.4004007341554,0.413819383054415,0.409896660490951,0.990520689160304
Zürich,881f8ed805fffff,8.58272781627289,47.3956737014392,0.452942971773216,0.383131620263399,0.845871653032801
Zürich,881f8ed807fffff,8.59450633322592,47.3942654141279,0.396353934805948,0.382199086019396,0.964287351421192
Zürich,881f8ed809fffff,8.58792968083554,47.4093529322742,0.422263341864846,0.316937619967163,0.750568634652178
Zürich,881f8ed80bfffff,8.59971056542889,47.4079447680684,0.392585434468219,0.32809100860023,0.835718750097413
Zürich,881f8ed80dfffff,8.57943877367752,47.4032171856112,0.414360185167207,0.322817011586923,0.779073432107518
Zürich,881f8ed811fffff,8.62327335880802,47.405124470064,0.466050923852492,0.496210333997576,1.06471269254394
Zürich,881f8ed813fffff,8.63505526563084,47.4037123360007,0.592237444318132,0.659240745144527,1.11313587391209
Zürich,881f8ed815fffff,8.61477838791582,47.3989905239729,0.506659039779506,0.575802473094422,1.13646935687757
Zürich,881f8ed817fffff,8.62655894144745,47.3975789906438,0.431457570036965,0.533598661512367,1.2367349620651
Zürich,881f8ed819fffff,8.61998718428131,47.4126690532942,0.413986894453344,0.354960009652865,0.857418470025669
Zürich,881f8ed81bfffff,8.63177010506794,47.4112576418532,0.434920618004569,0.404778104533619,0.930694218155843
Zürich,881f8ed81dfffff,8.61149179174685,47.4065352807092,0.388693145248574,0.370702176799054,0.953714212176255
Zürich,881f8ed821fffff,8.577527975545,47.3819924556316,0.489630318970277,0.399995391507659,0.816933461859294
Zürich,881f8ed823fffff,8.58930412561405,47.3805840448367,0.409507622407746,0.374042863659746,0.913396584562991
Zürich,881f8ed825fffff,8.56904145905968,47.3758548181529,0.499399644409757,0.37497211969766,0.750845788328187
Zürich,881f8ed827fffff,8.58081625436017,47.3744470064871,0.44342827138949,0.353066120339713,0.79621923796914
Zürich,881f8ed829fffff,8.57423910491424,47.3895370089091,0.510996638667367,0.413950146021195,0.81008389233389
Zürich,881f8ed82bfffff,8.58601626687238,47.3881293211216,0.425308224750202,0.381188533325107,0.896264194159406
Zürich,881f8ed82dfffff,8.56575216878953,47.3833995442287,0.635049159094355,0.491626629268701,0.774155232281247
Zürich,881f8ed831fffff,8.60957161782337,47.3853099780041,0.38878993787981,0.464622957098798,1.19504882156295
Zürich,881f8ed833fffff,8.62134980485535,47.383898322409,0.390780680038704,0.512740978507648,1.31209398186436
Zürich,881f8ed835fffff,8.60108061801676,47.3791743117111,0.439284769459627,0.461989927673463,1.05168665019223
Zürich,881f8ed837fffff,8.61285745177298,47.3777632561224,0.425266527557896,0.50619712027644,1.19030557891139
Zürich,881f8ed839fffff,8.60628519220829,47.3928558040746,0.411277835485678,0.461469087615916,1.12203733777914
Zürich,881f8ed83bfffff,8.61806439223924,47.3914448711467,0.416050866444018,0.527548938659652,1.26799144337472
Zürich,881f8ed83dfffff,8.59779377150218,47.3867203108642,0.398531664334136,0.412405937467671,1.03481347751054
Zürich,881f8ed841fffff,8.57285891194616,47.4183014648059,0.489085055109113,0.325320985977239,0.665162393695839
Zürich,881f8ed843fffff,8.58464046644498,47.4168953468004,0.454928168124652,0.297974803103167,0.654993082383769
Zürich,881f8ed845fffff,8.56436894074735,47.4121652917572,0.48082509710734,0.348995551748691,0.725826405169488
Zürich,881f8ed847fffff,8.576149138948,47.4107597734594,0.444418056463118,0.31738884984793,0.714167314383793
Zürich,881f8ed849fffff,8.56956809253372,47.4258422594728,0.546432504621731,0.349914457210673,0.640361717597495
Zürich,881f8ed84bfffff,8.58135065973982,47.4244368647248,0.512572034559343,0.300276194016765,0.585822428402501
Zürich,881f8ed84dfffff,8.56107770147295,47.419706259785,0.529863184737851,0.380270173017445,0.717676154846621
Zürich,881f8ed851fffff,8.60491682331918,47.4216221051996,0.437691833086082,0.264186224545955,0.603589568220242
Zürich,881f8ed853fffff,8.6167004177289,47.4202127401563,0.484651254251423,0.320715270679056,0.661744435541433
Zürich,881f8ed855fffff,8.59642236398811,47.4154879056353,0.42754099396754,0.295244707137148,0.690564674038166
Zürich,881f8ed857fffff,8.60820460359408,47.4140791411775,0.413701899234578,0.316506846890848,0.765060173705855
Zürich,881f8ed859fffff,8.60162845078379,47.4291641725977,0.653660836382843,0.315839749783526,0.483185976891755
Zürich,881f8ed85bfffff,8.61341305901252,47.4277555304723,0.380152681772914,0.19201670924715,0.505104181697847
Zürich,881f8ed85dfffff,8.59313357032885,47.4230301466781,0.662377021989709,0.380707340244274,0.574759279995358
Zürich,881f8ed861fffff,8.55917181237711,47.3984863083674,0.461211888408581,0.35650311959063,0.772970360371129
Zürich,881f8ed863fffff,8.57094964232983,47.3970806661413,0.426295455917373,0.334129610151,0.783798197970384
Zürich,881f8ed865fffff,8.55068581293376,47.3923484176064,0.510507176651421,0.402571998118103,0.788572651923721
Zürich,881f8ed867fffff,8.56246228660804,47.3909433743596,0.453944330496301,0.353536294392654,0.778809802528275
Zürich,881f8ed869fffff,8.55588074595865,47.4060283460739,0.484871868610155,0.372207578273487,0.767641107619605
Zürich,881f8ed86bfffff,8.56765958765359,47.4046234271501,0.444573448120419,0.334001689866845,0.75128573530189
Zürich,881f8ed86dfffff,8.54739432739501,47.3998906282508,0.504068839610809,0.400847706768439,0.795224134620051
Zürich,881f8ed881fffff,8.6736845399981,47.3919196232256,0.605382535200232,0.436297584814615,0.720697343325751
Zürich,881f8ed883fffff,8.68546678083297,47.3905014721886,0.616355341223271,0.360983197111169,0.585673836126302
Zürich,881f8ed885fffff,8.66518458322753,47.3857879080485,0.55238661051176,0.461703282328667,0.835833587459552
Zürich,881f8ed887fffff,8.67696547378388,47.3843703587697,0.444034511211569,0.29169948681707,0.656929764358076
Zürich,881f8ed889fffff,8.67040301485091,47.3994679919831,0.485135380219722,0.373101813127495,0.769067415694386
Zürich,881f8ed88bfffff,8.68218627090118,47.3980505629302,0.624009989440452,0.393354545554551,0.630365782937659
Zürich,881f8ed88dfffff,8.66190263466018,47.3933364504585,0.608617446393248,0.551525014736542,0.906193238470169
Zürich,881f8ed893fffff,8.71753804422891,47.3937903307992,0.422827278397636,0.198568638085929,0.469621162661107
Zürich,881f8ed895fffff,8.69724935618255,47.389081997217,0.417597483427794,0.212837828325306,0.509672200556034
Zürich,881f8ed897fffff,8.70903226506455,47.3876611981804,0.43577161993262,0.211587956308913,0.485547811355015
Zürich,881f8ed899fffff,8.70247471687376,47.4027613711155,0.610144455550865,0.305361526680196,0.500474148215446
Zürich,881f8ed89bfffff,8.71425999085175,47.4013406910872,0.403399832019744,0.186521143101904,0.46237288242791
Zürich,881f8ed8a1fffff,8.65996818072414,47.3721058064953,0.330703150286475,0.277642388753875,0.839551690128637
Zürich,881f8ed8a3fffff,8.67174670653981,47.3706881366128,0.324080333474794,0.214901992158144,0.663113339380893
Zürich,881f8ed8a5fffff,8.65147219435103,47.3659723686295,0.328855102773798,0.298228511229567,0.906869039628988
Zürich,881f8ed8a7fffff,8.66324936989931,47.3645552997779,0.292208761448021,0.214172521833481,0.732943532466869
Zürich,881f8ed8a9fffff,8.65668640040823,47.3796554178937,0.308925879287333,0.295554712645075,0.956717233683675
Zürich,881f8ed8abfffff,8.66846594047463,47.3782384700403,0.390341244335829,0.291453600984662,0.74666360579081
Zürich,881f8ed8adfffff,8.64818999135871,47.3735221532562,0.30347323706513,0.317758744642258,1.047073368694
Zürich,881f8ed8b1fffff,8.69202602704256,47.3754006040251,0.413015024718187,0.214676625147666,0.519779214555565
Zürich,881f8ed8b3fffff,8.70380657158077,47.3739796856023,0.461403222459343,0.235842477485324,0.511141808304352
Zürich,881f8ed8b5fffff,8.68352556782455,47.3692691434782,0.399904612703074,0.221102598562141,0.552888342716636
Zürich,881f8ed8b7fffff,8.69530476359707,47.3678488269609,0.394941039564535,0.203570997934122,0.515446554145351
Zürich,881f8ed8b9fffff,8.68874669950062,47.3829514858273,0.394515900745609,0.215147777521408,0.545346276575399
Zürich,881f8ed8bbfffff,8.7005282593958,47.3815312890908,0.42127962852681,0.210445059587321,0.499537706874731
Zürich,881f8ed8bdfffff,8.68024581634662,47.3768201987943,0.338224354565088,0.201840638751905,0.596765537512653
Zürich,881f8ed8c1fffff,8.65533696301152,47.4084308477697,0.638004919746844,0.567052381902327,0.888789983198451
Zürich,881f8ed8c5fffff,8.64683751123357,47.4022988783872,0.617352133820703,0.656167685686086,1.06287424913422
Zürich,881f8ed8c7fffff,8.6586200946343,47.4008840970917,0.634181831432314,0.589679139776748,0.92982660579371
Zürich,881f8ed8c9fffff,8.65205323965347,47.4159767023139,0.507264867379269,0.399010570382511,0.786592165240927
Zürich,881f8ed8cbfffff,8.66383818991888,47.414562041689,0.393764769461385,0.294026090010748,0.746704918301691
Zürich,881f8ed8cdfffff,8.64355336497208,47.4098449067223,0.713415156772963,0.674835335771576,0.945922341801795
Zürich,881f8ed8d1fffff,8.68740909898951,47.4117287476343,0.577624403415064,0.344991585410036,0.597259366762133
Zürich,881f8ed8d3fffff,8.69919505582879,47.4103101139427,0.461599104606131,0.243691900364677,0.527929751017633
Zürich,881f8ed8d5fffff,8.67890516956695,47.4055987578733,0.616843367672122,0.410427363427658,0.665367230868595
Zürich,881f8ed8d7fffff,8.69068977611784,47.4041807266675,0.793634555745257,0.4506420294529,0.567820574583888
Zürich,881f8ed8d9fffff,8.68412783027928,47.4192758725243,0.459628127771854,0.281253444052551,0.611915213753317
Zürich,881f8ed8dbfffff,8.69591480329949,47.4178579607714,0.392253550006572,0.219137932114993,0.558663986881245
Zürich,881f8ed8ddfffff,8.67562347669185,47.4131460568395,0.592882881268246,0.40072115629979,0.675885860361832
Zürich,881f8ed8e1fffff,8.64162381152295,47.3886190361383,0.432411336648511,0.538953868520499,1.24639162492308
Zürich,881f8ed8e3fffff,8.65340402881334,47.3872041337943,0.438836620712748,0.463196521810011,1.05551018294166
Zürich,881f8ed8e5fffff,8.63312833161745,47.3824853439467,0.328007062087036,0.430491706751761,1.31244645774587
Zürich,881f8ed8e7fffff,8.64490719712875,47.3810710424854,0.395009103094768,0.463805328236315,1.17416364484401
Zürich,881f8ed8e9fffff,8.6383398344031,47.3961661340363,0.351647064453557,0.43190984245619,1.22824811043811
Zürich,881f8ed8ebfffff,8.65012106580122,47.3947519540183,0.590268464001066,0.649127424192103,1.0997155765227
Zürich,881f8ed8edfffff,8.62984393233784,47.3900326152119,0.353974318471186,0.469437999185686,1.32619225375781
Zürich,881f8ed901fffff,8.53182217293621,47.3588419739067,0.613039373209952,0.503710488671226,0.82166090904363
Zürich,881f8ed903fffff,8.54359255681148,47.3574372787364,0.621841579101643,0.451845591717481,0.726624926513035
Zürich,881f8ed905fffff,8.52334411020878,47.3527006559023,0.567129585742411,0.495711855974698,0.874071585113618
Zürich,881f8ed907fffff,8.53511313784857,47.3512965582549,0.559888645728005,0.433440071808322,0.77415406637642
Zürich,881f8ed909fffff,8.52853061628278,47.3663864940163,0.653534831257119,0.554259026754517,0.848094088096823
Zürich,881f8ed90bfffff,8.54030200997267,47.3649825222368,0.61955379039519,0.48239553500976,0.778617680156647
Zürich,881f8ed90dfffff,8.52005213591563,47.3602453481024,0.620948728024063,0.551364984099348,0.887939630464919
Zürich,881f8ed911fffff,8.56384583501903,47.3621706148024,0.460340226725093,0.301525047043078,0.655004775898378
Zürich,881f8ed913fffff,8.57561826441815,47.3607626788806,0.537865385293406,0.348377083189996,0.647703110695544
Zürich,881f8ed915fffff,8.55536328656319,47.3560312624576,0.558698272761847,0.358316467924821,0.641341642517586
Zürich,881f8ed917fffff,8.56713436121306,47.354623924937,0.520800658478843,0.307594634439352,0.590618751016514
Zürich,881f8ed919fffff,8.56055671723209,47.3697164091806,0.468638692054359,0.333480480163144,0.711593997288773
Zürich,881f8ed91bfffff,8.57233015755656,47.3683091963107,0.493920209954826,0.349181143349555,0.706958606495351
Zürich,881f8ed91dfffff,8.5520737498776,47.3635772292101,0.567333109926393,0.399338755074167,0.703887624549145
Zürich,881f8ed921fffff,8.51815962149117,47.3390128092499,0.432576758675538,0.388596652856315,0.898329938127326
Zürich,881f8ed923fffff,8.52992628383802,47.3376085853569,0.439885913605879,0.344150943132172,0.782364091432395
Zürich,881f8ed925fffff,8.50968552372541,47.3328697817172,0.389579063946004,0.36883153421047,0.946743725072429
Zürich,881f8ed927fffff,8.52145082986,47.3314661546192,0.372747543867617,0.318781937039227,0.855222099471282
Zürich,881f8ed929fffff,8.51486782160472,47.3465585687191,0.496481192370823,0.458564930347271,0.923630013369706
Zürich,881f8ed92bfffff,8.52663549280365,47.3451550682609,0.503411091046147,0.420917911583112,0.836131581265712
Zürich,881f8ed92dfffff,8.50639330693804,47.3404157128523,0.530308070793026,0.508750250052753,0.959348495850655
Zürich,881f8ed931fffff,8.55017187568927,47.3423441055212,0.502783686303244,0.300120075547671,0.596916892340574
Zürich,881f8ed933fffff,8.56194058542067,47.3409366429725,0.518935833215932,0.267015654419033,0.514544645653571
Zürich,881f8ed935fffff,8.54169329300141,47.3362030410396,0.449769168484687,0.292220174113482,0.649711439977084
Zürich,881f8ed937fffff,8.55346064800399,47.3347961761643,0.409187773215251,0.220216225905626,0.538178900545453
Zürich,881f8ed939fffff,8.54688251200438,47.3498911397716,0.475104513360308,0.314914288309505,0.662831607475558
Zürich,881f8ed93bfffff,8.55865223169825,47.3484844003188,0.537268635488155,0.30903585028364,0.575198010587114
Zürich,881f8ed93dfffff,8.5384035111577,47.3437502472395,0.503044147866854,0.358815035726685,0.713287367019836
Zürich,881f8ed941fffff,8.51346641168308,47.3753320454636,0.66107043967268,0.557589315213256,0.843464299340534
Zürich,881f8ed943fffff,8.52523846775036,47.373930118405,0.673367118822301,0.573606339970499,0.851847861198983
Zürich,881f8ed945fffff,8.5049888714616,47.369190474369,0.578666943347385,0.488760303509692,0.844631457056084
Zürich,881f8ed947fffff,8.51675956978634,47.3677891446823,0.69759598661174,0.611057434567327,0.875947462850617
Zürich,881f8ed949fffff,8.51017266146791,47.382874050268,0.640911663037494,0.513017594203237,0.80044977145817
Zürich,881f8ed94bfffff,8.5219457272011,47.3814728468944,0.668645048224032,0.560253226041307,0.837893329995308
Zürich,881f8ed94dfffff,8.50169470412667,47.3767326514045,0.614198491820351,0.481229878859192,0.783508727663807
Zürich,881f8ed951fffff,8.5454929013032,47.3786664758409,0.52880840627899,0.416544041698416,0.78770313927017
Zürich,881f8ed953fffff,8.55726700771423,47.377261307893,0.570276980001205,0.429453076826025,0.753060516005955
Zürich,881f8ed955fffff,8.5370108713501,47.3725268700942,0.564730854704961,0.458727818455807,0.812294590660298
Zürich,881f8ed957fffff,8.54878362150362,47.3711223003974,0.514816837152792,0.388293964566822,0.754237112201481
Zürich,881f8ed959fffff,8.54220158913842,47.3862097553623,0.535971282706985,0.431736763328048,0.805522193553937
Zürich,881f8ed95bfffff,8.55397670632745,47.3848053107611,0.634694638476631,0.493374320660648,0.777341245303135
Zürich,881f8ed95dfffff,8.5337191408058,47.3800703221301,0.573375406144247,0.474183797873915,0.827004075850827
Zürich,881f8ed961fffff,8.49980709838825,47.3555048892254,0.458653060971437,0.415365178845274,0.905619550353642
Zürich,881f8ed963fffff,8.5115754300628,47.3541034328478,0.569484671738543,0.525613037857638,0.922962572904777
Zürich,881f8ed965fffff,8.49133352458144,47.3493616084819,0.474835223157,0.432241088214881,0.910297019123968
Zürich,881f8ed967fffff,8.50310049853822,47.347960748748,0.417401342181124,0.394975726288539,0.94627325399722
Zürich,881f8ed969fffff,8.49651310635032,47.3630481341059,0.590825373347444,0.498112552929189,0.843079148931992
Zürich,881f8ed96bfffff,8.5082824467277,47.3616474014573,0.538076675706407,0.481408777931559,0.89468434456771
Zürich,881f8ed96dfffff,8.48803911616251,47.3569050251695,0.511392136957325,0.430878311022419,0.842559515259765
Zürich,881f8ed985fffff,8.60573454628913,47.3428442301528,0.470401026864753,0.285199357615269,0.606289827886086
Zürich,881f8ed987fffff,8.61750597899786,47.34143088386,0.354809042614817,0.233844953670174,0.659072699914354
Zürich,881f8ed98bfffff,8.62271140501039,47.355117717397,0.322121565382893,0.28411766747755,0.882020013592793
Zürich,881f8ed98dfffff,8.60244964476512,47.3503939835947,0.461583860014805,0.311363420329878,0.674554392607859
Zürich,881f8ed991fffff,8.64626001539224,47.3522873041271,0.260445922234298,0.206676875828303,0.793550054672677
Zürich,881f8ed995fffff,8.63776799716266,47.3461521463016,0.264111967876891,0.199996219508572,0.757240276221771
Zürich,881f8ed997fffff,8.64954145869073,47.3447355563775,0.233976772136096,0.163724681601375,0.699747586508898
Zürich,881f8ed99dfffff,8.63448554101055,47.3537031719159,0.286314760357315,0.248949785481643,0.869496861324785
Zürich,881f8ed9a1fffff,8.60053350685383,47.3291555084232,0.688879738216197,0.328038931007421,0.476191870379079
Zürich,881f8ed9a3fffff,8.61230257638644,47.3277420387654,0.587029600529743,0.307345464479263,0.523560420465869
Zürich,881f8ed9a5fffff,8.59204992902554,47.3230166641752,0.752425597770585,0.321768821388216,0.427642045062805
Zürich,881f8ed9a7fffff,8.60381764682407,47.3216037932177,0.690615997131729,0.320349264037821,0.463860184774604
Zürich,881f8ed9a9fffff,8.59724877603378,47.3367063290148,0.676163929977256,0.342166892410497,0.506041327022585
Zürich,881f8ed9abfffff,8.60901885678361,47.3352935818166,0.420934266532016,0.233748065227683,0.55530776136018
Zürich,881f8ed9adfffff,8.58876477827115,47.3305676568598,0.648540029251489,0.286951524845367,0.442457692513678
Zürich,881f8ed9b1fffff,8.63256003823015,47.3324641228098,0.275487762522468,0.172597443496754,0.626515827477738
Zürich,881f8ed9b3fffff,8.64433113696918,47.3310474107382,0.222527869410492,0.138882493468168,0.624112808144382
Zürich,881f8ed9b5fffff,8.62407198589067,47.3263272477546,0.374877965507811,0.212396843373799,0.56657596048913
Zürich,881f8ed9b7fffff,8.63584173438794,47.3249111352593,0.331893728501336,0.196402057900904,0.591761883503361
Zürich,881f8ed9bdfffff,8.62078927784198,47.3338795131255,0.389624375161556,0.234516163531679,0.601903213664284
Zürich,881f8ed9c9fffff,8.59259139263612,47.3730378727628,0.462089856191133,0.411109551040831,0.889674476798696
Zürich,881f8ed9cbfffff,8.6043668729078,47.3716274168473,0.432291865568203,0.437214886968704,1.01138818884327
Zürich,881f8ed9cdfffff,8.58410394149783,47.3669006616543,0.365673671614213,0.27382046412132,0.748810990172137
Zürich,881f8ed9d1fffff,8.62791885551852,47.3688025379133,0.282666509031325,0.324536942309584,1.14812661543013
Zürich,881f8ed9d3fffff,8.63969535589726,47.3673881146309,0.273707241018623,0.292391721882901,1.06826447409554
Zürich,881f8ed9d7fffff,8.63120249384187,47.3612533025128,0.308665898118425,0.310533179095598,1.00604952146821
Zürich,881f8ed9d9fffff,8.62463462590239,47.3763508779383,0.301614293360368,0.381007941124119,1.26322906278481
Zürich,881f8ed9dbfffff,8.63641213942451,47.3749371770268,0.300894915294976,0.364931026067443,1.21281885308594
Zürich,881f8ed9e1fffff,8.58219270378749,47.3456669579723,0.562988347698172,0.294218458812471,0.522601329166776
Zürich,881f8ed9e3fffff,8.59396345422605,47.3442562548129,0.526645673269693,0.291406894697756,0.553326286511667
Zürich,881f8ed9e5fffff,8.57370963937396,47.3395278594604,0.52267390925173,0.248066020746041,0.474609534463232
Zürich,881f8ed9e7fffff,8.58547903657109,47.338117754852,0.632333223120129,0.300032472569006,0.474484752024497
Zürich,881f8ed9e9fffff,8.57890577978248,47.3532152660415,0.548035191054535,0.319423549288128,0.582852259311104
Zürich,881f8ed9ebfffff,8.5906775412928,47.3518052856382,0.45142903468538,0.277655803095249,0.615059692136904
Zürich,881f8ed9edfffff,8.57042229595205,47.3470763397634,0.52007003629308,0.274491884346093,0.527797921800297
Zürich,881f8eda01fffff,8.56818550700644,47.4545939668519,0.594488188698666,0.362587132414996,0.609914779314117
Zürich,881f8eda03fffff,8.57997247074041,47.4531901420555,0.643876923176744,0.289516074499512,0.449645054944825
Zürich,881f8eda05fffff,8.5596920784497,47.4484592616205,0.603683239425663,0.443894710520735,0.735310642288248
Zürich,881f8eda07fffff,8.57147768435345,47.4470560371105,0.69403051206452,0.389557777796856,0.561297768650035
Zürich,881f8eda09fffff,8.56489273665291,47.4621309991042,0.581208731574624,0.395180782883425,0.679929191381541
Zürich,881f8eda0bfffff,8.57668071391335,47.4607278978143,0.816631191376512,0.399120833332494,0.488740618221717
Zürich,881f8eda0dfffff,8.55639888801156,47.4559964677941,0.595998108997965,0.48564837346148,0.814848849567638
Zürich,881f8eda11fffff,8.60025769973835,47.4579177227212,0.449141219093239,0.122916594776806,0.273670261270964
Zürich,881f8eda13fffff,8.61204670633673,47.456510648651,0.371521590113989,0.0861293318018244,0.231828604564807
Zürich,881f8eda15fffff,8.59175977823089,47.4517849932715,0.561828462075733,0.193686464105687,0.34474306159231
Zürich,881f8eda17fffff,8.6035474284951,47.4503785203662,0.40709752068251,0.116473891854247,0.286108084517378
Zürich,881f8eda19fffff,8.59696737812524,47.4654560276425,0.500021555387051,0.141159081436669,0.28230599244347
Zürich,881f8eda1dfffff,8.58846903526947,47.4593234723978,0.574439572991852,0.203768451247577,0.354725650578512
Zürich,881f8eda21fffff,8.55449344526651,47.4347855053913,0.583582903839333,0.452609337597073,0.775569905525679
Zürich,881f8eda23fffff,8.5662766805724,47.4333821572825,0.651648052363296,0.419441513004267,0.643662651155177
Zürich,881f8eda25fffff,8.54600399219624,47.4286490796068,0.547977085279339,0.462608613822366,0.844211603458829
Zürich,881f8eda27fffff,8.55778586969209,47.4272463310555,0.561742594287956,0.411933694253359,0.733313974126372
Zürich,881f8eda29fffff,8.55120042805793,47.4423237826149,0.803480599211717,0.677378684598236,0.843055433152714
Zürich,881f8eda2bfffff,8.56298467592383,47.4409211580575,0.541258555916782,0.365889412908055,0.675997467214745
Zürich,881f8eda2dfffff,8.54271055564569,47.4361875303299,0.549717268875221,0.501856209765896,0.912935136261495
Zürich,881f8eda31fffff,8.58655420580171,47.4381119384807,0.602805087316752,0.271026782049831,0.449609314440666
Zürich,881f8eda33fffff,8.59833948584958,47.4367053431941,0.674995580215891,0.272569470526941,0.403809267076626
Zürich,881f8eda35fffff,8.57806026058175,47.4319774858697,0.922046795956197,0.504603383724917,0.547264396924263
Zürich,881f8eda37fffff,8.58984418431285,47.4305714910192,0.71220032697963,0.352405355398154,0.494812122444073
Zürich,881f8eda39fffff,8.58326363465703,47.4456514888853,0.638398222594034,0.278115025861248,0.435645050406266
Zürich,881f8eda3bfffff,8.59504992837809,47.4442456168112,0.480734845738155,0.172911451732834,0.359681544339339
Zürich,881f8eda3dfffff,8.57476926883242,47.4395172100574,0.522647501700209,0.28198795241855,0.539537549689272
Zürich,881f8eda41fffff,8.54981072768966,47.4710681872657,0.722669472957134,0.703830623474059,0.973931582572614
Zürich,881f8eda43fffff,8.56159937315443,47.4696671336907,0.735508322261695,0.559742679860814,0.761028343145868
Zürich,881f8eda45fffff,8.54131781835037,47.4649332298405,0.534302282796696,0.578810500842652,1.0833015681928
Zürich,881f8eda47fffff,8.55310510447105,47.4635327764015,0.57561368186076,0.518663563103988,0.901061909139004
Zürich,881f8eda49fffff,8.54651575752887,47.4786027002101,0.684837165151079,0.693169936359919,1.01216752190574
Zürich,881f8eda4bfffff,8.55830541637245,47.4772023704344,0.699939721001462,0.586325459246144,0.837679933933795
Zürich,881f8eda51fffff,8.58188577034999,47.47439773794,0.541032322645734,0.237884769120746,0.439686797190697
Zürich,881f8eda53fffff,8.59367646351722,47.4729934349532,0.391968842300427,0.121593506697248,0.310212173966755
Zürich,881f8eda55fffff,8.57338836403735,47.4682647559844,0.639652882790411,0.351177418376912,0.549012484466483
Zürich,881f8eda57fffff,8.58517769935536,47.4668610540129,0.558577107378828,0.216209638169061,0.387072143331552
Zürich,881f8eda5bfffff,8.59038495577569,47.4805299444764,0.476138240001831,0.170064372551639,0.357174362955988
Zürich,881f8eda61fffff,8.53612190377025,47.4512617400303,0.629313533775994,0.679652286585779,1.07998994159198
Zürich,881f8eda63fffff,8.54790681792796,47.449861162549,0.573044504645651,0.531986893902013,0.928351793951804
Zürich,881f8eda67fffff,8.53941652621648,47.4437250838635,0.645034626723461,0.642749055399182,0.996456668790187
Zürich,881f8eda69fffff,8.53282668816868,47.4587974986533,0.609020254772504,0.695280903498605,1.1416383905956
Zürich,881f8eda6bfffff,8.54461261473823,47.4573976450165,0.557127402129637,0.566051579523804,1.01601819863833
Zürich,881f8eda6dfffff,8.52433733695845,47.452660994199,0.491673888493755,0.557384894971499,1.13364754162368
Zürich,881f8eda81fffff,8.65070143762787,47.4447393848735,0.312448868191048,0.108119659660685,0.34603953052112
Zürich,881f8eda83fffff,8.66249078701316,47.4433262893703,0.317217486369863,0.133731400396495,0.421576382584941
Zürich,881f8eda85fffff,8.64219851778345,47.4386088873634,0.368094249593315,0.141333338854941,0.383959648951569
Zürich,881f8eda87fffff,8.65398651385022,47.4371963940508,0.578611233650683,0.25713767762014,0.444404917612399
Zürich,881f8eda89fffff,8.64741576907488,47.452281478751,0.269488391883363,0.0729006810654335,0.270515106628361
Zürich,881f8eda8bfffff,8.65920613435625,47.4508691057796,0.275219038417423,0.0936951678781361,0.340438540941449
Zürich,881f8eda8dfffff,8.63891242609988,47.4461511555926,0.321458110480942,0.0940426668265263,0.292550300522288
Zürich,881f8eda91fffff,8.6827878755681,47.4480403845383,0.325368742421015,0.176065720579648,0.541126720623413
Zürich,881f8eda93fffff,8.69457924952997,47.4466240360055,0.438908689292259,0.272067376394658,0.619872385833527
Zürich,881f8eda95fffff,8.67428047327195,47.4419118689512,0.265794188819083,0.134581603553066,0.506337644743131
Zürich,881f8eda97fffff,8.68607049542025,47.4404961234849,0.313681742482607,0.180944535717498,0.576841145695723
Zürich,881f8eda99fffff,8.67950466353868,47.4555837487031,0.407948689330666,0.199900657804816,0.49001421755466
Zürich,881f8eda9bfffff,8.69129705450642,47.4541681223605,0.512432014871674,0.312437965956112,0.609715936726464
Zürich,881f8eda9dfffff,8.67099683684873,47.4494554077526,0.295284374619976,0.128984735654722,0.436815310057371
Zürich,881f8edaa1fffff,8.63698329681401,47.4249342745788,0.405413420234306,0.244937997507083,0.604168449494157
Zürich,881f8edaa3fffff,8.64876892442175,47.4235216605463,0.404269457436654,0.262006378334461,0.648098374771523
Zürich,881f8edaa5fffff,8.62848435257604,47.4188020514158,0.422868696650045,0.308451105072706,0.72942525071316
Zürich,881f8edaa7fffff,8.64026862687835,47.4173900388456,0.438800729298491,0.341849057499129,0.779053075061296
Zürich,881f8edaa9fffff,8.63369737464061,47.4324776137441,0.427102804445872,0.193675085250121,0.453462452679039
Zürich,881f8edaabfffff,8.64548401717791,47.4310657222888,0.417075696285552,0.210958575276182,0.505804047454611
Zürich,881f8edaadfffff,8.62519800801673,47.4263455645101,0.470251997136633,0.258796287400989,0.550335328668036
Zürich,881f8edab1fffff,8.66905831576518,47.4282379661279,0.36057732056644,0.213788410306591,0.592905870981417
Zürich,881f8edab3fffff,8.68084596984864,47.4268221011592,0.370050995153988,0.222852755311646,0.602221743030069
Zürich,881f8edab5fffff,8.66055488985721,47.4221077222807,0.402786127797762,0.268208934570164,0.665884239947884
Zürich,881f8edab7fffff,8.67234119213741,47.4206924596504,0.397860600732025,0.259305829462678,0.651750459798183
Zürich,881f8edab9fffff,8.66577484743661,47.4357825760938,0.480258583399973,0.245214091051476,0.510587628263698
Zürich,881f8edabbfffff,8.67756351755904,47.4343674333608,0.394328307569572,0.222878931501413,0.565211594559667
Zürich,881f8edabdfffff,8.6572709978805,47.4296525064606,0.362109902268541,0.201758853030984,0.557175740754417
Zürich,881f8edac1fffff,8.63233846531107,47.461233000804,0.268311315225969,0.0518695316887371,0.193318465324704
Zürich,881f8edac3fffff,8.64412950805261,47.4598226755058,0.251571934264504,0.0548932174965534,0.218200880225527
Zürich,881f8edac5fffff,8.62383605408134,47.4551022500544,0.315327837899577,0.0689413811386526,0.218633982961595
Zürich,881f8edac7fffff,8.6356257419886,47.4536925267986,0.281838273169491,0.0650461416740613,0.23079243618181
Zürich,881f8edacbfffff,8.64084265442246,47.4673629749607,0.227071453550746,0.0421531515714796,0.185638268978003
Zürich,881f8edad1fffff,8.66442778703939,47.4645397942777,0.360744053258864,0.111716270623112,0.309682916776861
Zürich,881f8edad3fffff,8.67622085919331,47.4631262158018,0.29922849482669,0.129511793899469,0.432819053461069
Zürich,881f8edad5fffff,8.65592088932728,47.4584110251443,0.359188858387939,0.0988832856656758,0.275296082705543
Zürich,881f8edad7fffff,8.66771260815077,47.4569980495873,0.394758201974171,0.145452925777733,0.368460807274754
Zürich,881f8edad9fffff,8.66114237337585,47.4720806416467,0.199445701818247,0.0527404028665281,0.264434893235203
Zürich,881f8edadbfffff,8.67293646239329,47.470667785657,0.287160194131446,0.108620832856818,0.378258669121449
Zürich,881f8edaddfffff,8.65263505178753,47.4659520472868,0.196039613547018,0.044733599171766,0.228186530071062
Zürich,881f8edae1fffff,8.61862354214222,47.4414299005831,0.423201660887931,0.135176353670927,0.3194135707958
Zürich,881f8edae3fffff,8.63041086021971,47.4400200561635,0.387060534578184,0.131800709012925,0.340517043817346
Zürich,881f8edae5fffff,8.61012510799371,47.4352974240643,0.607967306061418,0.239670305844664,0.394215780117052
Zürich,881f8edae7fffff,8.6219110712516,47.4338881809585,0.449104423270418,0.185561086343928,0.413180268839606
Zürich,881f8edae9fffff,8.6153354205501,47.4489707232065,0.396283509701401,0.103745750632036,0.261796789652459
Zürich,881f8edaebfffff,8.62712375341281,47.4475616016594,0.496920486776807,0.131456479992632,0.264542282901844
Zürich,881f8edaedfffff,8.60683656453407,47.4428384207548,0.478328680801778,0.154966770243535,0.323975493135345
Zürich,881f8edb01fffff,8.50876884207564,47.4116347982951,0.443521849023004,0.345623590134015,0.779270718895494
Zürich,881f8edb03fffff,8.52054629665164,47.4102351684925,0.550167237406783,0.45809730959042,0.83265101671569
Zürich,881f8edb05fffff,8.50028785677164,47.4054946870377,0.442524342372219,0.310293890034049,0.701190556819251
Zürich,881f8edb07fffff,8.51206395207228,47.4040956551843,0.482449690125675,0.376503335259878,0.780399164857586
Zürich,881f8edb09fffff,8.50547313937206,47.4191730446165,0.423641875299421,0.334852070915237,0.790413059800972
Zürich,881f8edb0bfffff,8.51725160442858,47.4177741387481,0.465215336090344,0.397529257267438,0.8545059167831
Zürich,881f8edb0dfffff,8.49699173672928,47.4130331061535,0.410147222299932,0.284535345773856,0.693739541080643
Zürich,881f8edb11fffff,8.54080957933008,47.4149723602248,0.510218737623307,0.424356163026309,0.831714187924652
Zürich,881f8edb13fffff,8.55258908721449,47.4135694873011,0.507043537002042,0.392052633247113,0.773212958329324
Zürich,881f8edb15fffff,8.53232409947746,47.4088342166111,0.50822064409023,0.426097480022888,0.83841041283486
Zürich,881f8edb17fffff,8.5441022495732,47.4074319425163,0.509792923573468,0.411362536816258,0.806920845296854
Zürich,881f8edb19fffff,8.53751631652753,47.4225118811988,0.517992552797949,0.45289778785042,0.874332623903724
Zürich,881f8edb1bfffff,8.54929683600642,47.4211097318713,0.524498782768722,0.418233017718502,0.797395592627947
Zürich,881f8edb1dfffff,8.52903041807464,47.4163739106624,0.500008442513955,0.433861793727279,0.867708936164954
Zürich,881f8edb21fffff,8.49510459269864,47.3918143171335,0.478087582253804,0.320705963526969,0.670810067927501
Zürich,881f8edb23fffff,8.50687831900293,47.3904151589171,0.52619917333197,0.398598330936469,0.757504669595899
Zürich,881f8edb25fffff,8.4866275775308,47.3856724933812,0.461851078241043,0.292247701598209,0.632774752223666
Zürich,881f8edb27fffff,8.49839994458498,47.3842739323853,0.513322814768742,0.370954233245945,0.722652924384559
Zürich,881f8edb29fffff,8.49180864832973,47.399353805471,0.441445702001069,0.279442737830914,0.633017235334271
Zürich,881f8edb2bfffff,8.50358338415017,47.3979553712329,0.483552605812184,0.349540449841188,0.722859200094876
Zürich,881f8edb2dfffff,8.48333121656285,47.3932121540902,0.435353787420417,0.254095240218903,0.583652302015064
Zürich,881f8edb31fffff,8.52713390340017,47.3951545380236,0.545649561400815,0.449531448259868,0.82384643928937
Zürich,881f8edb33fffff,8.53890968487124,47.3937521387831,0.534642128439725,0.435264054544989,0.81412225373119
Zürich,881f8edb35fffff,8.51865239449698,47.3890146793061,0.561552079184785,0.457839794092826,0.815311368372957
Zürich,881f8edb37fffff,8.53042681820182,47.3876128781659,0.56649174727648,0.469045706662001,0.827983300581218
Zürich,881f8edb39fffff,8.52384039626279,47.4026953015252,0.823415561839221,0.677916319387442,0.823297920035923
Zürich,881f8edb3bfffff,8.53561718836363,47.4012936259254,0.524809096728184,0.431575159601967,0.822346949190733
Zürich,881f8edb3dfffff,8.51535846950006,47.3965556154621,0.524420476237283,0.416230397975242,0.793695930718983
Zürich,881f8edb41fffff,8.49039771810081,47.4281072536081,0.395844886527769,0.282086855117217,0.712619676842606
Zürich,881f8edb43fffff,8.50217684382336,47.4267103939713,0.405198313262572,0.328365812591421,0.810382970125143
Zürich,881f8edb45fffff,8.48191725894738,47.4219668902419,0.398500644958979,0.242971923648864,0.609715258237223
Zürich,881f8edb47fffff,8.49369502388505,47.4205706284028,0.400384600835643,0.279813753059555,0.698862424967282
Zürich,881f8edb49fffff,8.48709981923846,47.4356429815923,0.483981741437399,0.353086467504812,0.729545016421828
Zürich,881f8edb4bfffff,8.49887995529141,47.434246846182,0.416715643728151,0.347077540988884,0.83288819657393
Zürich,881f8edb4dfffff,8.47861894326792,47.42950279116,0.411327463961595,0.256761981578067,0.624227663052523
Zürich,881f8edb51fffff,8.52244127716641,47.4314506081512,0.460117929411212,0.444420218882766,0.965883288772221
Zürich,881f8edb53fffff,8.53422246102736,47.4300505052605,0.50879185616797,0.475653911458394,0.934869349208617
Zürich,881f8edb55fffff,8.5139563194555,47.4253122121141,0.435901479364198,0.38670116324792,0.887129733562637
Zürich,881f8edb59fffff,8.51914581738459,47.4389876112338,0.446490960498878,0.456034098496899,1.02137364211665
Zürich,881f8edb5bfffff,8.53092801269132,47.4375882322326,0.497008009837888,0.500672677212826,1.00737345737372
Zürich,881f8edb5dfffff,8.51066044159423,47.4328493884133,0.420061438318061,0.388259252141753,0.924291583860579
Zürich,881f8edb61fffff,8.47673671675724,47.4082887858665,0.423402092489396,0.226338048404668,0.534569980686471
Zürich,881f8edb63fffff,8.48851211134023,47.40689239722,0.421444277910416,0.25750509375052,0.611006264048165
Zürich,881f8edb65fffff,8.46826022919273,47.4021467098891,0.457445219184564,0.226064657469354,0.494189572846194
Zürich,881f8edb67fffff,8.48003426301763,47.4007509183112,0.470473313055605,0.259225080173704,0.550987851978475
Zürich,881f8edb69fffff,8.47343857764361,47.4158257565784,0.631585171989276,0.336512664975715,0.532806468390979
Zürich,881f8edb6bfffff,8.48521498159213,47.4144300922028,0.448540024074046,0.270945939031482,0.604061899695162
Zürich,881f8edb6dfffff,8.46496167400169,47.4096838531127,0.401865066382833,0.195166572484881,0.485651998173331
