participant_id;day;steps
219935XE1;2024-08-28;4179
219935XE1;2024-08-28;3992
219935XE1;2024-08-29;5254
219935XE1;2024-08-29;3017
219935XE1;2024-08-30;5837
219935XE1;2024-08-31;9985
219935XE1;2024-08-30;0
219935XE1;2024-08-31;0
219935XE1;2024-09-01;4286
219935XE1;2024-09-01;0
4L5S1E;2024-08-28;3992
4L5S1E;2024-08-29;3017
4L5S1E;2024-08-30;0
4L5S1E;2024-08-31;0
4L5S1E;2024-09-01;0
4L5S1E;2024-08-28;3992
4L5S1E;2024-08-31;0
4L5S1E;2024-08-29;3017
4L5S1E;2024-08-30;0
4L5S1E;2024-09-01;0
4L5S1E;2024-09-02;5016
119817XU1;2024-08-29;2901
119817XU1;2024-08-30;1359
119817XU1;2024-08-31;2461
119817XU1;2024-09-02;1756
119817XU1;2024-09-01;29426
4L5S1E;2024-09-03;3446
1199121CX;2024-09-01;0
1199121CX;2024-08-31;0
1199121CX;2024-08-30;1595
1199121CX;2024-09-02;16281
1199121CX;2024-09-03;8607
119963XR1;2024-08-30;8216
119963XR1;2024-09-01;9177
119963XR1;2024-09-02;7748
119963XR1;2024-09-03;6791
119963XR1;2024-08-31;11517
4L5S1E;2024-09-04;14632
1199121CX;2024-09-04;4504
119817XU1;2024-09-05;1704
4L5S1E;2024-09-05;14016
8G2B1C;2024-09-05;0
4L5S1E;2024-09-05;36959
119963XR1;2024-09-04;0
119963XR1;2024-09-05;0
4L5S1E;2024-09-06;38371
8G2B1C;2024-09-06;178
119963XR1;2024-09-06;14204
119963XR1;2024-09-07;10470
4L5S1E;2024-09-07;38277
4L5S1E;2024-09-08;22372
8G2B1C;2024-09-07;15037
8G2B1C;2024-09-08;2529
4L5S1E;2024-09-09;41807
8G2B1C;2024-09-09;3791
8G2B1C;2024-09-05;2905
8G2B1C;2024-09-06;165
8G2B1C;2024-09-07;15037
8G2B1C;2024-09-09;3791
8G2B1C;2024-09-08;2529
8G2B2C;2024-09-06;0
8G2B2C;2024-09-05;2905
8G2B2C;2024-09-07;0
8G2B2C;2024-09-08;0
8G2B2C;2024-09-09;0
4L5S1E;2024-09-10;32395
119963XR1;2024-09-10;0
119963XR1;2024-09-10;0
119963XR1;2024-09-09;0
119817XU1;2024-09-10;6209
4L5S1E;2024-09-11;42273
8G2B2C;2024-09-12;8424
4L5S1E;2024-09-12;33244
8G2B2C;2024-09-13;1556
4L5S1E;2024-09-13;20533
4L5S1E;2024-09-14;10426
8G2B2C;2024-09-14;6448
220092XJ1;2024-09-14;18046
220092XJ1;2024-09-15;4761
4L5S1E;2024-09-15;14546
4L5S1E;2024-09-16;11796
8G2B2C;2024-09-15;13572
8G2B2C;2024-09-16;4986
119817XU1;2024-09-17;7410
4L5S1E;2024-09-17;6339
4L5S1E;2024-09-18;5938
4L5S1E;2024-09-19;4330
220092XJ1;2024-09-19;26953
4L5S1E;2024-09-20;11715
4L5S1E;2024-09-21;3914
8G2B2C;2024-09-21;6022
8G2B2C;2024-09-20;6422
4L5S1E;2024-09-22;5868
8G2B2C;2024-09-22;84
8G2B2C;2024-09-22;84
8G2B2C;2024-09-21;6024
8G2B2C;2024-09-19;1203
8G2B2C;2024-09-20;6420
8G2B2C;2024-09-18;18390
4L5S1E;2024-09-23;5640
8G2B2C;2024-09-23;9256
8G2B2C;2024-09-24;12128
4L5S1E;2024-09-24;12930
4L5S1E;2024-09-20;0
4L5S1E;2024-09-21;0
4L5S1E;2024-09-22;0
4L5S1E;2024-09-23;0
4L5S1E;2024-09-24;0
4L5S1E;2024-09-25;15219
4L5S1E;2024-09-21;0
4L5S1E;2024-09-22;0
4L5S1E;2024-09-23;0
4L5S1E;2024-09-24;0
4L5S1E;2024-09-25;0
219935XE1;2024-09-22;0
219935XE1;2024-09-23;0
219935XE1;2024-09-25;0
219935XE1;2024-09-21;0
219935XE1;2024-09-24;0
219935XE1;2024-09-25;0
219935XE1;2024-09-21;0
219935XE1;2024-09-23;0
219935XE1;2024-09-22;0
219935XE1;2024-09-24;0
219935XE1;2024-09-24;0
219935XE1;2024-09-21;0
219935XE1;2024-09-23;0
219935XE1;2024-09-22;0
219935XE1;2024-09-25;0
8G2B2C;2024-09-26;3144
8G2B2C;2024-09-25;15508
4L5S1E;2024-09-26;5294
8G2B2C;2024-09-25;15508
8G2B2C;2024-09-24;12140
8G2B2C;2024-09-22;224
8G2B2C;2024-09-23;9244
8G2B2C;2024-09-26;3144
4L5S1E;2024-09-27;10442
8G2B2C;2024-09-27;6527
4L5S1E;2024-09-28;5720
8G2B2C;2024-09-28;9236
8G2B2C;2024-09-29;19609
4L5S1E;2024-09-29;5317
119963XR1;2024-09-28;0
119963XR1;2024-09-25;0
119963XR1;2024-09-26;0
119963XR1;2024-09-27;0
119963XR1;2024-09-29;0
4L5S1E;2024-09-30;19180
4L5S1E;2024-10-01;6406
4L5S1E;2024-10-02;26689
8G2B2C;2024-09-30;3966
8G2B2C;2024-10-02;0
8G2B2C;2024-10-01;2314
1L3E1K;2024-10-03;2916
4L5S1E;2024-10-03;46018
8G2B2C;2024-10-03;10547
4L5S1E;2024-10-04;23695
1L3E1K;2024-10-04;6860
4L5S1E;2024-10-05;13053
8G2B2C;2024-10-04;8692
8G2B2C;2024-10-05;9976
1L3E1K;2024-10-06;3336
1L3E1K;2024-10-05;6219
4L5S1E;2024-10-06;640
8G2B2C;2024-10-06;32407
1L3E1K;2024-10-07;7859
8G2B2C;2024-10-07;22440
4L5S1E;2024-10-07;0
119963XR1;2024-10-08;0
8G2B2C;2024-10-08;7194
9B11R1G;2024-10-08;6863
6M9B3S;2024-10-08;2924
8G2B2C;2024-10-07;22447
8G2B2C;2024-10-04;8716
8G2B2C;2024-10-05;9955
8G2B2C;2024-10-06;32421
8G2B2C;2024-10-08;7194
11H6C1Y;2024-10-09;81
10F11M1A;2024-10-09;2032
4L5S1E;2024-10-09;3772
8N7L1U;2024-10-09;0
119963XR1;2024-10-09;7803
8G2B2C;2024-10-09;4308
6M9B3S;2024-10-09;5975
1L3E1K;2024-10-09;5688
9B11R1G;2024-10-09;7436
9B11R1G;2024-10-09;7436
6F10L1F;2024-10-09;3833
8G2B2C;2024-10-10;0
11H6C1Y;2024-10-10;1686
8N7L1U;2024-10-10;903
4L5S1E;2024-10-10;4335
6F10L1F;2024-10-10;3610
1L3E1K;2024-10-10;3325
10F11M1A;2024-10-10;5021
9B11R1G;2024-10-10;6434
119963XR1;2024-10-10;9081
6M9B3S;2024-10-10;1899
10F11M1A;2024-10-11;6342
8N7L1U;2024-10-11;3507
11H6C1Y;2024-10-11;1391
4L5S1E;2024-10-11;7098
6M9B3S;2024-10-11;7069
1L3E1K;2024-10-11;457
8G2B2C;2024-10-11;8702
11H6C1Y;2024-10-12;1553
4L5S1E;2024-10-12;4500
1L3E1K;2024-10-12;0
10F11M1A;2024-10-12;10254
6M9B3S;2024-10-12;19606
6F10L1F;2024-10-11;3731
6F10L1F;2024-10-12;3078
8N7L1U;2024-10-12;0
11H6C1Y;2024-10-13;3245
4L5S1E;2024-10-13;4703
8G2B2C;2024-10-12;5317
8G2B2C;2024-10-13;12109
6M9B3S;2024-10-13;7483
6F10L1F;2024-10-13;403
9B11R1G;2024-10-12;7838
9B11R1G;2024-10-11;8504
9B11R1G;2024-10-13;1671
119963XR1;2024-10-13;98
119963XR1;2024-10-12;15934
119963XR1;2024-10-11;15682
1L3E1K;2024-10-13;2772
10F11M1A;2024-10-13;10343
4L5S1E;2024-10-09;0
4L5S1E;2024-10-11;0
4L5S1E;2024-10-12;0
4L5S1E;2024-10-10;0
4L5S1E;2024-10-13;0
11H6C1Y;2024-10-14;2634
4L5S1E;2024-10-14;10363
8N7L1U;2024-10-14;3949
5U3B1R;2024-10-14;5746
6M9B3S;2024-10-14;2732
6F10L1F;2024-10-14;2999
8G2B2C;2024-10-14;7088
9B11R1G;2024-10-14;6471
10F11M1A;2024-10-14;7155
8N7L1U;2024-10-15;3209
11H6C1Y;2024-10-15;0
4L5S1E;2024-10-15;1364
10F11M1A;2024-10-15;4340
5U3B1R;2024-10-15;6959
12F10D1A;2024-10-15;3027
4L5S1E;2024-10-15;0
4L5S1E;2024-10-14;0
6F10L1F;2024-10-15;4405
9B11R1G;2024-10-15;5912
6M9B3S;2024-10-15;5013
6F10L1F;2024-10-16;3385
4L5S1E;2024-10-16;9370
11H6C1Y;2024-10-16;2887
10F11M1A;2024-10-16;8225
8N7L1U;2024-10-16;12444
9B11R1G;2024-10-16;7239
5U3B1R;2024-10-16;3949
6M9B3S;2024-10-16;9384
4L5S1E;2024-10-16;8049
8G2B2C;2024-10-16;6914
12F10D1A;2024-10-16;6574
11H6C1Y;2024-10-17;1311
4L5S1E;2024-10-17;10122
8N7L1U;2024-10-17;8798
10F11M1A;2024-10-17;9637
9B11R1G;2024-10-17;6832
8G2B2C;2024-10-17;7383
6M9B3S;2024-10-17;2770
6F10L1F;2024-10-17;4370
5U3B1R;2024-10-17;7224
12F10D1A;2024-10-17;5874
10F11M1A;2024-10-18;13036
11H6C1Y;2024-10-18;1386
4L5S1E;2024-10-18;3640
8N7L1U;2024-10-18;10790
5U3B1R;2024-10-18;1798
1L3E1K;2024-10-16;5994
1L3E1K;2024-10-14;8034
1L3E1K;2024-10-15;5406
1L3E1K;2024-10-17;3773
1L3E1K;2024-10-18;2160
6F10L1F;2024-10-18;4313
3G8GXJ;2024-10-18;10038
6M9B3S;2024-10-18;0
9B11R1G;2024-10-18;8481
4L5S1E;2024-10-19;7783
8N7L1U;2024-10-19;12110
10F11M1A;2024-10-19;10140
6M9B3S;2024-10-19;7804
4L5S1E;2024-10-19;4119
8G2B2C;2024-10-18;10653
8G2B2C;2024-10-19;17260
5U3B1R;2024-10-19;11431
1L3E1K;2024-10-19;4760
0W1M6R;2024-10-19;0
4L5S1E;2024-10-20;26550
8N7L1U;2024-10-20;8611
10F11M1A;2024-10-20;12081
9B11R1G;2024-10-19;17447
9B11R1G;2024-10-20;3939
0W1M6R;2024-10-20;6244
8G2B2C;2024-10-20;6947
5U3B1R;2024-10-20;6384
6M9B3S;2024-10-20;20058
12F10D1A;2024-10-20;10324
12F10D1A;2024-10-18;8757
12F10D1A;2024-10-19;22736
6F10L1F;2024-10-20;396
6F10L1F;2024-10-19;3350
3G8GXJ;2024-10-20;6654
3G8GXJ;2024-10-19;6889
6M9B3S;2024-10-21;7421
4L5S1E;2024-10-21;10182
11H6C1Y;2024-10-21;899
10F11M1A;2024-10-21;9208
8N7L1U;2024-10-21;4395
6F10L1F;2024-10-21;4175
8G2B2C;2024-10-21;7831
1L3E1K;2024-10-21;588
1L3E1K;2024-10-20;5974
7O12A1M;2024-10-21;0
4L5S1E;2024-10-21;6507
4L5S1E;2024-10-21;4585
5U3B1R;2024-10-21;7538
12F10D1A;2024-10-21;8593
9B11R1G;2024-10-21;13458
8N7L1U;2024-10-22;11130
11H6C1Y;2024-10-22;0
10F11M1A;2024-10-22;12483
4L5S1E;2024-10-22;2229
6F10L1F;2024-10-22;4682
5U3B1R;2024-10-22;2168
9B11R1G;2024-10-22;5979
6M9B3S;2024-10-22;2536
3G8GXJ;2024-10-22;11047
3G8GXJ;2024-10-21;10544
8G2B2C;2024-10-22;0
7O12A1M;2024-10-22;492
4L5S1E;2024-10-22;15
4L5S1E;2024-10-22;1067
12F10D1A;2024-10-22;0
1L3E1K;2024-10-22;0
0W1M6R;2024-10-21;0
0W1M6R;2024-10-22;0
11H6C1Y;2024-10-23;0
1L3E1K;2024-10-23;2025
4L5S1E;2024-10-23;7237
10F11M1A;2024-10-23;2953
8N7L1U;2024-10-23;5856
7O12A1M;2024-10-23;529
8G2B2C;2024-10-23;7075
9B11R1G;2024-10-23;0
6F10L1F;2024-10-23;0
6M9B3S;2024-10-23;0
0W1M6R;2024-10-23;0
12F10D1A;2024-10-23;0
10F11M1A;2024-10-24;5182
4L5S1E;2024-10-24;11509
6F10L1F;2024-10-24;0
11H6C1Y;2024-10-24;0
12F10D1A;2024-10-24;10019
8N7L1U;2024-10-24;4934
7O12A1M;2024-10-24;450
8G2B2C;2024-10-24;7610
0W1M6R;2024-10-24;0
9B11R1G;2024-10-24;8943
4L5S1E;2024-10-24;4158
4L5S1E;2024-10-24;4175
6M9B3S;2024-10-24;6233
5U3B1R;2024-10-24;10055
1L3E1K;2024-10-24;838
6M9B3S;2024-10-25;8383
0W1M6R;2024-10-25;0
10F11M1A;2024-10-25;9948
8N7L1U;2024-10-25;4035
7O12A1M;2024-10-25;853
4L5S1E;2024-10-25;516
11H6C1Y;2024-10-25;0
8G2B2C;2024-10-25;7883
9B11R1G;2024-10-25;0
6F10L1F;2024-10-25;0
12F10D1A;2024-10-25;0
1L3E1K;2024-10-25;0
8G2B2C;2024-10-26;0
6M9B3S;2024-10-26;0
4L5S1E;2024-10-26;11981
0W1M6R;2024-10-26;0
10F11M1A;2024-10-26;9093
8N7L1U;2024-10-26;10853
9B11R1G;2024-10-26;6379
1L3E1K;2024-10-26;2135
6F10L1F;2024-10-26;2791
5U3B1R;2024-10-25;0
5U3B1R;2024-10-26;2320
12F10D1A;2024-10-26;0
11H6C1Y;2024-10-27;0
7O12A1M;2024-10-27;0
8N7L1U;2024-10-27;6865
10F11M1A;2024-10-27;7933
4L5S1E;2024-10-27;4394
12F10D1A;2024-10-27;9140
3G8GXJ;2024-10-27;0
5U3B1R;2024-10-27;8551
6F10L1F;2024-10-27;0
1L3E1K;2024-10-27;1407
0W1M6R;2024-10-27;0
6M9B3S;2024-10-27;2856
9B11R1G;2024-10-27;0
8G2B2C;2024-10-27;5286
4L5S1E;2024-10-28;4450
11H6C1Y;2024-10-28;1165
1L3E1K;2024-10-28;10103
10F11M1A;2024-10-28;7167
8N7L1U;2024-10-28;11104
7O12A1M;2024-10-28;1555
1A10MXP;2024-10-28;2330
6M9B3S;2024-10-28;1529
3G8GXJ;2024-10-28;0
6F10L1F;2024-10-28;0
9B11R1G;2024-10-28;0
5U3B1R;2024-10-28;7130
8G2B2C;2024-10-28;8933
4L5S1E;2024-10-28;3959
4L5S1E;2024-10-28;3961
0W1M6R;2024-10-28;0
12F10D1A;2024-10-28;0
8N7L1U;2024-10-29;12321
1L3E1K;2024-10-29;6411
11H6C1Y;2024-10-29;0
10F11M1A;2024-10-29;5157
7O12A1M;2024-10-29;1586
4L5S1E;2024-10-29;3900
1A10MXP;2024-10-29;6245
3G8GXJ;2024-10-29;0
6M9B3S;2024-10-29;0
8G2B2C;2024-10-29;6876
9B11R1G;2024-10-29;0
6F10L1F;2024-10-29;0
0W1M6R;2024-10-29;0
5U3B1R;2024-10-29;0
12F10D1A;2024-10-29;12186
10F11M1A;2024-10-30;5537
7O12A1M;2024-10-30;886
11H6C1Y;2024-10-30;143
4L5S1E;2024-10-30;10437
8N7L1U;2024-10-30;10866
1A10MXP;2024-10-30;4251
9B11R1G;2024-10-30;0
5U3B1R;2024-10-30;1927
6F10L1F;2024-10-30;0
6M9B3S;2024-10-30;5947
119817XU1;2024-10-30;0
8G2B2C;2024-10-30;0
0W1M6R;2024-10-30;0
1L3E1K;2024-10-30;0
12F10D1A;2024-10-30;4478
4L5S1E;2024-10-31;0
11H6C1Y;2024-10-31;741
10F11M1A;2024-10-31;7901
7O12A1M;2024-10-31;452
4L5S1E;2024-10-31;5779
8N7L1U;2024-10-31;3894
0W1M6R;2024-10-31;0
1A10MXP;2024-10-31;3413
6R9HXD;2024-10-31;5673
6M9B3S;2024-10-31;0
8G2B2C;2024-10-31;10196
9B11R1G;2024-10-31;0
1L3E1K;2024-10-31;11767
5U3B1R;2024-10-31;0
4L5S1E;2024-11-01;0
5U3B1R;2024-11-01;0
4L5S1E;2024-11-01;12544
1A10MXP;2024-11-01;3143
6M9B3S;2024-11-01;21468
8N7L1U;2024-11-01;7739
1L3E1K;2024-11-01;6317
10F11M1A;2024-11-01;13900
7O12A1M;2024-11-01;411
11H6C1Y;2024-11-01;68
9B11R1G;2024-11-01;0
0W1M6R;2024-11-01;0
8G2B2C;2024-11-01;0
6F10L1F;2024-10-31;0
6F10L1F;2024-11-01;0
119817XU1;2024-11-01;0
10F11M1A;2024-11-02;6725
4L5S1E;2024-11-02;0
0W1M6R;2024-11-02;3916
8G2B2C;2024-11-02;0
6F10L1F;2024-11-02;0
8N7L1U;2024-11-02;7572
7O12A1M;2024-11-02;2879
4L5S1E;2024-11-02;6048
11H6C1Y;2024-11-02;0
5U3B1R;2024-11-02;0
6R9HXD;2024-11-02;3145
3G8GXJ;2024-11-02;0
1A10MXP;2024-11-02;9445
6M9B3S;2024-11-02;0
9B11R1G;2024-11-02;0
119817XU1;2024-11-02;0
12F10D1A;2024-11-02;2920
12F10D1A;2024-10-31;12328
12F10D1A;2024-11-01;2500
4L5S1E;2024-11-03;0
10F11M1A;2024-11-03;5969
8N7L1U;2024-11-03;6742
11H6C1Y;2024-11-03;507
4L5S1E;2024-11-03;9827
7O12A1M;2024-11-03;250
6F10L1F;2024-11-03;0
1A10MXP;2024-11-03;2557
9B11R1G;2024-11-03;0
119817XU1;2024-11-03;0
6R9HXD;2024-11-03;14737
8G2B2C;2024-11-03;0
3G8GXJ;2024-11-03;0
5U3B1R;2024-11-03;21908
0W1M6R;2024-11-03;0
6M9B3S;2024-11-03;1138
7O12A1M;2024-11-04;540
10F11M1A;2024-11-04;7680
11H6C1Y;2024-11-04;0
4L5S1E;2024-11-04;6794
8N7L1U;2024-11-04;10443
6F10L1F;2024-11-04;0
1A10MXP;2024-11-04;3854
5U3B1R;2024-11-04;0
119817XU1;2024-11-04;0
6R9HXD;2024-11-04;6519
1L3E1K;2024-11-02;0
1L3E1K;2024-11-04;0
1L3E1K;2024-11-03;0
3G8GXJ;2024-11-04;0
8G2B2C;2024-11-04;0
9B11R1G;2024-11-04;6791
6M9B3S;2024-11-04;1543
4L5S1E;2024-11-05;2302
11H6C1Y;2024-11-05;804
8N7L1U;2024-11-05;8182
1L3E1K;2024-11-05;0
10F11M1A;2024-11-05;8696
7O12A1M;2024-11-05;394
1A10MXP;2024-11-05;4130
5U3B1R;2024-11-05;0
6F10L1F;2024-11-05;5613
9B11R1G;2024-11-05;4783
8G2B2C;2024-11-05;0
0W1M6R;2024-11-05;0
119817XU1;2024-11-05;0
4L5S1E;2024-11-05;0
4L5S1E;2024-11-04;7543
4L5S1E;2024-11-04;2892
4L5S1E;2024-11-05;0
6M9B3S;2024-11-05;0
4L5S1E;2024-11-06;8171
11H6C1Y;2024-11-06;387
7O12A1M;2024-11-06;3246
8N7L1U;2024-11-06;12228
10F11M1A;2024-11-06;6804
1A10MXP;2024-11-06;27
3G8GXJ;2024-11-06;0
6F10L1F;2024-11-06;0
6R9HXD;2024-11-05;4386
6R9HXD;2024-11-06;1591
9B11R1G;2024-11-06;0
1L3E1K;2024-11-06;8215
119817XU1;2024-11-06;2503
6M9B3S;2024-11-06;0
8G2B2C;2024-11-06;0
0W1M6R;2024-11-06;3273
12F10D1A;2024-11-05;4728
12F10D1A;2024-11-03;5891
12F10D1A;2024-11-06;3288
12F10D1A;2024-11-04;8455
5U3B1R;2024-11-06;0
11H6C1Y;2024-11-07;84
8N7L1U;2024-11-07;4838
10F11M1A;2024-11-07;5867
7O12A1M;2024-11-07;608
4L5S1E;2024-11-07;6381
6F10L1F;2024-11-07;6042
5U3B1R;2024-11-07;0
1L3E1K;2024-11-07;0
119817XU1;2024-11-07;0
8G2B2C;2024-11-07;6603
3G8GXJ;2024-11-07;7928
4L5S1E;2024-11-07;5999
4L5S1E;2024-11-07;6032
6M9B3S;2024-11-07;0
6R9HXD;2024-11-07;5873
10W12MXM;2024-11-07;7623
9B11R1G;2024-11-07;0
0W1M6R;2024-11-07;0
1A10MXP;2024-11-07;8383
12F10D1A;2024-11-07;0
10W12MXM;2024-11-08;0
8G2B2C;2024-11-08;0
8N7L1U;2024-11-08;952
10F11M1A;2024-11-08;18194
11H6C1Y;2024-11-08;0
4L5S1E;2024-11-08;17355
7O12A1M;2024-11-08;344
1A10MXP;2024-11-08;552
9B11R1G;2024-11-08;0
119817XU1;2024-11-08;3002
6F10L1F;2024-11-08;0
6M9B3S;2024-11-08;0
0W1M6R;2024-11-08;0
5U3B1R;2024-11-08;7361
1L3E1K;2024-11-08;2791
10F11M1A;2024-11-09;14048
8N7L1U;2024-11-09;21931
4L5S1E;2024-11-09;11554
7O12A1M;2024-11-09;2246
4L5S1E;2024-11-09;0
4L5S1E;2024-11-08;3594
1A10MXP;2024-11-09;8428
1L3E1K;2024-11-09;1177
9B11R1G;2024-11-09;0
10W12MXM;2024-11-09;0
6M9B3S;2024-11-09;0
8G2B2C;2024-11-09;16268
5U3B1R;2024-11-09;6340
6F10L1F;2024-11-09;0
3G8GXJ;2024-11-09;7374
119817XU1;2024-11-09;0
0W1M6R;2024-11-09;0
6R9HXD;2024-11-10;0
4L5S1E;2024-11-10;16949
8N7L1U;2024-11-10;2694
11H6C1Y;2024-11-10;0
10F11M1A;2024-11-10;6604
7O12A1M;2024-11-10;136
6F10L1F;2024-11-10;641
4L5S1E;2024-11-10;0
4L5S1E;2024-11-08;0
4L5S1E;2024-11-09;0
5U3B1R;2024-11-10;9476
9B11R1G;2024-11-10;16290
1L3E1K;2024-11-10;0
119817XU1;2024-11-10;0
6M9B3S;2024-11-10;0
3G8GXJ;2024-11-10;0
10W12MXM;2024-11-10;1652
0W1M6R;2024-11-10;9422
12F10D1A;2024-11-09;6759
12F10D1A;2024-11-08;5009
12F10D1A;2024-11-10;2742
1A10MXP;2024-11-10;8440
10F11M1A;2024-11-11;7025
4L5S1E;2024-11-11;2082
8N7L1U;2024-11-11;9811
11H6C1Y;2024-11-11;0
10W12MXM;2024-11-11;3132
7O12A1M;2024-11-11;2269
9B11R1G;2024-11-11;0
6F10L1F;2024-11-11;3508
3G8GXJ;2024-11-11;0
5U3B1R;2024-11-11;0
1L3E1K;2024-11-11;8556
6M9B3S;2024-11-11;0
6R9HXD;2024-11-11;0
119817XU1;2024-11-11;2605
4L5S1E;2024-11-11;3121
4L5S1E;2024-11-11;3154
8G2B2C;2024-11-11;20979
1A10MXP;2024-11-11;21799
2Q2WXY;2024-11-11;3742
10F11M1A;2024-11-12;5018
7O12A1M;2024-11-12;1197
8N7L1U;2024-11-12;12579
8A1A2H;2024-11-12;1927
10W12MXM;2024-11-12;0
4L5S1E;2024-11-12;223
6F10L1F;2024-11-12;3613
11H6C1Y;2024-11-12;638
9B11R1G;2024-11-12;0
3G8GXJ;2024-11-12;7608
5U3B1R;2024-11-12;5948
6R9HXD;2024-11-12;0
0W1M6R;2024-11-12;2099
119817XU1;2024-11-12;0
6M9B3S;2024-11-12;4757
1L3E1K;2024-11-12;6148
1A10MXP;2024-11-12;7731
8G2B2C;2024-11-12;6162
2Q2WXY;2024-11-12;0
8A1A2H;2024-11-13;3070
10W12MXM;2024-11-13;0
10F11M1A;2024-11-13;6222
4L5S1E;2024-11-13;10287
8N7L1U;2024-11-13;11452
7O12A1M;2024-11-13;1770
6F10L1F;2024-11-13;0
9B11R1G;2024-11-13;0
6M9B3S;2024-11-13;0
3G8GXJ;2024-11-13;0
119817XU1;2024-11-13;2819
6R9HXD;2024-11-13;0
11H6C1Y;2024-11-13;122
0W1M6R;2024-11-13;0
1A10MXP;2024-11-13;18011
8G2B2C;2024-11-13;13800
2Q2WXY;2024-11-13;0
8N7L1U;2024-11-14;6582
4L5S1E;2024-11-14;7885
7O12A1M;2024-11-14;1682
10F11M1A;2024-11-14;4514
1A10MXP;2024-11-14;18930
8G2B2C;2024-11-14;0
3G8GXJ;2024-11-14;4935
8A1A2H;2024-11-14;3103
6F10L1F;2024-11-14;0
119817XU1;2024-11-14;0
1L3E1K;2024-11-14;0
1L3E1K;2024-11-13;0
11H6C1Y;2024-11-14;0
6R9HXD;2024-11-14;6203
10W12MXM;2024-11-14;0
0W1M6R;2024-11-14;7390
9B11R1G;2024-11-14;0
6M9B3S;2024-11-14;0
4L5S1E;2024-11-14;6871
5U3B1R;2024-11-14;5202
10W12MXM;2024-11-15;0
3G8GXJ;2024-11-15;0
7O12A1M;2024-11-15;1706
4L5S1E;2024-11-15;3825
10F11M1A;2024-11-15;14471
8N7L1U;2024-11-15;7643
9B11R1G;2024-11-15;11692
11H6C1Y;2024-11-15;0
0W1M6R;2024-11-15;0
6F10L1F;2024-11-15;0
119817XU1;2024-11-15;0
6R9HXD;2024-11-15;8126
6M9B3S;2024-11-15;0
2Q2YXZ;2024-11-14;0
4L5S1E;2024-11-15;0
1A10MXP;2024-11-15;10256
5U3B1R;2024-11-15;6310
8G2B2C;2024-11-15;0
1L3E1K;2024-11-15;0
10W12MXM;2024-11-16;0
4L5S1E;2024-11-16;20617
10F11M1A;2024-11-16;6688
7O12A1M;2024-11-16;15
8N7L1U;2024-11-16;4849
3G8GXJ;2024-11-16;0
0W1M6R;2024-11-16;0
5U3B1R;2024-11-16;2891
9B11R1G;2024-11-16;0
119817XU1;2024-11-16;1461
1A10MXP;2024-11-16;15307
1L3E1K;2024-11-16;910
2Q2YXZ;2024-11-16;0
6R9HXD;2024-11-16;0
8G2B2C;2024-11-16;21643
6M9B3S;2024-11-16;14337
4L5S1E;2024-11-16;3301
10W12MXM;2024-11-17;0
8N7L1U;2024-11-17;937
11H6C1Y;2024-11-17;0
6F10L1F;2024-11-16;2468
6F10L1F;2024-11-17;308
4L5S1E;2024-11-17;3039
10F11M1A;2024-11-17;4164
7O12A1M;2024-11-17;168
1A10MXP;2024-11-17;7792
3G8GXJ;2024-11-17;0
9B11R1G;2024-11-17;8166
4L5S1E;2024-11-17;0
1L3E1K;2024-11-17;614
5U3B1R;2024-11-17;2689
119817XU1;2024-11-17;253
0W1M6R;2024-11-17;2257
6R9HXD;2024-11-17;0
8G2B2C;2024-11-17;21523
6M9B3S;2024-11-17;62
3G8GXJ;2024-11-18;0
7O12A1M;2024-11-18;708
11H6C1Y;2024-11-18;0
4L5S1E;2024-11-18;6953
10W12MXM;2024-11-18;0
8N7L1U;2024-11-18;8843
10F11M1A;2024-11-18;6941
6F10L1F;2024-11-18;5224
1A10MXP;2024-11-18;15435
1L3E1K;2024-11-18;0
5U3B1R;2024-11-18;6089
6R9HXD;2024-11-18;6216
9B11R1G;2024-11-18;0
119817XU1;2024-11-18;1278
4L5S1E;2024-11-18;0
8G2B2C;2024-11-18;0
6M9B3S;2024-11-18;145
0W1M6R;2024-11-18;0
2Q2YXZ;2024-11-17;0
8N7L1U;2024-11-19;7906
10W12MXM;2024-11-19;0
10F11M1A;2024-11-19;4848
4L5S1E;2024-11-19;13783
7O12A1M;2024-11-19;958
5U3B1R;2024-11-19;5632
6F10L1F;2024-11-19;0
6R9HXD;2024-11-19;5363
3G8GXJ;2024-11-19;0
1A10MXP;2024-11-19;9310
9B11R1G;2024-11-19;0
119817XU1;2024-11-19;0
8G2B2C;2024-11-19;11325
0W1M6R;2024-11-19;0
4L5S1E;2024-11-10;0
4L5S1E;2024-11-11;0
4L5S1E;2024-11-12;0
4L5S1E;2024-11-13;2844
4L5S1E;2024-11-14;7118
4L5S1E;2024-11-15;3534
4L5S1E;2024-11-16;3440
4L5S1E;2024-11-17;0
4L5S1E;2024-11-18;6012
4L5S1E;2024-11-19;11432
4L5S1E;2024-11-10;0
4L5S1E;2024-11-11;0
4L5S1E;2024-11-12;0
4L5S1E;2024-11-13;2844
4L5S1E;2024-11-14;7118
4L5S1E;2024-11-15;3534
4L5S1E;2024-11-16;3440
4L5S1E;2024-11-17;0
4L5S1E;2024-11-18;6012
4L5S1E;2024-11-19;11432
4L5S1E;2024-11-18;2220
4L5S1E;2024-11-19;0
1L3E1K;2024-11-19;1960
11H6C1Y;2024-11-20;246
0W1M6R;2024-11-20;0
4L5S1E;2024-11-20;8590
8N7L1U;2024-11-20;9582
10F11M1A;2024-11-20;5644
3G8GXJ;2024-11-20;6950
4L5S1E;2024-11-20;3453
1A10MXP;2024-11-20;7097
8G2B2C;2024-11-20;8059
8G2B2C;2024-11-20;8059
7O12A1M;2024-11-20;1273
6F10L1F;2024-11-20;5363
9B11R1G;2024-11-20;7666
5U3B1R;2024-11-20;1772
5U3B1R;2024-11-20;1772
5U3B1R;2024-11-20;1772
1L3E1K;2024-11-20;2166
1L3E1K;2024-11-20;2166
10W12MXM;2024-11-20;9337
10W12MXM;2024-11-20;9337
6M9B3S;2024-11-19;31
6M9B3S;2024-11-20;90
6R9HXD;2024-11-20;6863
4L5S1E;2024-11-20;6419
4L5S1E;2024-11-20;6419
119817XU1;2024-11-20;1869
119817XU1;2024-11-20;1869
10F11M1A;2024-11-21;8054
8N7L1U;2024-11-21;3499
11H6C1Y;2024-11-21;0
4L5S1E;2024-11-21;13965
7O12A1M;2024-11-21;496
9B11R1G;2024-11-21;11598
8G2B2C;2024-11-21;9055
6F10L1F;2024-11-21;7094
1L3E1K;2024-11-21;5002
3G8GXJ;2024-11-21;13743
1A10MXP;2024-11-21;13074
6M9B3S;2024-11-21;0
119817XU1;2024-11-21;1587
119817XU1;2024-11-21;1587
7O12A1M;2024-11-22;610
9B11R1G;2024-11-22;8291
10F11M1A;2024-11-22;7769
8N7L1U;2024-11-22;6733
4L5S1E;2024-11-22;2639
3G8GXJ;2024-11-22;14874
10W12MXM;2024-11-21;6382
10W12MXM;2024-11-22;8843
8G2B2C;2024-11-22;10196
8G2B2C;2024-11-22;10196
6F10L1F;2024-11-22;6847
119817XU1;2024-11-22;2816
1A10MXP;2024-11-22;14129
1L3E1K;2024-11-22;5910
5U3B1R;2024-11-21;5139
5U3B1R;2024-11-22;4161
6R9HXD;2024-11-21;4414
6R9HXD;2024-11-22;2372
6M9B3S;2024-11-22;4086
6M9B3S;2024-11-22;4086
9B11R1G;2024-11-23;13371
6R9HXD;2024-11-23;7480
8G2B2C;2024-11-23;2872
8N7L1U;2024-11-23;4499
4L5S1E;2024-11-23;4239
0W1M6R;2024-11-23;12345
11H6C1Y;2024-11-23;3316
7O12A1M;2024-11-23;2147
10F11M1A;2024-11-23;14508
10W12MXM;2024-11-23;5960
119817XU1;2024-11-23;1480
6M9B3S;2024-11-23;2570
6M9B3S;2024-11-23;2570
1L3E1K;2024-11-23;2407
6F10L1F;2024-11-23;28
4L5S1E;2024-11-21;5164
4L5S1E;2024-11-22;2793
4L5S1E;2024-11-23;0
5U3B1R;2024-11-23;8760
10F11M1A;2024-11-24;8478
6F10L1F;2024-11-24;117
8N7L1U;2024-11-24;6466
4L5S1E;2024-11-24;12858
7O12A1M;2024-11-24;2182
11H6C1Y;2024-11-24;0
9B11R1G;2024-11-24;18315
5U3B1R;2024-11-24;4645
1A10MXP;2024-11-23;0
1L3E1K;2024-11-24;673
4L5S1E;2024-11-24;1964
6M9B3S;2024-11-24;5499
8G2B2C;2024-11-24;8877
8G2B2C;2024-11-24;8877
10W12MXM;2024-11-24;6823
6R9HXD;2024-11-24;5029
119817XU1;2024-11-24;2428
0W1M6R;2024-11-24;0
3G8GXJ;2024-11-23;12057
3G8GXJ;2024-11-24;69
4L5S1E;2024-11-18;6012
4L5S1E;2024-11-19;11432
4L5S1E;2024-11-20;6419
4L5S1E;2024-11-21;5164
4L5S1E;2024-11-22;2793
4L5S1E;2024-11-23;0
4L5S1E;2024-11-24;1964
4L5S1E;2024-11-18;6012
4L5S1E;2024-11-19;11432
4L5S1E;2024-11-20;6419
4L5S1E;2024-11-21;5164
4L5S1E;2024-11-22;2793
4L5S1E;2024-11-23;0
4L5S1E;2024-11-24;1964
4L5S1E;2024-11-18;6012
4L5S1E;2024-11-18;6012
4L5S1E;2024-11-19;11432
4L5S1E;2024-11-19;11432
4L5S1E;2024-11-20;6419
4L5S1E;2024-11-20;6419
4L5S1E;2024-11-21;5164
4L5S1E;2024-11-21;5164
4L5S1E;2024-11-22;2793
4L5S1E;2024-11-22;2793
4L5S1E;2024-11-23;0
4L5S1E;2024-11-23;0
4L5S1E;2024-11-24;1964
4L5S1E;2024-11-24;1964
11H6C1Y;2024-11-25;430
8G2B2C;2024-11-25;4161
10F11M1A;2024-11-25;10926
10W12MXM;2024-11-25;6353
4L5S1E;2024-11-25;8573
8N7L1U;2024-11-25;12402
6F10L1F;2024-11-25;334
5U3B1R;2024-11-25;5951
1L3E1K;2024-11-25;5140
9B11R1G;2024-11-25;9210
6R9HXD;2024-11-25;6807
4L5S1E;2024-11-25;6732
4L5S1E;2024-11-25;6732
6M9B3S;2024-11-25;7130
0W1M6R;2024-11-25;0
119817XU1;2024-11-25;3203
119817XU1;2024-11-25;3203
3G8GXJ;2024-11-25;5908
11H6C1Y;2024-11-26;0
7O12A1M;2024-11-26;2207
10W12MXM;2024-11-26;7059
10F11M1A;2024-11-26;4796
4L5S1E;2024-11-26;1500
8N7L1U;2024-11-26;7771
119817XU1;2024-11-26;3080
6F10L1F;2024-11-26;7610
9B11R1G;2024-11-26;10761
3G8GXJ;2024-11-26;4976
6R9HXD;2024-11-26;5721
8G2B2C;2024-11-26;8893
8G2B2C;2024-11-26;8893
6M9B3S;2024-11-26;5072
0W1M6R;2024-11-26;0
5U3B1R;2024-11-26;7917
4L5S1E;2024-11-26;0
4L5S1E;2024-11-26;0
4L5S1E;2024-11-21;5295
4L5S1E;2024-11-22;0
4L5S1E;2024-11-22;0
4L5S1E;2024-11-23;0
4L5S1E;2024-11-23;0
4L5S1E;2024-11-24;0
4L5S1E;2024-11-24;0
4L5S1E;2024-11-25;0
4L5S1E;2024-11-25;0
4L5S1E;2024-11-26;0
4L5S1E;2024-11-26;0
1L3E1K;2024-11-26;8592
4L5S1E;2024-11-27;0
6R9HXD;2024-11-27;10373
10W12MXM;2024-11-27;2291
9B11R1G;2024-11-27;12421
8N7L1U;2024-11-27;11837
4L5S1E;2024-11-27;7738
10F11M1A;2024-11-27;9005
10V1G4T;2024-11-27;8579
7O12A1M;2024-11-27;2843
119817XU1;2024-11-27;1360
1A10MXP;2024-11-26;314
3G8GXJ;2024-11-27;4724
5U3B1R;2024-11-27;3718
5U3B1R;2024-11-27;3718
6F10L1F;2024-11-27;5879
4L5S1E;2024-11-27;7317
1L3E1K;2024-11-27;686
8G2B2C;2024-11-27;6511
6M9B3S;2024-11-27;2255
0W1M6R;2024-11-27;2512
11H6C1Y;2024-11-28;0
7O12A1M;2024-11-28;6449
4L5S1E;2024-11-28;7668
8N7L1U;2024-11-28;6859
10F11M1A;2024-11-28;4748
6F10L1F;2024-11-28;2618
10W12MXM;2024-11-28;5392
119817XU1;2024-11-28;1285
1L3E1K;2024-11-28;10225
3G8GXJ;2024-11-28;10573
5U3B1R;2024-11-28;5005
9B11R1G;2024-11-28;6821
1A10MXP;2024-11-28;0
6R9HXD;2024-11-28;7495
6R9HXD;2024-11-28;7495
10V1G4T;2024-11-28;6656
6M9B3S;2024-11-28;5901
6M9B3S;2024-11-28;5901
8G2B2C;2024-11-28;9519
8G2B2C;2024-11-28;9519
0W1M6R;2024-11-28;0
10V1G4T;2024-11-29;8065
10V1G4T;2024-11-29;8065
0W1M6R;2024-11-29;0
3G8GXJ;2024-11-29;10396
11H6C1Y;2024-11-29;0
4L5S1E;2024-11-29;7
10W12MXM;2024-11-29;10237
10F11M1A;2024-11-29;15273
7O12A1M;2024-11-29;3680
8N7L1U;2024-11-29;3245
9B11R1G;2024-11-29;4154
1L3E1K;2024-11-29;4056
5U3B1R;2024-11-29;10574
5U3B1R;2024-11-29;10574
8G2B2C;2024-11-29;10327
6M9B3S;2024-11-29;3310
6R9HXD;2024-11-29;5177
6F10L1F;2024-11-29;7375
119817XU1;2024-11-29;4103
10V1G4T;2024-11-30;6667
10V1G4T;2024-11-30;6667
4L5S1E;2024-11-30;8800
10F11M1A;2024-11-30;8743
8N7L1U;2024-11-30;17334
7O12A1M;2024-11-30;283
5U3B1R;2024-11-30;2461
5U3B1R;2024-11-30;2461
1L3E1K;2024-11-30;4265
3G8GXJ;2024-11-30;8174
10W12MXM;2024-11-30;9739
6M9B3S;2024-11-30;5360
0W1M6R;2024-11-30;0
8G2B2C;2024-11-30;11157
6R9HXD;2024-11-30;995
9B11R1G;2024-11-30;11825
10F11M1A;2024-12-01;7669
1L3E1K;2024-12-01;5645
8N7L1U;2024-12-01;15677
11H6C1Y;2024-12-01;997
7O12A1M;2024-12-01;289
10V1G4T;2024-12-01;5498
4L5S1E;2024-12-01;4298
1A10MXP;2024-11-30;0
6F10L1F;2024-11-30;747
6F10L1F;2024-12-01;234
3G8GXJ;2024-12-01;9063
5U3B1R;2024-12-01;5734
119817XU1;2024-11-30;3909
119817XU1;2024-12-01;244
9B11R1G;2024-12-01;10241
8G2B2C;2024-12-01;3649
10W12MXM;2024-12-01;13511
6R9HXD;2024-12-01;5661
4L5S1E;2024-11-28;2979
4L5S1E;2024-11-29;8
4L5S1E;2024-11-28;5310
4L5S1E;2024-11-30;0
4L5S1E;2024-12-01;11
4L5S1E;2024-11-29;0
4L5S1E;2024-11-30;0
4L5S1E;2024-12-01;0
0W1M6R;2024-12-01;6903
6M9B3S;2024-12-01;5138
10F11M1A;2024-12-02;7444
10V1G4T;2024-12-02;7424
11H6C1Y;2024-12-02;1251
6F10L1F;2024-12-02;5799
5U3B1R;2024-12-02;6142
5U3B1R;2024-12-02;6142
1L3E1K;2024-12-02;2938
119817XU1;2024-12-02;2971
6R9HXD;2024-12-02;2120
6R9HXD;2024-12-02;2120
6M9B3S;2024-12-02;3004
8G2B2C;2024-12-02;6408
4L5S1E;2024-12-02;7768
3G8GXJ;2024-12-02;9190
9B11R1G;2024-12-02;8984
10W12MXM;2024-12-02;9365
0W1M6R;2024-12-02;2984
1A10MXP;2024-12-02;586
4L5S1E;2024-12-02;5673
4L5S1E;2024-12-02;5722
4L5S1E;2024-12-02;5722
4L5S1E;2024-12-02;5722
4L5S1E;2024-12-03;9008
7O12A1M;2024-12-03;374
11H6C1Y;2024-12-03;4272
10F11M1A;2024-12-03;4568
6F10L1F;2024-12-03;7860
6F10L1F;2024-12-03;7860
6F10L1F;2024-12-03;7860
8G2B2C;2024-12-03;10237
4L5S1E;2024-12-03;5
9B11R1G;2024-12-03;8948
10W12MXM;2024-12-03;7865
6R9HXD;2024-12-03;6153
3G8GXJ;2024-12-03;18261
10V1G4T;2024-12-03;6967
119817XU1;2024-12-03;2846
119817XU1;2024-12-03;2846
5U3B1R;2024-12-03;5633
5U3B1R;2024-12-03;5633
5U3B1R;2024-12-03;5633
6M9B3S;2024-12-03;5843
1L3E1K;2024-12-03;7043
1L3E1K;2024-12-03;7043
1L3E1K;2024-12-03;7043
4L5S1E;2024-12-04;3690
10F11M1A;2024-12-04;8696
10V1G4T;2024-12-04;5907
7O12A1M;2024-12-04;270
11H6C1Y;2024-12-04;2227
1A10MXP;2024-12-04;0
6F10L1F;2024-12-04;4203
6F10L1F;2024-12-04;4203
3G8GXJ;2024-12-04;9322
5U3B1R;2024-12-04;3627
9B11R1G;2024-12-04;8902
6R9HXD;2024-12-04;4536
0W1M6R;2024-12-04;5734
8G2B2C;2024-12-04;7664
10W12MXM;2024-12-04;9362
6M9B3S;2024-12-04;2925
6M9B3S;2024-12-04;2925
6M9B3S;2024-12-04;2925
6M9B3S;2024-12-04;2925
1L3E1K;2024-12-04;274
119817XU1;2024-12-04;2799
4L5S1E;2024-12-03;4448
4L5S1E;2024-12-04;4842
4L5S1E;2024-12-05;5895
11H6C1Y;2024-12-05;4644
10F11M1A;2024-12-05;6658
4L5S1E;2024-12-05;10409
7O12A1M;2024-12-05;946
5U3B1R;2024-12-05;6892
9B11R1G;2024-12-05;9974
1L3E1K;2024-12-05;10175
119817XU1;2024-12-05;1856
6F10L1F;2024-12-05;3831
3G8GXJ;2024-12-05;4788
10V1G4T;2024-12-05;9008
10V1G4T;2024-12-05;9008
8G2B2C;2024-12-05;6367
0W1M6R;2024-12-05;0
10W12MXM;2024-12-05;6891
10W12MXM;2024-12-05;6891
6R9HXD;2024-12-05;6782
6M9B3S;2024-12-05;3770
8N7L1U;2024-12-06;216
10F11M1A;2024-12-06;11344
0W1M6R;2024-12-06;0
3G8GXJ;2024-12-06;6942
7O12A1M;2024-12-06;142
6M9B3S;2024-12-06;9745
10W12MXM;2024-12-06;9489
4L5S1E;2024-12-06;6767
11H6C1Y;2024-12-06;0
1A10MXP;2024-12-05;0
119817XU1;2024-12-06;2275
9B11R1G;2024-12-06;9577
10V1G4T;2024-12-06;10500
6F10L1F;2024-12-06;6403
8G2B2C;2024-12-06;5542
1L3E1K;2024-12-06;3684
6R9HXD;2024-12-06;4567
3G8GXJ;2024-12-07;3091
9B11R1G;2024-12-07;8369
8N7L1U;2024-12-07;4373
10F11M1A;2024-12-07;11815
4L5S1E;2024-12-07;7909
0W1M6R;2024-12-07;0
7O12A1M;2024-12-07;390
11H6C1Y;2024-12-07;0
1L3E1K;2024-12-07;1504
1L3E1K;2024-12-07;1504
6R9HXD;2024-12-07;69
6M9B3S;2024-12-07;2912
8G2B2C;2024-12-07;9139
5U3B1R;2024-12-06;6500
5U3B1R;2024-12-07;474
10V1G4T;2024-12-07;11952
10F11M1A;2024-12-08;0
8N7L1U;2024-12-08;7867
4L5S1E;2024-12-08;3071
10V1G4T;2024-12-08;3112
7O12A1M;2024-12-08;1482
6F10L1F;2024-12-07;3701
6F10L1F;2024-12-08;629
3G8GXJ;2024-12-08;11015
9B11R1G;2024-12-08;1949
1L3E1K;2024-12-08;2464
119817XU1;2024-12-07;1643
119817XU1;2024-12-08;60
8G2B2C;2024-12-08;12790
6M9B3S;2024-12-08;6317
5U3B1R;2024-12-08;2352
5U3B1R;2024-12-08;2352
6R9HXD;2024-12-08;3993
0W1M6R;2024-12-08;0
1A10MXP;2024-12-07;0
6F10L1F;2024-12-09;5977
4L5S1E;2024-12-09;3114
7O12A1M;2024-12-09;537
10V1G4T;2024-12-09;6707
9B11R1G;2024-12-09;8718
0W1M6R;2024-12-09;6246
1L3E1K;2024-12-09;7386
5U3B1R;2024-12-09;5499
119817XU1;2024-12-09;5007
119817XU1;2024-12-09;5007
8G2B2C;2024-12-09;6341
6M9B3S;2024-12-09;1477
3G8GXJ;2024-12-09;7017
8N7L1U;2024-12-09;11276
8N7L1U;2024-12-09;11276
6R9HXD;2024-12-09;2560
10W12MXM;2024-12-07;7535
10W12MXM;2024-12-08;7534
10W12MXM;2024-12-09;6581
4L5S1E;2024-12-10;3816
7O12A1M;2024-12-10;327
8N7L1U;2024-12-10;8255
6F10L1F;2024-12-10;6449
9B11R1G;2024-12-10;4914
10V1G4T;2024-12-10;4933
6M9B3S;2024-12-10;3574
119817XU1;2024-12-10;1576
3G8GXJ;2024-12-10;6803
6R9HXD;2024-12-10;10392
0W1M6R;2024-12-10;0
8G2B2C;2024-12-10;7874
10W12MXM;2024-12-10;7940
5U3B1R;2024-12-10;6056
5U3B1R;2024-12-10;6056
1L3E1K;2024-12-10;5195
10W12MXM;2024-12-11;5528
8N7L1U;2024-12-11;4054
4L5S1E;2024-12-11;5020
1A10MXP;2024-12-10;0
8G2B2C;2024-12-11;2492
7O12A1M;2024-12-11;515
10V1G4T;2024-12-11;3152
10V1G4T;2024-12-11;3152
3G8GXJ;2024-12-11;4947
6F10L1F;2024-12-11;3668
5U3B1R;2024-12-11;1613
6M9B3S;2024-12-11;2001
6M9B3S;2024-12-11;2001
6R9HXD;2024-12-11;5937
119817XU1;2024-12-11;1520
0W1M6R;2024-12-11;0
9B11R1G;2024-12-11;7770
1L3E1K;2024-12-11;1951
8N7L1U;2024-12-12;3718
1L3E1K;2024-12-12;8928
1L3E1K;2024-12-12;8928
4L5S1E;2024-12-12;0
119817XU1;2024-12-12;2978
119817XU1;2024-12-12;2978
6M9B3S;2024-12-12;8231
6F10L1F;2024-12-12;4089
8G2B2C;2024-12-12;9618
7O12A1M;2024-12-12;0
10V1G4T;2024-12-12;6422
3G8GXJ;2024-12-12;11692
9B11R1G;2024-12-12;10258
10W12MXM;2024-12-12;14562
5U3B1R;2024-12-12;8414
0W1M6R;2024-12-12;0
6R9HXD;2024-12-12;4046
5U3B1R;2024-12-13;19395
3G8GXJ;2024-12-13;5718
0W1M6R;2024-12-13;0
10V1G4T;2024-12-13;6714
8N7L1U;2024-12-13;9782
4L5S1E;2024-12-13;15548
11H6C1Y;2024-12-13;0
9B11R1G;2024-12-13;4287
10W12MXM;2024-12-13;20250
119817XU1;2024-12-13;2796
119817XU1;2024-12-13;2796
6F10L1F;2024-12-13;6379
8G2B2C;2024-12-13;108
1L3E1K;2024-12-13;4119
6R9HXD;2024-12-13;9516
6M9B3S;2024-12-13;7803
1A10MXP;2024-12-12;0
9B11R1G;2024-12-14;11702
5U3B1R;2024-12-14;8739
8G2B2C;2024-12-14;9258
4L5S1E;2024-12-14;13127
6F10L1F;2024-12-14;1675
6F10L1F;2024-12-14;1675
8N7L1U;2024-12-14;0
10F11M1A;2024-12-14;0
10V1G4T;2024-12-14;4977
3G8GXJ;2024-12-14;10664
1L3E1K;2024-12-14;4027
0W1M6R;2024-12-14;0
6M9B3S;2024-12-14;2039
6R9HXD;2024-12-14;3818
10W12MXM;2024-12-14;10773
4L5S1E;2024-12-15;9022
4L5S1E;2024-12-15;9022
6F10L1F;2024-12-15;1263
9B11R1G;2024-12-15;15936
8G2B2C;2024-12-15;10123
10V1G4T;2024-12-15;3795
3G8GXJ;2024-12-15;4860
1L3E1K;2024-12-15;11669
1L3E1K;2024-12-15;11669
119817XU1;2024-12-14;2042
119817XU1;2024-12-15;116
6M9B3S;2024-12-15;6730
0W1M6R;2024-12-15;0
10W12MXM;2024-12-15;7096
5U3B1R;2024-12-15;4356
4L5S1E;2024-12-09;0
4L5S1E;2024-12-10;0
4L5S1E;2024-12-11;0
4L5S1E;2024-12-12;0
4L5S1E;2024-12-13;0
4L5S1E;2024-12-14;0
4L5S1E;2024-12-15;0
4L5S1E;2024-12-09;0
4L5S1E;2024-12-09;0
4L5S1E;2024-12-10;0
4L5S1E;2024-12-10;0
4L5S1E;2024-12-11;0
4L5S1E;2024-12-11;0
4L5S1E;2024-12-12;0
4L5S1E;2024-12-12;0
4L5S1E;2024-12-13;0
4L5S1E;2024-12-13;0
4L5S1E;2024-12-14;0
4L5S1E;2024-12-15;0
4L5S1E;2024-12-14;0
4L5S1E;2024-12-15;0
11H6C1Y;2024-12-16;0
4L5S1E;2024-12-16;6513
10F11M1A;2024-12-16;0
9B11R1G;2024-12-16;8624
1A10MXP;2024-12-15;0
6F10L1F;2024-12-16;5946
6F10L1F;2024-12-16;5946
1L3E1K;2024-12-16;3248
119817XU1;2024-12-16;2480
6M9B3S;2024-12-16;4602
8G2B2C;2024-12-16;4456
5U3B1R;2024-12-16;4853
10V1G4T;2024-12-16;10229
10V1G4T;2024-12-16;10229
3G8GXJ;2024-12-16;7609
10W12MXM;2024-12-16;10018
6R9HXD;2024-12-15;4365
6R9HXD;2024-12-16;2523
0W1M6R;2024-12-16;0
9B11R1G;2024-12-17;8116
4L5S1E;2024-12-17;3747
4L5S1E;2024-12-17;3747
10F11M1A;2024-12-17;0
8G2B2C;2024-12-17;7515
8G2B2C;2024-12-17;7515
6F10L1F;2024-12-17;6250
10V1G4T;2024-12-17;6277
10V1G4T;2024-12-17;6277
6M9B3S;2024-12-17;3007
1A10MXP;2024-12-17;0
5U3B1R;2024-12-17;3344
5U3B1R;2024-12-17;3344
3G8GXJ;2024-12-17;5030
3G8GXJ;2024-12-17;5030
0W1M6R;2024-12-17;0
4L5S1E;2024-12-16;4754
4L5S1E;2024-12-17;0
119817XU1;2024-12-17;3523
119817XU1;2024-12-17;3523
6R9HXD;2024-12-17;11739
1L3E1K;2024-12-17;5996
10W12MXM;2024-12-17;10865
9B11R1G;2024-12-18;11773
10W12MXM;2024-12-18;6788
10F11M1A;2024-12-18;0
1L3E1K;2024-12-18;2935
6M9B3S;2024-12-18;5549
6F10L1F;2024-12-18;5158
3G8GXJ;2024-12-18;5499
10V1G4T;2024-12-18;14216
6R9HXD;2024-12-18;3574
4L5S1E;2024-12-18;3611
5U3B1R;2024-12-18;4565
8G2B2C;2024-12-18;5190
119817XU1;2024-12-18;1755
8N7L1U;2024-12-16;0
10W12MXM;2024-12-19;7662
6F10L1F;2024-12-19;6131
9B11R1G;2024-12-19;9366
119817XU1;2024-12-19;843
10V1G4T;2024-12-19;6876
6M9B3S;2024-12-19;3851
3G8GXJ;2024-12-19;5717
3G8GXJ;2024-12-19;5717
5U3B1R;2024-12-19;4031
4L5S1E;2024-12-19;6158
6R9HXD;2024-12-19;5848
8G2B2C;2024-12-19;3823
0W1M6R;2024-12-19;0
1L3E1K;2024-12-19;6040
8G2B2C;2024-12-20;8889
0W1M6R;2024-12-20;0
1L3E1K;2024-12-20;460
10W12MXM;2024-12-20;10801
3G8GXJ;2024-12-20;9219
8N7L1U;2024-12-20;0
4L5S1E;2024-12-20;10440
6M9B3S;2024-12-20;2442
10V1G4T;2024-12-20;6580
119817XU1;2024-12-20;3537
5U3B1R;2024-12-20;4176
6F10L1F;2024-12-20;5207
9B11R1G;2024-12-20;8008
6R9HXD;2024-12-20;5552
6F10L1F;2024-12-21;4586
8G2B2C;2024-12-21;13012
9B11R1G;2024-12-21;10458
6M9B3S;2024-12-21;9896
11H6C1Y;2024-12-21;0
4L5S1E;2024-12-21;4816
119817XU1;2024-12-21;950
6R9HXD;2024-12-21;17057
6R9HXD;2024-12-21;17057
1A10MXP;2024-12-19;0
5U3B1R;2024-12-21;5020
0W1M6R;2024-12-21;0
1L3E1K;2024-12-21;2364
10V1G4T;2024-12-21;9181
2Q2XXY;2024-11-19;1205
10V1G4T;2024-12-22;6126
11H6C1Y;2024-12-22;0
8G2B2C;2024-12-22;7067
9B11R1G;2024-12-22;9027
6M9B3S;2024-12-22;7023
5U3B1R;2024-12-22;9842
119817XU1;2024-12-22;836
119817XU1;2024-12-22;836
3G8GXJ;2024-12-21;6754
3G8GXJ;2024-12-22;484
0W1M6R;2024-12-22;0
1L3E1K;2024-12-22;1134
4L5S1E;2024-12-22;3477
10W12MXM;2024-12-21;6006
10W12MXM;2024-12-22;2745
11H6C1Y;2024-12-23;0
0W1M6R;2024-12-23;0
6M9B3S;2024-12-23;4328
9B11R1G;2024-12-23;7511
3G8GXJ;2024-12-23;7665
4L5S1E;2024-12-23;7218
5U3B1R;2024-12-23;7540
5U3B1R;2024-12-23;7540
10W12MXM;2024-12-23;2775
6R9HXD;2024-12-22;1989
6R9HXD;2024-12-23;2706
8G2B2C;2024-12-23;7872
10V1G4T;2024-12-23;10832
119817XU1;2024-12-23;1462
119817XU1;2024-12-23;1462
0W1M6R;2024-12-24;0
6M9B3S;2024-12-24;5285
7O12A1M;2024-12-24;0
4L5S1E;2024-12-24;18553
1A10MXP;2024-12-22;0
10V1G4T;2024-12-24;4101
9B11R1G;2024-12-24;6702
6R9HXD;2024-12-24;7355
10W12MXM;2024-12-24;2261
8G2B2C;2024-12-24;1455
3G8GXJ;2024-12-24;6102
5U3B1R;2024-12-24;4847
6M9B3S;2024-12-25;1802
0W1M6R;2024-12-25;0
10V1G4T;2024-12-25;3151
9B11R1G;2024-12-25;7837
4L5S1E;2024-12-25;1670
10W12MXM;2024-12-25;2851
8G2B2C;2024-12-25;1531
5U3B1R;2024-12-25;4148
6R9HXD;2024-12-25;3164
3G8GXJ;2024-12-25;7741
119817XU1;2024-12-24;217
119817XU1;2024-12-25;132
1L3E1K;2024-12-23;3611
1L3E1K;2024-12-24;827
1L3E1K;2024-12-25;1778
1A10MXP;2024-12-25;0
6F10L1F;2024-12-22;467
6F10L1F;2024-12-23;37
6F10L1F;2024-12-24;143
6F10L1F;2024-12-25;186
11H6C1Y;2024-12-26;0
10W12MXM;2024-12-26;7087
9B11R1G;2024-12-26;14281
4L5S1E;2024-12-26;5517
5U3B1R;2024-12-26;12729
10V1G4T;2024-12-26;14229
6R9HXD;2024-12-26;11069
6M9B3S;2024-12-26;920
119817XU1;2024-12-26;469
8G2B2C;2024-12-26;3777
8G2B2C;2024-12-26;3777
8G2B2C;2024-12-26;3777
0W1M6R;2024-12-26;0
1L3E1K;2024-12-26;2919
6M9B3S;2024-12-27;851
0W1M6R;2024-12-27;0
10W12MXM;2024-12-27;5091
8N7L1U;2024-12-27;0
10V1G4T;2024-12-27;3998
4L5S1E;2024-12-27;7312
9B11R1G;2024-12-27;5378
6R9HXD;2024-12-27;12896
6R9HXD;2024-12-27;12896
6R9HXD;2024-12-27;12896
5U3B1R;2024-12-27;5322
1L3E1K;2024-12-27;2741
3G8GXJ;2024-12-26;11783
3G8GXJ;2024-12-27;2168
8G2B2C;2024-12-27;9981
8G2B2C;2024-12-27;9981
7O12A1M;2024-12-28;0
9B11R1G;2024-12-28;9461
0W1M6R;2024-12-28;0
8G2B2C;2024-12-28;754
10V1G4T;2024-12-28;10963
119817XU1;2024-12-27;2622
119817XU1;2024-12-27;2622
119817XU1;2024-12-28;418
119817XU1;2024-12-28;418
6M9B3S;2024-12-28;5696
3G8GXJ;2024-12-28;6570
4L5S1E;2024-12-28;5033
5U3B1R;2024-12-28;4975
10W12MXM;2024-12-28;3286
6R9HXD;2024-12-28;14477
6R9HXD;2024-12-28;14477
1L3E1K;2024-12-28;4841
6F10L1F;2024-12-26;127
6F10L1F;2024-12-26;127
6F10L1F;2024-12-27;168
6F10L1F;2024-12-27;168
6F10L1F;2024-12-28;95
6F10L1F;2024-12-28;95
6M9B3S;2024-12-29;8075
0W1M6R;2024-12-29;0
8N7L1U;2024-12-29;0
11H6C1Y;2024-12-29;0
1A10MXP;2024-12-26;0
9B11R1G;2024-12-29;9620
1L3E1K;2024-12-29;596
5U3B1R;2024-12-29;6941
6R9HXD;2024-12-29;7097
3G8GXJ;2024-12-29;3841
119817XU1;2024-12-29;7692
4L5S1E;2024-12-29;7957
10V1G4T;2024-12-29;5296
1L3E1K;2024-12-30;4453
4L5S1E;2024-12-30;16003
0W1M6R;2024-12-30;0
8G2B2C;2024-12-29;10952
8G2B2C;2024-12-30;58
6M9B3S;2024-12-30;3883
6M9B3S;2024-12-30;3883
9B11R1G;2024-12-30;10492
6R9HXD;2024-12-30;14799
1A10MXP;2024-12-30;0
119817XU1;2024-12-30;9714
5U3B1R;2024-12-30;4660
3G8GXJ;2024-12-30;13288
10W12MXM;2024-12-29;1694
10W12MXM;2024-12-30;2699
6F10L1F;2024-12-29;163
6F10L1F;2024-12-30;1246
10V1G4T;2024-12-30;5418
6R9HXD;2024-12-31;10863
6M9B3S;2024-12-31;11452
10V1G4T;2024-12-31;6210
1L3E1K;2024-12-31;2648
5U3B1R;2024-12-31;2600
4L5S1E;2024-12-31;11976
9B11R1G;2024-12-31;14309
6F10L1F;2024-12-31;1319
8G2B2C;2024-12-31;2448
10W12MXM;2024-12-31;6409
119817XU1;2024-12-31;5029
3G8GXJ;2024-12-31;7663
3G8GXJ;2024-12-31;7663
3G8GXJ;2024-12-31;7663
0W1M6R;2024-12-31;0
1L3E1K;2025-01-01;195
11H6C1Y;2025-01-01;0
4L5S1E;2025-01-01;16357
6F10L1F;2025-01-01;797
3G8GXJ;2025-01-01;814
1A10MXP;2024-12-31;0
8G2B2C;2025-01-01;1160
5U3B1R;2025-01-01;6229
0W1M6R;2025-01-01;0
10V1G4T;2025-01-01;7597
6R9HXD;2025-01-01;8635
9B11R1G;2025-01-01;13090
10W12MXM;2025-01-01;1770
119817XU1;2025-01-01;3986
6M9B3S;2025-01-01;9699
9B11R1G;2025-01-02;7757
10W12MXM;2025-01-02;4784
4L5S1E;2025-01-02;3408
10V1G4T;2025-01-02;4301
5U3B1R;2025-01-02;5257
8G2B2C;2025-01-02;8321
6M9B3S;2025-01-02;5646
119817XU1;2025-01-02;4307
6R9HXD;2025-01-02;3131
1L3E1K;2025-01-02;6849
0W1M6R;2025-01-02;0
3G8GXJ;2025-01-02;6003
6F10L1F;2025-01-02;996
1A10MXP;2025-01-02;0
7O12A1M;2025-01-03;0
4L5S1E;2025-01-03;21476
8G2B2C;2025-01-03;4209
10V1G4T;2025-01-03;7406
9B11R1G;2025-01-03;4024
8N7L1U;2025-01-03;0
1A10MXP;2025-01-03;0
5U3B1R;2025-01-03;6532
119817XU1;2025-01-03;5846
6F10L1F;2025-01-03;9752
6M9B3S;2025-01-03;2720
10W12MXM;2025-01-03;11666
0W1M6R;2025-01-03;0
3G8GXJ;2025-01-03;7583
6R9HXD;2025-01-03;13281
6M9B3S;2025-01-04;6610
0W1M6R;2025-01-04;8574
4L5S1E;2025-01-04;7165
10W12MXM;2025-01-04;4387
9B11R1G;2025-01-04;10614
10V1G4T;2025-01-04;7100
5U3B1R;2025-01-04;8477
1A10MXP;2025-01-04;0
8G2B2C;2025-01-04;18447
119817XU1;2025-01-04;6608
119817XU1;2025-01-04;6608
3G8GXJ;2025-01-04;6226
6R9HXD;2025-01-04;4601
6R9HXD;2025-01-04;4601
4L5S1E;2024-12-29;0
4L5S1E;2024-12-30;0
4L5S1E;2024-12-31;0
4L5S1E;2025-01-01;0
4L5S1E;2025-01-02;0
4L5S1E;2025-01-03;0
4L5S1E;2025-01-04;0
4L5S1E;2025-01-05;14571
8N7L1U;2025-01-05;0
10W12MXM;2025-01-05;1534
6R9HXD;2025-01-05;7900
1L3E1K;2025-01-03;7261
1L3E1K;2025-01-04;362
1L3E1K;2025-01-05;440
119817XU1;2025-01-05;4336
9B11R1G;2025-01-05;6943
9B11R1G;2025-01-05;6943
6M9B3S;2025-01-05;2501
0W1M6R;2025-01-05;0
8G2B2C;2025-01-05;5046
6F10L1F;2025-01-04;2428
6F10L1F;2025-01-05;269
4L5S1E;2025-01-05;0
10V1G4T;2025-01-05;6068
10V1G4T;2025-01-05;6068
4L5S1E;2024-12-30;0
4L5S1E;2024-12-30;0
4L5S1E;2024-12-31;0
4L5S1E;2024-12-31;0
4L5S1E;2025-01-01;0
4L5S1E;2025-01-01;0
4L5S1E;2025-01-01;0
4L5S1E;2025-01-02;0
4L5S1E;2025-01-02;0
4L5S1E;2025-01-02;0
4L5S1E;2025-01-03;0
4L5S1E;2025-01-03;0
4L5S1E;2025-01-03;0
4L5S1E;2025-01-04;0
4L5S1E;2025-01-04;0
4L5S1E;2025-01-04;0
4L5S1E;2025-01-05;0
4L5S1E;2025-01-05;0
4L5S1E;2025-01-05;0
5U3B1R;2025-01-05;4167
4L5S1E;2025-01-06;4528
11H6C1Y;2025-01-06;0
10V1G4T;2025-01-06;7246
10F11M1A;2025-01-06;7
4L5S1E;2025-01-06;4928
7O12A1M;2025-01-06;0
119817XU1;2025-01-06;2956
10W12MXM;2025-01-06;1041
1A10MXP;2025-01-05;0
5U3B1R;2025-01-06;6492
5U3B1R;2025-01-06;6492
8G2B2C;2025-01-06;6861
8G2B2C;2025-01-06;6861
1L3E1K;2025-01-06;1882
6F10L1F;2025-01-06;5299
6R9HXD;2025-01-06;5492
6M9B3S;2025-01-06;5891
6M9B3S;2025-01-06;5891
6M9B3S;2025-01-06;5891
3G8GXJ;2025-01-05;5493
3G8GXJ;2025-01-06;3942
9B11R1G;2025-01-06;7381
0W1M6R;2025-01-06;0
4L5S1E;2025-01-07;907
4L5S1E;2025-01-07;4214
119817XU1;2025-01-07;2812
8G2B2C;2025-01-07;4830
5U3B1R;2025-01-07;5780
10V1G4T;2025-01-07;4498
6R9HXD;2025-01-07;3918
6R9HXD;2025-01-07;3918
9B11R1G;2025-01-07;8648
1A10MXP;2025-01-07;0
6F10L1F;2025-01-07;5306
1L3E1K;2025-01-07;2007
10W12MXM;2025-01-07;7108
6M9B3S;2025-01-07;1482
6M9B3S;2025-01-07;1482
9B11R1G;2025-01-08;8238
4L5S1E;2025-01-08;4190
10F11M1A;2025-01-08;0
4L5S1E;2025-01-08;2381
6F10L1F;2025-01-08;4506
5U3B1R;2025-01-08;5986
1L3E1K;2025-01-08;4071
119817XU1;2025-01-08;2180
10V1G4T;2025-01-08;7651
1A10MXP;2025-01-08;0
6R9HXD;2025-01-08;6660
6M9B3S;2025-01-08;6610
0W1M6R;2025-01-08;0
8G2B2C;2025-01-08;6554
10W12MXM;2025-01-08;4327
3G8GXJ;2025-01-07;5921
3G8GXJ;2025-01-08;3953
6F10L1F;2025-01-09;3130
9B11R1G;2025-01-09;7728
4L5S1E;2025-01-09;4740
10W12MXM;2025-01-09;8129
11H6C1Y;2025-01-09;0
4L5S1E;2025-01-09;9341
1L3E1K;2025-01-09;7953
119817XU1;2025-01-09;4440
119817XU1;2025-01-09;4440
8G2B2C;2025-01-09;7381
3G8GXJ;2025-01-09;3816
6R9HXD;2025-01-09;5362
6R9HXD;2025-01-09;5362
6M9B3S;2025-01-09;2935
5U3B1R;2025-01-09;9294
5U3B1R;2025-01-09;9294
10V1G4T;2025-01-09;5852
9B11R1G;2025-01-10;5623
6F10L1F;2025-01-10;5176
4L5S1E;2025-01-10;11
6M9B3S;2025-01-10;3453
6M9B3S;2025-01-10;3453
6M9B3S;2025-01-10;3453
6R9HXD;2025-01-10;9140
10W12MXM;2025-01-10;2207
1L3E1K;2025-01-10;2553
1L3E1K;2025-01-10;2553
4L5S1E;2025-01-10;1309
119817XU1;2025-01-10;1759
10V1G4T;2025-01-10;5421
5U3B1R;2025-01-10;8481
5U3B1R;2025-01-10;8481
8G2B2C;2025-01-10;6463
0W1M6R;2025-01-10;0
3G8GXJ;2025-01-10;3004
6F10L1F;2025-01-11;1271
1L3E1K;2025-01-11;2091
0W1M6R;2025-01-11;0
4L5S1E;2025-01-11;7825
9B11R1G;2025-01-11;5367
8G2B2C;2025-01-11;14735
8G2B2C;2025-01-11;14735
8G2B2C;2025-01-11;14735
4L5S1E;2025-01-11;8496
10V1G4T;2025-01-11;6736
6M9B3S;2025-01-11;7142
119817XU1;2025-01-11;1610
3G8GXJ;2025-01-11;10634
6R9HXD;2025-01-11;11630
6F10L1F;2025-01-12;769
11H6C1Y;2025-01-12;0
4L5S1E;2025-01-12;0
9B11R1G;2025-01-12;12466
10V1G4T;2025-01-12;2002
4L5S1E;2025-01-12;13429
1L3E1K;2025-01-12;3941
8G2B2C;2025-01-12;5169
1A10MXP;2025-01-11;0
119817XU1;2025-01-12;307
119817XU1;2025-01-12;307
119817XU1;2025-01-12;307
6M9B3S;2025-01-12;6177
4L5S1E;2025-01-06;0
4L5S1E;2025-01-06;0
4L5S1E;2025-01-07;0
4L5S1E;2025-01-07;0
4L5S1E;2025-01-08;0
4L5S1E;2025-01-08;0
4L5S1E;2025-01-09;0
4L5S1E;2025-01-09;0
4L5S1E;2025-01-10;0
4L5S1E;2025-01-10;0
4L5S1E;2025-01-10;0
4L5S1E;2025-01-11;0
4L5S1E;2025-01-11;0
4L5S1E;2025-01-11;0
4L5S1E;2025-01-12;0
4L5S1E;2025-01-12;0
4L5S1E;2025-01-12;0
5U3B1R;2025-01-11;4410
5U3B1R;2025-01-12;2631
3G8GXJ;2025-01-12;13286
219957XAX;2025-01-06;2332
219957XAX;2025-01-06;2332
219957XAX;2025-01-07;10922
219957XAX;2025-01-07;10922
219957XAX;2025-01-08;7075
219957XAX;2025-01-08;7075
219957XAX;2025-01-09;3483
219957XAX;2025-01-09;3483
219957XAX;2025-01-10;5246
219957XAX;2025-01-10;5246
219957XAX;2025-01-11;4354
219957XAX;2025-01-11;4354
219957XAX;2025-01-12;3374
219957XAX;2025-01-12;3374
0W1M6R;2025-01-12;0
6R9HXD;2025-01-12;13658
10W12MXM;2025-01-11;9566
10W12MXM;2025-01-12;1267
6F10L1F;2025-01-13;2666
9B11R1G;2025-01-13;8084
1L3E1K;2025-01-13;793
4L5S1E;2025-01-13;4266
4L5S1E;2025-01-13;6955
4L5S1E;2025-01-13;8207
119817XU1;2025-01-13;3164
5U3B1R;2025-01-13;5003
6R9HXD;2025-01-13;15990
6M9B3S;2025-01-13;3061
6M9B3S;2025-01-13;3061
8G2B2C;2025-01-13;6942
219957XAX;2025-01-13;2963
219957XAX;2025-01-13;2963
0W1M6R;2025-01-13;0
1A10MXP;2025-01-13;0
10W12MXM;2025-01-13;2532
10V1G4T;2025-01-13;3417
3G8GXJ;2025-01-13;8192
6F10L1F;2025-01-14;2458
1L3E1K;2025-01-14;7224
9B11R1G;2025-01-14;6555
10V1G4T;2025-01-14;4428
4L5S1E;2025-01-14;0
4L5S1E;2025-01-14;14203
6R9HXD;2025-01-14;3456
5U3B1R;2025-01-14;6326
119817XU1;2025-01-14;4646
6M9B3S;2025-01-14;5238
219957XAX;2025-01-14;4158
8G2B2C;2025-01-14;9160
8G2B2C;2025-01-14;9160
10W12MXM;2025-01-14;6593
6F10L1F;2025-01-15;3230
6F10L1F;2025-01-15;3230
9B11R1G;2025-01-15;7650
1L3E1K;2025-01-15;1762
4L5S1E;2025-01-15;7182
4L5S1E;2025-01-15;7546
10F11M1A;2025-01-15;0
10V1G4T;2025-01-15;9610
6M9B3S;2025-01-15;7232
10W12MXM;2025-01-15;4135
119817XU1;2025-01-15;6553
8G2B2C;2025-01-15;4756
4L5S1E;2025-01-14;0
4L5S1E;2025-01-15;7282
219957XAX;2025-01-15;7286
6R9HXD;2025-01-15;6105
0W1M6R;2025-01-15;9000
5U3B1R;2025-01-15;6246
3G8GXJ;2025-01-14;8478
3G8GXJ;2025-01-15;2077
9B11R1G;2025-01-16;6233
11H6C1Y;2025-01-16;0
10V1G4T;2025-01-16;6609
4L5S1E;2025-01-16;7081
6F10L1F;2025-01-16;782
1A10MXP;2025-01-16;0
119817XU1;2025-01-16;1922
1L3E1K;2025-01-16;7454
6M9B3S;2025-01-16;5384
5U3B1R;2025-01-16;9344
6R9HXD;2025-01-16;5169
4L5S1E;2025-01-16;7565
219957XAX;2025-01-16;13822
8G2B2C;2025-01-16;9331
8G2B2C;2025-01-17;12563
8G2B2C;2025-01-17;12563
8G2B2C;2025-01-17;12563
6F10L1F;2025-01-17;6960
5U3B1R;2025-01-17;14537
6M9B3S;2025-01-17;5359
9B11R1G;2025-01-17;3675
4L5S1E;2025-01-17;8496
10V1G4T;2025-01-17;7434
119817XU1;2025-01-17;4051
6R9HXD;2025-01-17;7172
4L5S1E;2025-01-17;6636
0W1M6R;2025-01-17;0
1A10MXP;2025-01-17;0
1L3E1K;2025-01-17;4307
10W12MXM;2025-01-16;7942
10W12MXM;2025-01-16;7942
10W12MXM;2025-01-17;559
10W12MXM;2025-01-17;559
1L3E1K;2025-01-18;2148
6F10L1F;2025-01-18;4060
119817XU1;2025-01-18;2897
5U3B1R;2025-01-18;2955
4L5S1E;2025-01-18;1952
8G2B2C;2025-01-18;9804
10V1G4T;2025-01-18;8464
4L5S1E;2025-01-18;14639
3G8GXJ;2025-01-16;4165
3G8GXJ;2025-01-17;3615
3G8GXJ;2025-01-18;5621
6M9B3S;2025-01-18;6365
6R9HXD;2025-01-18;8550
9B11R1G;2025-01-18;6178
10W12MXM;2025-01-18;4657
10W12MXM;2025-01-18;4657
6F10L1F;2025-01-19;525
4L5S1E;2025-01-19;0
1L3E1K;2025-01-19;1471
4L5S1E;2025-01-19;1169
9B11R1G;2025-01-19;3725
5U3B1R;2025-01-19;2626
119817XU1;2025-01-19;621
10V1G4T;2025-01-19;7594
3G8GXJ;2025-01-19;4170
3G8GXJ;2025-01-19;4170
6R9HXD;2025-01-19;12997
6M9B3S;2025-01-19;2151
0W1M6R;2025-01-19;0
8G2B2C;2025-01-19;12534
7O12A1M;2025-01-18;0
9B11R1G;2025-01-20;10269
6F10L1F;2025-01-20;2480
4L5S1E;2025-01-20;6184
1L3E1K;2025-01-20;2899
10V1G4T;2025-01-20;9124
4L5S1E;2025-01-20;5997
1A10MXP;2025-01-20;0
5U3B1R;2025-01-20;5534
119817XU1;2025-01-20;2891
6M9B3S;2025-01-20;1693
10W12MXM;2025-01-19;6552
10W12MXM;2025-01-20;112
7O12A1M;2025-01-20;0
0W1M6R;2025-01-20;0
6R9HXD;2025-01-20;4962
6R9HXD;2025-01-20;4962
8G2B2C;2025-01-20;91
6F10L1F;2025-01-21;730
9B11R1G;2025-01-21;8700
4L5S1E;2025-01-21;0
1L3E1K;2025-01-21;6827
4L5S1E;2025-01-21;15090
5U3B1R;2025-01-21;6012
5U3B1R;2025-01-21;6012
10W12MXM;2025-01-21;4152
119817XU1;2025-01-21;3641
6M9B3S;2025-01-21;7159
0W1M6R;2025-01-21;5723
6R9HXD;2025-01-21;3519
8G2B2C;2025-01-21;5892
4L5S1E;2025-01-16;3112
4L5S1E;2025-01-17;0
4L5S1E;2025-01-18;0
4L5S1E;2025-01-19;0
4L5S1E;2025-01-20;0
4L5S1E;2025-01-21;0
10V1G4T;2025-01-21;9512
9P3WXJ;2025-01-15;4561
9P3WXJ;2025-01-16;8107
9P3WXJ;2025-01-17;2608
9P3WXJ;2025-01-18;5479
9P3WXJ;2025-01-19;6788
9P3WXJ;2025-01-20;4120
9P3WXJ;2025-01-21;3964
219957XAX;2025-01-17;8776
219957XAX;2025-01-18;16051
219957XAX;2025-01-19;4664
219957XAX;2025-01-20;5921
219957XAX;2025-01-20;5921
219957XAX;2025-01-21;6879
219957XAX;2025-01-21;6879
2L7HXA;2025-01-15;7259
2L7HXA;2025-01-16;13849
2L7HXA;2025-01-17;8776
2L7HXA;2025-01-18;16051
2L7HXA;2025-01-19;4664
2L7HXA;2025-01-20;5921
2L7HXA;2025-01-21;6879
1A10MXP;2025-01-21;0
7E5PXJ;2025-01-15;4849
7E5PXJ;2025-01-16;8598
7E5PXJ;2025-01-17;9548
7E5PXJ;2025-01-18;1885
7E5PXJ;2025-01-19;1700
7E5PXJ;2025-01-20;4213
7E5PXJ;2025-01-21;7542
3G8GXJ;2025-01-20;8181
3G8GXJ;2025-01-21;7554
1L3E1K;2025-01-22;171
6F10L1F;2025-01-22;2266
4L5S1E;2025-01-22;0
4L5S1E;2025-01-22;3588
4L5S1E;2025-01-22;3588
10V1G4T;2025-01-22;9955
9B11R1G;2025-01-22;8524
4L5S1E;2025-01-22;5063
10W12MXM;2025-01-22;4876
6R9HXD;2025-01-22;4788
3G8GXJ;2025-01-22;4523
3G8GXJ;2025-01-22;4523
9P3WXJ;2025-01-22;3022
119817XU1;2025-01-22;1307
0W1M6R;2025-01-22;3289
8G2B2C;2025-01-22;5254
2L7HXA;2025-01-22;5826
2L7HXA;2025-01-22;5826
6M9B3S;2025-01-22;975
7E5PXJ;2025-01-22;7139
5U3B1R;2025-01-22;4828
5U3B1R;2025-01-22;4828
4L5S1E;2025-01-23;5989
9B11R1G;2025-01-23;9702
4L5S1E;2025-01-23;6002
1L3E1K;2025-01-23;3319
10F11M1A;2025-01-22;0
4L5S1E;2025-01-23;10275
10V1G4T;2025-01-23;4880
119817XU1;2025-01-23;2325
5U3B1R;2025-01-23;2191
9P3WXJ;2025-01-23;2849
2L7HXA;2025-01-23;4819
6F10L1F;2025-01-23;4542
6M9B3S;2025-01-23;4241
8G2B2C;2025-01-23;10864
0W1M6R;2025-01-23;0
1A10MXP;2025-01-23;0
10W12MXM;2025-01-23;6332
3G8GXJ;2025-01-23;7410
6R9HXD;2025-01-23;5155
1L3E1K;2025-01-24;3178
9B11R1G;2025-01-24;11196
1G3GXM;2025-03-01;13298
119817XU1;2025-01-24;1861
2L7HXA;2025-01-24;7619
10V1G4T;2025-01-24;9395
3G8GXJ;2025-01-24;12980
4L5S1E;2025-01-24;8487
6M9B3S;2025-01-24;6471
0W1M6R;2025-01-24;0
4L5S1E;2025-01-24;3025
5U3B1R;2025-01-24;21230
9P3WXJ;2025-01-24;2554
6F10L1F;2025-01-24;4797
8G2B2C;2025-01-24;4251
10W12MXM;2025-01-24;8098
119817XU1;2025-01-25;3047
5U3B1R;2025-01-25;17060
6F10L1F;2025-01-25;3247
9B11R1G;2025-01-25;7213
4L5S1E;2025-01-25;24
6M9B3S;2025-01-25;1100
6S5T1H;2025-01-25;0
4L5S1E;2025-01-25;8099
2L7HXA;2025-01-25;4917
10V1G4T;2025-01-25;2600
10W12MXM;2025-01-25;8352
8G2B2C;2025-01-25;14570
9P3WXJ;2025-01-25;4617
0W1M6R;2025-01-25;0
3G8GXJ;2025-01-25;6849
1L3E1K;2025-01-25;5732
6R9HXD;2025-01-24;4
6R9HXD;2025-01-25;0
6F10L1F;2025-01-26;335
4L5S1E;2025-01-26;13840
9B11R1G;2025-01-26;17186
4L5S1E;2025-01-26;0
10V1G4T;2025-01-26;5908
8G2B2C;2025-01-26;4014
9P3WXJ;2025-01-26;7801
119817XU1;2025-01-26;2223
5U3B1R;2025-01-26;12580
6M9B3S;2025-01-26;4991
1L3E1K;2025-01-26;3071
2L7HXA;2025-01-26;5376
0W1M6R;2025-01-26;0
3G8GXJ;2025-01-26;7942
11H6C1Y;2025-01-19;0
10W12MXM;2025-01-26;6642
6R9HXD;2025-01-26;13
6F10L1F;2025-01-27;2094
9B11R1G;2025-01-27;7180
1L3E1K;2025-01-27;5352
4L5S1E;2025-01-27;5068
8G2B2C;2025-01-27;6920
11H6C1Y;2025-01-27;0
4L5S1E;2025-01-27;4112
119817XU1;2025-01-27;2773
9P3WXJ;2025-01-27;3652
5U3B1R;2025-01-27;7797
6M9B3S;2025-01-27;2942
10V1G4T;2025-01-27;5432
2L7HXA;2025-01-27;7972
10W12MXM;2025-01-27;6241
7O12A1M;2025-01-27;0
9B6T1M;2025-01-21;4237
9B6T1M;2025-01-22;7551
9B6T1M;2025-01-23;4231
9B6T1M;2025-01-24;4583
9B6T1M;2025-01-25;2663
9B6T1M;2025-01-26;4164
9B6T1M;2025-01-27;4980
0W1M6R;2025-01-27;0
0H2T3S;2025-01-21;0
0H2T3S;2025-01-22;0
0H2T3S;2025-01-23;0
0H2T3S;2025-01-24;0
0H2T3S;2025-01-25;0
0H2T3S;2025-01-26;0
0H2T3S;2025-01-27;0
4L5S1E;2025-01-28;0
9B11R1G;2025-01-28;4989
4L5S1E;2025-01-28;2652
1L3E1K;2025-01-28;184
10V1G4T;2025-01-28;5969
11H6C1Y;2025-01-28;0
6F10L1F;2025-01-28;531
9P3WXJ;2025-01-28;2852
119817XU1;2025-01-28;2490
6M9B3S;2025-01-28;4999
2L7HXA;2025-01-28;3902
8G2B2C;2025-01-28;8266
9B6T1M;2025-01-28;3644
10W12MXM;2025-01-28;9404
0W1M6R;2025-01-28;0
0H2T3S;2025-01-28;3480
1F9H2J;2025-01-22;2609
1F9H2J;2025-01-23;3846
1F9H2J;2025-01-24;6480
1F9H2J;2025-01-25;3279
1F9H2J;2025-01-26;2582
1F9H2J;2025-01-27;9500
1F9H2J;2025-01-28;28
5U3B1R;2025-01-28;6492
4L5S1E;2025-01-25;0
4L5S1E;2025-01-26;0
4L5S1E;2025-01-27;5085
4L5S1E;2025-01-28;0
6F10L1F;2025-01-29;5731
9B11R1G;2025-01-29;9875
2L1M1R;2025-01-29;0
1L3E1K;2025-01-29;1691
10W12MXM;2025-01-29;6746
7C3E1I;2025-01-29;0
10V1G4T;2025-01-29;8334
4L5S1E;2025-01-29;6450
7O12A1M;2025-01-29;0
4L5S1E;2025-01-29;3156
6S5T1H;2025-01-29;0
5U3B1R;2025-01-29;303
6M9B3S;2025-01-29;1090
119817XU1;2025-01-29;1437
9P3WXJ;2025-01-29;5029
1F9H2J;2025-01-29;4785
9B6T1M;2025-01-29;9009
2L7HXA;2025-01-29;8625
0W1M6R;2025-01-29;3623
8G2B2C;2025-01-29;9009
6R9HXD;2025-01-27;2645
6R9HXD;2025-01-28;79
6R9HXD;2025-01-29;556
12C6B1D;2025-01-23;1822
12C6B1D;2025-01-24;7821
12C6B1D;2025-01-25;8689
12C6B1D;2025-01-26;12138
12C6B1D;2025-01-27;6976
12C6B1D;2025-01-28;2581
12C6B1D;2025-01-29;5923
1A10MXP;2025-01-29;0
3G8GXJ;2025-01-27;8016
3G8GXJ;2025-01-28;7352
3G8GXJ;2025-01-29;6921
12C8M2J;2025-01-23;12586
12C8M2J;2025-01-24;7268
12C8M2J;2025-01-25;12222
12C8M2J;2025-01-26;9634
12C8M2J;2025-01-27;7804
12C8M2J;2025-01-28;12515
12C8M2J;2025-01-29;6402
9F2AXJ;2025-01-23;2717
9F2AXJ;2025-01-24;2633
9F2AXJ;2025-01-25;9431
9F2AXJ;2025-01-26;3574
9F2AXJ;2025-01-27;4074
9F2AXJ;2025-01-28;7412
9F2AXJ;2025-01-29;2251
5F6GXO;2025-01-23;2636
5F6GXO;2025-01-24;3060
5F6GXO;2025-01-25;2332
5F6GXO;2025-01-26;2309
5F6GXO;2025-01-27;6093
5F6GXO;2025-01-28;4157
5F6GXO;2025-01-29;5868
6F10L1F;2025-01-30;5819
9B11R1G;2025-01-30;16705
4L5S1E;2025-01-30;6193
1L3E1K;2025-01-30;10037
4C5PXH;2025-01-30;0
1F9H2J;2025-01-30;4617
4L5S1E;2025-01-30;13460
10W12MXM;2025-01-30;3920
12C6B1D;2025-01-30;5270
10V1G4T;2025-01-30;6338
119817XU1;2025-01-30;1275
2L7HXA;2025-01-30;3914
9B6T1M;2025-01-30;7125
6M9B3S;2025-01-30;6737
9F2AXJ;2025-01-30;6277
8G2B2C;2025-01-30;6759
4L5S1E;2025-01-24;3112
4L5S1E;2025-01-29;6513
4L5S1E;2025-01-30;6209
12C8M2J;2025-01-30;11109
9P3WXJ;2025-01-30;6803
9W2ZXI;2025-01-24;236
9W2ZXI;2025-01-25;267
9W2ZXI;2025-01-26;2154
9W2ZXI;2025-01-27;167
9W2ZXI;2025-01-28;5419
9W2ZXI;2025-01-29;3943
9W2ZXI;2025-01-30;1013
1F3EXR;2025-01-24;3974
1F3EXR;2025-01-25;3304
1F3EXR;2025-01-26;2854
1F3EXR;2025-01-27;5839
1F3EXR;2025-01-28;116
1F3EXR;2025-01-29;5911
1F3EXR;2025-01-30;0
3B10M2A;2025-01-30;0
5U3B1R;2025-01-30;5875
2F1S2P;2025-01-24;868
2F1S2P;2025-01-25;2889
2F1S2P;2025-01-26;2780
2F1S2P;2025-01-27;4887
2F1S2P;2025-01-28;4350
2F1S2P;2025-01-29;4538
2F1S2P;2025-01-30;822
6F10L1F;2025-01-31;1049
12C8M2J;2025-01-31;2923
9P3WXJ;2025-01-31;3292
1L3E1K;2025-01-31;488
10V1G4T;2025-01-31;10135
4L5S1E;2025-01-31;0
2L1M1R;2025-01-31;0
7C3E1I;2025-01-31;1534
10W12MXM;2025-01-31;11660
5F6GXO;2025-01-30;3558
5F6GXO;2025-01-31;3900
1F9H2J;2025-01-31;4567
9B11R1G;2025-01-31;11989
4L5S1E;2025-01-31;4419
2L7HXA;2025-01-31;6338
119817XU1;2025-01-31;1586
12C6B1D;2025-01-31;8473
0W1M6R;2025-01-31;0
6M9B3S;2025-01-31;5422
9B6T1M;2025-01-31;3412
1A10MXP;2025-01-31;0
5U3B1R;2025-01-31;5215
9W2ZXI;2025-01-31;368
3G8GXJ;2025-01-30;17417
3G8GXJ;2025-01-31;5505
8G2B2C;2025-01-31;1647
2F1S2P;2025-01-31;693
9F2AXJ;2025-01-31;2286
3B10M2A;2025-01-31;0
6F10L1F;2025-02-01;334
9W2ZXI;2025-02-01;1401
4L5S1E;2025-02-01;0
6M9B3S;2025-02-01;2156
3G8GXJ;2025-03-01;9060
4L5S1E;2025-02-01;13200
2F1S2P;2025-02-01;1958
12C8M2J;2025-02-01;9195
1L3E1K;2025-02-01;627
10V1G4T;2025-02-01;11564
2L1M1R;2025-02-01;0
1F9H2J;2025-02-01;3440
1A10MXP;2025-02-01;0
9P3WXJ;2025-02-01;11834
119817XU1;2025-02-01;4591
1F3EXR;2025-01-31;1004
1F3EXR;2025-02-01;81
8G2B2C;2025-02-01;12765
3G8GXJ;2025-02-03;6526
3G8GXJ;2025-02-01;8685
0W1M6R;2025-02-01;0
10W12MXM;2025-02-01;14242
0W1M6R;2025-02-03;0
12C6B1D;2025-02-01;10544
2L7HXA;2025-02-01;459
5U3B1R;2025-02-01;9665
9B6T1M;2025-02-01;2619
9B11R1G;2025-02-01;7774
9F2AXJ;2025-02-01;8122
3B10M2A;2025-02-01;0
5F6GXO;2025-02-01;4768
4L5S1E;2025-01-31;3189
4L5S1E;2025-02-01;0
6F10L1F;2025-02-02;869
1L3E1K;2025-02-02;1646
12C8M2J;2025-02-02;7933
2F1S2P;2025-02-02;379
1F9H2J;2025-02-02;5360
5U3B1R;2025-02-02;1924
3B10M2A;2025-02-02;0
7C3E1I;2025-02-02;562
4L5S1E;2025-02-02;1688
4L5S1E;2025-02-02;18330
6S5T1H;2025-02-02;0
10V1G4T;2025-02-02;3966
1F3EXR;2025-02-02;479
12C6B1D;2025-02-02;9803
2L7HXA;2025-02-02;2626
9F2AXJ;2025-02-02;5914
10W12MXM;2025-02-02;14369
5F6GXO;2025-02-02;1730
9P3WXJ;2025-02-02;5276
9W2ZXI;2025-02-02;1938
6M9B3S;2025-02-02;6700
4L5S1E;2025-02-02;0
8G2B2C;2025-02-02;10816
9B11R1G;2025-02-02;9024
9B6T1M;2025-02-02;3084
119817XU1;2025-02-02;4673
0W1M6R;2025-02-02;0
3G8GXJ;2025-02-02;8831
7E5PXJ;2025-01-27;6168
7E5PXJ;2025-01-28;10477
7E5PXJ;2025-01-29;7476
7E5PXJ;2025-01-30;9429
7E5PXJ;2025-01-31;5101
7E5PXJ;2025-02-01;7410
7E5PXJ;2025-02-02;6619
9B11R1G;2025-02-03;10502
1F9H2J;2025-02-03;4122
12C6B1D;2025-02-03;6214
12C8M2J;2025-02-03;5844
6F10L1F;2025-02-03;2849
3B10M2A;2025-02-03;7720
2L1M1R;2025-02-03;3898
8B5V1C;2025-02-03;0
1F3EXR;2025-02-03;2063
10W12MXM;2025-02-03;5735
7O12A1M;2025-02-03;1341
4L5S1E;2025-02-03;1995
2F1S2P;2025-02-03;597
4C5PXH;2025-02-03;1150
4L5S1E;2025-02-03;4892
6S5T1H;2025-02-03;7404
7C3E1I;2025-02-03;2620
9P3WXJ;2025-02-03;3552
9W2ZXI;2025-02-03;1967
5U3B1R;2025-02-03;5759
9F2AXJ;2025-02-03;7038
9B6T1M;2025-02-03;4460
6M9B3S;2025-02-03;1504
4L5S1E;2025-02-03;4901
5F6GXO;2025-02-03;5055
6Z11P2C;2025-01-28;1803
6Z11P2C;2025-01-29;11828
6Z11P2C;2025-01-30;1667
6Z11P2C;2025-01-31;17261
6Z11P2C;2025-02-01;2607
6Z11P2C;2025-02-02;10342
6Z11P2C;2025-02-03;1340
7E5PXJ;2025-02-03;6744
1L3E1K;2025-02-03;5183
119817XU1;2025-02-03;9385
8G2B2C;2025-02-03;8425
2L7HXA;2025-02-03;5469
1A10MXP;2025-02-02;0
10V1G4T;2025-02-03;6648
6F10L1F;2025-02-04;2679
2F1S2P;2025-02-04;7759
1F9H2J;2025-02-04;3837
12C8M2J;2025-02-04;7992
6Z11P2C;2025-02-04;1368
12C6B1D;2025-02-04;9233
9B6T1M;2025-02-04;8129
1F3EXR;2025-02-04;0
7E5PXJ;2025-02-04;8244
7C3E1I;2025-02-04;6810
4L5S1E;2025-02-04;0
6S5T1H;2025-02-04;5211
2L1M1R;2025-02-04;4817
4L5S1E;2025-02-04;0
4L5S1E;2025-02-04;0
7O12A1M;2025-02-04;300
5F6GXO;2025-02-04;4460
4C5PXH;2025-02-04;2364
9P3WXJ;2025-02-04;4541
9B11R1G;2025-02-04;6061
9W2ZXI;2025-02-04;7654
10V1G4T;2025-02-04;4750
0W1M6R;2025-02-04;0
3B10M2A;2025-02-04;4651
3G8GXJ;2025-02-04;6729
8B5V1C;2025-02-04;0
10W12MXM;2025-02-04;4679
2L7HXA;2025-02-04;6899
6R9HXD;2025-01-30;8367
6R9HXD;2025-01-31;3462
6R9HXD;2025-02-01;2980
6R9HXD;2025-02-02;276
6R9HXD;2025-02-03;4746
6R9HXD;2025-02-04;2405
8G2B2C;2025-02-04;5956
119817XU1;2025-02-04;4949
6M9B3S;2025-02-04;2852
9F2AXJ;2025-02-04;6012
5U3B1R;2025-02-04;5908
6F10L1F;2025-02-05;4872
1F9H2J;2025-02-05;196
12C6B1D;2025-02-05;8583
9B6T1M;2025-02-05;9635
9B11R1G;2025-02-05;2278
7C3E1I;2025-02-05;7829
4C5PXH;2025-02-05;937
10V1G4T;2025-02-05;1979
5F6GXO;2025-02-05;4059
7O12A1M;2025-02-05;479
4L5S1E;2025-02-05;7361
4L5S1E;2025-02-05;7345
10W12MXM;2025-02-05;8585
6S5T1H;2025-02-05;13122
4L5S1E;2025-02-05;10828
2L1M1R;2025-02-05;4933
9P3WXJ;2025-02-05;15914
3B10M2A;2025-02-05;5322
1F3EXR;2025-02-05;6709
12C8M2J;2025-02-05;6273
9W2ZXI;2025-02-05;5673
6Z11P2C;2025-02-05;2456
2F1S2P;2025-02-05;6099
119817XU1;2025-02-07;4937
7E5PXJ;2025-02-05;5460
5U3B1R;2025-02-05;3563
6M9B3S;2025-02-05;6032
1A10MXP;2025-02-05;0
1L3E1K;2025-02-04;5520
1L3E1K;2025-02-05;1675
6R9HXD;2025-02-05;4220
8G2B2C;2025-02-05;9168
8B5V1C;2025-02-05;0
119817XU1;2025-02-05;5803
9F2AXJ;2025-02-05;3267
0W1M6R;2025-02-05;0
3G8GXJ;2025-02-05;4096
2L7HXA;2025-02-05;5063
5U3B1R;2025-02-06;5827
6F10L1F;2025-02-06;2834
2F1S2P;2025-02-06;1601
1F9H2J;2025-02-06;7798
12C6B1D;2025-02-06;3112
12C8M2J;2025-02-06;8252
9W2ZXI;2025-02-06;6701
10W12MXM;2025-02-06;4027
9B11R1G;2025-02-06;310
1F3EXR;2025-02-06;1336
4L5S1E;2025-02-06;0
6Z11P2C;2025-02-06;3169
7C3E1I;2025-02-06;5718
4C5PXH;2025-02-06;5109
9B6T1M;2025-02-06;4516
6S5T1H;2025-02-06;5814
10V1G4T;2025-02-06;3937
9P3WXJ;2025-02-06;7263
2L1M1R;2025-02-06;4944
4L5S1E;2025-02-06;17
8B5V1C;2025-02-06;0
3B10M2A;2025-02-06;6998
3G8GXJ;2025-02-06;8128
9F2AXJ;2025-02-06;4075
2L7HXA;2025-02-06;3506
4L5S1E;2025-02-06;0
5F6GXO;2025-02-06;4275
8G2B2C;2025-02-06;6749
119817XU1;2025-02-06;8017
6M9B3S;2025-02-06;2088
7E5PXJ;2025-02-06;6395
6R9HXD;2025-02-06;6462
7O12A1M;2025-02-06;431
11L5W1P;2025-01-31;7991
11L5W1P;2025-02-01;5544
11L5W1P;2025-02-02;11933
11L5W1P;2025-02-03;11677
11L5W1P;2025-02-04;5242
11L5W1P;2025-02-05;4811
11L5W1P;2025-02-06;5825
0W1M6R;2025-02-06;0
1L3E1K;2025-02-06;3696
0W1M6R;2025-02-07;0
12C6B1D;2025-02-07;4588
1F9H2J;2025-02-07;3563
6F10L1F;2025-02-07;7841
5U3B1R;2025-02-07;6164
5F6GXO;2025-02-07;6665
6M9B3S;2025-02-07;11106
8G2B2C;2025-02-07;4154
2L7HXA;2025-02-07;13298
1F3EXR;2025-02-07;946
11L5W1P;2025-02-07;9794
4L5S1E;2025-02-07;5977
7E5PXJ;2025-02-07;6741
12C8M2J;2025-02-07;18551
3B10M2A;2025-02-07;3615
6S5T1H;2025-02-07;10963
9F2AXJ;2025-02-07;6169
3G8GXJ;2025-02-07;13843
4L5S1E;2025-02-07;2653
2L1M1R;2025-02-07;4604
7O12A1M;2025-02-07;445
4C5PXH;2025-02-07;6053
7C3E1I;2025-02-07;5563
10V1G4T;2025-02-07;6317
9P3WXJ;2025-02-07;4622
8B5V1C;2025-02-07;0
6Z11P2C;2025-02-07;6821
2F1S2P;2025-02-07;1691
9B11R1G;2025-02-07;15993
9W2ZXI;2025-02-07;8531
9B6T1M;2025-02-07;5295
6R9HXD;2025-02-07;4871
10W12MXM;2025-02-07;1645
1L3E1K;2025-02-07;353
6F10L1F;2025-02-08;3808
11L5W1P;2025-02-08;8484
1F9H2J;2025-02-08;32
2F1S2P;2025-02-08;2058
12C8M2J;2025-02-08;18528
5U3B1R;2025-02-08;3626
4L5S1E;2025-02-08;0
6S5T1H;2025-02-08;5819
3B10M2A;2025-02-08;7070
4L5S1E;2025-02-08;8165
2L1M1R;2025-02-08;3489
1F3EXR;2025-02-08;2748
6M9B3S;2025-02-08;5680
4C5PXH;2025-02-08;2871
7C3E1I;2025-02-08;6492
5F6GXO;2025-02-08;2306
1L3E1K;2025-02-08;1779
7O12A1M;2025-02-08;83
9B11R1G;2025-02-08;16587
12C6B1D;2025-02-08;10361
3G8GXJ;2025-02-08;6681
6Z11P2C;2025-02-08;8933
0W1M6R;2025-02-08;0
7E5PXJ;2025-02-08;8633
8G2B2C;2025-02-08;5488
2L7HXA;2025-02-08;13261
119817XU1;2025-02-08;8935
9B6T1M;2025-02-08;5671
10V1G4T;2025-02-08;6934
6R9HXD;2025-02-08;3340
10W12MXM;2025-02-08;5332
9P3WXJ;2025-02-08;9957
1A10MXP;2025-02-07;15
4L5S1E;2025-02-07;2640
4L5S1E;2025-02-08;0
5F11B1P;2025-02-02;171
5F11B1P;2025-02-03;3072
5F11B1P;2025-02-04;5302
5F11B1P;2025-02-05;5891
5F11B1P;2025-02-06;8875
5F11B1P;2025-02-07;9568
5F11B1P;2025-02-08;7233
12C6B1D;2025-02-09;6925
12C8M2J;2025-02-09;5469
4C5PXH;2025-02-09;12728
11L5W1P;2025-02-09;14951
9P3WXJ;2025-02-09;2573
9B11R1G;2025-02-09;5311
1F9H2J;2025-02-09;5462
6F10L1F;2025-02-09;509
5F6GXO;2025-02-09;6227
1L3E1K;2025-02-09;9681
7O12A1M;2025-02-09;129
7C3E1I;2025-02-09;2544
2L1M1R;2025-02-09;2015
2F1S2P;2025-02-09;1373
1F3EXR;2025-02-09;1311
8B5V1C;2025-02-09;0
4L5S1E;2025-02-09;0
3B10M2A;2025-02-09;7997
6S5T1H;2025-02-09;12332
5U3B1R;2025-02-09;243
119817XU1;2025-02-09;1205
6M9B3S;2025-02-09;8067
1A10MXP;2025-02-09;0
8G2B2C;2025-02-09;3696
10W12MXM;2025-02-09;4714
2L7HXA;2025-02-09;13631
9F2AXJ;2025-02-08;6859
9F2AXJ;2025-02-09;3708
9B6T1M;2025-02-09;8878
4L5S1E;2025-02-09;0
9W2ZXI;2025-02-08;481
9W2ZXI;2025-02-09;80
5F11B1P;2025-02-09;1540
6R9HXD;2025-02-09;13203
7E5PXJ;2025-02-09;3310
6Z11P2C;2025-02-09;8242
4L5S1E;2025-02-09;0
10V1G4T;2025-02-09;5564
4K5D1A;2025-02-03;1517
4K5D1A;2025-02-04;5336
4K5D1A;2025-02-05;2770
4K5D1A;2025-02-06;2794
4K5D1A;2025-02-07;1096
4K5D1A;2025-02-08;6559
4K5D1A;2025-02-09;1657
119817XU1;2025-02-10;3303
9B11R1G;2025-02-10;16031
6F10L1F;2025-02-10;2126
12C6B1D;2025-02-10;4212
1F9H2J;2025-02-10;4366
2F1S2P;2025-02-10;2122
11L5W1P;2025-02-10;9675
8B5V1C;2025-02-10;0
1F3EXR;2025-02-10;2214
4L5S1E;2025-02-10;7090
9P3WXJ;2025-02-10;6362
10V1G4T;2025-02-10;4544
7O12A1M;2025-02-10;1057
10W12MXM;2025-02-10;5569
2L1M1R;2025-02-10;2552
1L3E1K;2025-02-10;1221
4C5PXH;2025-02-10;3641
7C3E1I;2025-02-10;6365
6S5T1H;2025-02-10;8768
4L5S1E;2025-02-10;9009
3B10M2A;2025-02-10;5223
4K5D1A;2025-02-10;1893
5U3B1R;2025-02-10;4802
9W2ZXI;2025-02-10;1106
6R9HXD;2025-02-10;8574
5F6GXO;2025-02-10;4563
6M9B3S;2025-02-10;1320
9B6T1M;2025-02-10;4503
3G8GXJ;2025-02-09;4623
3G8GXJ;2025-02-10;2972
8G2B2C;2025-02-10;5743
2L7HXA;2025-02-10;5040
5F11B1P;2025-02-10;2787
9F2AXJ;2025-02-10;6212
12C8M2J;2025-02-10;13412
6Z11P2C;2025-02-10;2590
7E5PXJ;2025-02-10;4757
2F1S2P;2025-02-11;3786
9B11R1G;2025-02-11;10233
11L5W1P;2025-02-11;5520
4L5S1E;2025-02-11;19
12C8M2J;2025-02-11;1431
12C6B1D;2025-02-11;6821
1F9H2J;2025-02-11;4137
2L1M1R;2025-02-11;2962
1F3EXR;2025-02-11;457
5U3B1R;2025-02-11;6120
4K5D1A;2025-02-11;6025
7C3E1I;2025-02-11;5820
4C5PXH;2025-02-11;743
6S5T1H;2025-02-11;6656
9P3WXJ;2025-02-11;9351
4L5S1E;2025-02-11;3721
3B10M2A;2025-02-11;1874
7O12A1M;2025-02-11;890
8B5V1C;2025-02-11;0
6Z11P2C;2025-02-11;5442
7E5PXJ;2025-02-11;7774
6R9HXD;2025-02-11;1475
9W2ZXI;2025-02-11;3745
6M9B3S;2025-02-11;3243
5F6GXO;2025-02-11;5083
119817XU1;2025-02-11;5812
9B6T1M;2025-02-11;4178
10V1G4T;2025-02-11;4356
2L7HXA;2025-02-11;4490
5F11B1P;2025-02-11;6854
8G2B2C;2025-02-11;6695
9F2AXJ;2025-02-11;4502
1L3E1K;2025-02-11;6354
10W12MXM;2025-02-11;7468
6F10L1F;2025-02-11;2103
1A10MXP;2025-02-11;0
2F1S2P;2025-02-12;3796
4K5D1A;2025-02-12;6457
1L3E1K;2025-02-12;2095
12C8M2J;2025-02-12;11715
9P3WXJ;2025-02-12;3675
9B11R1G;2025-02-12;17784
12C6B1D;2025-02-12;3790
8B5V1C;2025-02-12;0
1F9H2J;2025-02-12;3882
2L7HXA;2025-02-12;4371
4L5S1E;2025-02-12;6155
11L5W1P;2025-02-12;11743
2L1M1R;2025-02-12;3161
7O12A1M;2025-02-12;1632
5F6GXO;2025-02-12;4166
4L5S1E;2025-02-12;6886
10W12MXM;2025-02-12;5037
3B10M2A;2025-02-12;3711
6S5T1H;2025-02-12;5040
7C3E1I;2025-02-12;37
5F11B1P;2025-02-12;4959
7E5PXJ;2025-02-12;7010
8G2B2C;2025-02-12;5584
9B6T1M;2025-02-12;7117
6M9B3S;2025-02-12;4901
6F10L1F;2025-02-12;4746
119817XU1;2025-02-12;3020
6Z11P2C;2025-02-12;3089
6R9HXD;2025-02-12;3781
1F3EXR;2025-02-12;219
5U3B1R;2025-02-12;3862
10V1G4T;2025-02-12;11024
3G8GXJ;2025-02-11;15343
3G8GXJ;2025-02-12;2179
9F2AXJ;2025-02-12;3825
2F1S2P;2025-02-13;4215
4K5D1A;2025-02-13;7668
6F10L1F;2025-02-13;2549
12C6B1D;2025-02-13;7957
1L3E1K;2025-02-13;4606
12C8M2J;2025-02-13;5599
1F9H2J;2025-02-13;7497
11L5W1P;2025-02-13;8476
9B11R1G;2025-02-13;10248
4L5S1E;2025-02-13;0
10W12MXM;2025-02-13;7701
1F3EXR;2025-02-13;3387
6S5T1H;2025-02-13;7792
3B10M2A;2025-02-13;8790
7C3E1I;2025-02-13;0
2L1M1R;2025-02-13;2497
4L5S1E;2025-02-13;29
8B5V1C;2025-02-13;0
9P3WXJ;2025-02-13;4370
7O12A1M;2025-02-13;1411
9B6T1M;2025-02-13;6556
9F2AXJ;2025-02-13;1708
5F11B1P;2025-02-13;3831
5F6GXO;2025-02-13;6854
119817XU1;2025-02-13;2435
6F10L1F;2025-02-15;3914
6Z11P2C;2025-02-13;638
6M9B3S;2025-02-13;4980
5U3B1R;2025-02-13;5167
8G2B2C;2025-02-13;11096
6R9HXD;2025-02-13;4087
7E5PXJ;2025-02-13;6033
2L7HXA;2025-02-13;6461
9W2ZXI;2025-02-12;5982
9W2ZXI;2025-02-13;146
10V1G4T;2025-02-13;25465
3G8GXJ;2025-02-13;4014
4K5D1A;2025-02-14;6563
6F10L1F;2025-02-14;503
12C6B1D;2025-02-14;7663
11L5W1P;2025-02-14;9940
12C8M2J;2025-02-14;8858
1F3EXR;2025-02-14;2726
8G2B2C;2025-02-14;16260
10V1G4T;2025-02-14;27408
9B11R1G;2025-02-14;10039
4L5S1E;2025-02-14;5812
3B10M2A;2025-02-14;52
4L5S1E;2025-02-14;11534
8B5V1C;2025-02-14;0
1L3E1K;2025-02-14;2139
2L1M1R;2025-02-14;2605
6S5T1H;2025-02-14;11583
7C3E1I;2025-02-14;25
1F9H2J;2025-02-14;7247
9P3WXJ;2025-02-14;6737
5F11B1P;2025-02-14;5777
5U3B1R;2025-02-14;8697
9B6T1M;2025-02-14;8000
119817XU1;2025-02-14;3097
6M9B3S;2025-02-14;974
6Z11P2C;2025-02-14;2290
1A10MXP;2025-02-13;0
9W2ZXI;2025-02-14;490
5F6GXO;2025-02-14;12155
7O12A1M;2025-02-14;1436
6R9HXD;2025-02-14;4728
2L7HXA;2025-02-14;4657
3G8GXJ;2025-02-14;11457
12C6B1D;2025-02-15;9805
12C8M2J;2025-02-15;7915
11L5W1P;2025-02-15;11447
9B11R1G;2025-02-15;14390
4L5S1E;2025-02-15;28
5F6GXO;2025-02-15;8398
4C5PXH;2025-02-15;5164
7C3E1I;2025-02-15;2569
10V1G4T;2025-02-15;16298
3G8GXJ;2025-02-15;12745
1F3EXR;2025-02-15;968
4L5S1E;2025-02-15;5805
7O12A1M;2025-02-15;16
6S5T1H;2025-02-15;13677
3B10M2A;2025-02-15;6756
9P3WXJ;2025-02-15;2695
4K5D1A;2025-02-15;3946
2L7HXA;2025-02-15;6466
8G2B2C;2025-02-15;15214
9B6T1M;2025-02-15;9317
5F11B1P;2025-02-15;211
6M9B3S;2025-02-15;21249
119817XU1;2025-02-15;142
1F9H2J;2025-02-15;3996
10W12MXM;2025-02-14;4385
10W12MXM;2025-02-15;3684
6R9HXD;2025-02-15;8712
6Z11P2C;2025-02-15;1515
9W2ZXI;2025-02-15;947
1L3E1K;2025-02-15;450
5U3B1R;2025-02-15;4466
2L1M1R;2025-02-16;1726
12C6B1D;2025-02-16;15093
4K5D1A;2025-02-16;1163
12C8M2J;2025-02-16;635
11L5W1P;2025-02-16;4521
6F10L1F;2025-02-16;1277
9B11R1G;2025-02-16;11882
10W12MXM;2025-02-16;4140
4C5PXH;2025-02-16;8618
10V1G4T;2025-02-16;3983
1F9H2J;2025-02-16;1585
4L5S1E;2025-02-16;10417
1F3EXR;2025-02-16;1027
6S5T1H;2025-02-16;4107
7O12A1M;2025-02-16;644
7C3E1I;2025-02-16;0
3B10M2A;2025-02-16;15904
9P3WXJ;2025-02-16;2949
5U3B1R;2025-02-16;4385
9B6T1M;2025-02-16;3295
119817XU1;2025-02-16;1688
1A10MXP;2025-02-15;0
6M9B3S;2025-02-16;14509
8B5V1C;2025-02-16;0
5F6GXO;2025-02-16;2139
8G2B2C;2025-02-16;29642
1L3E1K;2025-02-16;4045
6Z11P2C;2025-02-16;11369
3G8GXJ;2025-02-16;4925
6R9HXD;2025-02-18;2268
2L7HXA;2025-02-16;6832
5F11B1P;2025-02-16;1921
9W2ZXI;2025-02-16;1117
4L5S1E;2025-02-16;0
6F10L1F;2025-02-17;2568
11L5W1P;2025-02-17;11067
7C3E1I;2025-02-17;7158
12C8M2J;2025-02-17;11153
9P3WXJ;2025-02-17;12401
4K5D1A;2025-02-17;3543
12C6B1D;2025-02-17;9697
9B11R1G;2025-02-17;7138
4L5S1E;2025-02-17;6493
8B5V1C;2025-02-17;0
10V1G4T;2025-02-17;3863
2L1M1R;2025-02-17;6772
3B10M2A;2025-02-17;8232
7O12A1M;2025-02-17;1665
4C5PXH;2025-02-17;6873
4L5S1E;2025-02-17;7384
6S5T1H;2025-02-17;5410
1F3EXR;2025-02-17;474
5U3B1R;2025-02-17;6069
119817XU1;2025-02-17;2820
9B6T1M;2025-02-17;5489
9W2ZXI;2025-02-17;754
6M9B3S;2025-02-17;2818
8G2B2C;2025-02-17;21257
5F6GXO;2025-02-17;5457
1L3E1K;2025-02-17;2197
10W12MXM;2025-02-17;2598
6Z11P2C;2025-02-17;1677
1F9H2J;2025-02-17;2244
5F11B1P;2025-02-17;2190
2L7HXA;2025-02-17;1277
6F10L1F;2025-02-18;2317
12C6B1D;2025-02-18;13094
12C8M2J;2025-02-18;5090
4K5D1A;2025-02-18;1848
11L5W1P;2025-02-18;5242
1F3EXR;2025-02-18;6279
1A10MXP;2025-02-17;0
5F6GXO;2025-02-18;5698
7C3E1I;2025-02-18;6
10V1G4T;2025-02-18;2801
2L1M1R;2025-02-18;8483
3B10M2A;2025-02-18;2228
6S5T1H;2025-02-18;3994
7O12A1M;2025-02-18;1213
4L5S1E;2025-02-18;388
9P3WXJ;2025-02-18;8684
9B11R1G;2025-02-18;6106
6Z11P2C;2025-02-18;4817
4C5PXH;2025-02-18;3994
9W2ZXI;2025-02-18;5341
5U3B1R;2025-02-18;5948
6M9B3S;2025-02-18;4665
1F9H2J;2025-02-18;2857
8G2B2C;2025-02-18;11641
4L5S1E;2025-02-18;0
9B6T1M;2025-02-18;5266
119817XU1;2025-02-18;4774
3M2B2K;2025-02-12;1493
3M2B2K;2025-02-13;4912
3M2B2K;2025-02-14;13084
3M2B2K;2025-02-15;6659
3M2B2K;2025-02-16;4663
3M2B2K;2025-02-17;4711
3M2B2K;2025-02-18;5326
5F11B1P;2025-02-18;6872
6R9HXD;2025-02-16;9725
6R9HXD;2025-02-17;3746
2L7HXA;2025-02-18;3530
10W12MXM;2025-02-18;2413
12C6B1D;2025-02-19;10868
6F10L1F;2025-02-19;4397
12C8M2J;2025-02-19;14654
9P3WXJ;2025-02-19;8579
5F6GXO;2025-03-01;7229
4K5D1A;2025-02-19;1514
11L5W1P;2025-02-19;7513
3M2B2K;2025-02-19;4846
5F6GXO;2025-02-19;5959
10V1G4T;2025-02-19;4282
7O12A1M;2025-02-19;697
8B5V1C;2025-02-19;0
2L1M1R;2025-02-19;10010
6S5T1H;2025-02-19;8196
10W12MXM;2025-02-19;2719
4C5PXH;2025-02-19;3756
3B10M2A;2025-02-19;4063
4L5S1E;2025-02-19;8272
7C3E1I;2025-02-19;0
9B11R1G;2025-02-19;11473
9W2ZXI;2025-02-19;6244
6M9B3S;2025-02-19;5036
4L5S1E;2025-02-19;6556
9B6T1M;2025-02-19;8009
1F9H2J;2025-02-19;3847
119817XU1;2025-02-19;2249
2L7HXA;2025-02-19;6110
6R9HXD;2025-02-19;3991
5U3B1R;2025-02-19;7393
8G2B2C;2025-02-19;6911
6Z11P2C;2025-02-19;3007
1F3EXR;2025-02-19;7449
5F11B1P;2025-02-19;2723
3G8GXJ;2025-02-17;9059
3G8GXJ;2025-02-18;4598
3G8GXJ;2025-02-19;4753
12C6B1D;2025-02-20;13366
11L5W1P;2025-02-20;5341
6F10L1F;2025-02-20;2423
12C8M2J;2025-02-20;4505
3M2B2K;2025-02-20;3070
5U3B1R;2025-02-20;2715
9B11R1G;2025-02-20;9650
4K5D1A;2025-02-20;2280
7O12A1M;2025-02-20;899
6S5T1H;2025-02-20;13452
7C3E1I;2025-02-20;8468
10W12MXM;2025-02-20;12633
2L1M1R;2025-02-20;7332
4L5S1E;2025-02-20;6751
8B5V1C;2025-02-20;0
3B10M2A;2025-02-20;8566
1F9H2J;2025-02-20;5429
5F6GXO;2025-02-20;6529
9P3WXJ;2025-02-20;2726
3B10M2A;2025-02-22;10294
8G2B2C;2025-02-20;111
4L5S1E;2025-02-20;6803
119817XU1;2025-02-20;3074
6M9B3S;2025-02-20;8051
10V1G4T;2025-02-20;10173
9B6T1M;2025-02-20;4666
6Z11P2C;2025-02-20;2293
3G8GXJ;2025-02-20;8356
5F11B1P;2025-02-20;6900
9W2ZXI;2025-02-20;2623
1F9H2J;2025-02-21;3141
6F10L1F;2025-02-21;5574
12C8M2J;2025-02-21;6000
12C6B1D;2025-02-21;9740
11L5W1P;2025-02-21;7104
4L5S1E;2025-02-21;0
9B11R1G;2025-02-21;11386
5U3B1R;2025-02-21;7610
10V1G4T;2025-02-21;7399
8G2B2C;2025-02-21;5473
4K5D1A;2025-02-21;2117
6S5T1H;2025-02-21;8478
7C3E1I;2025-02-21;1603
7E5PXJ;2025-02-15;4113
7E5PXJ;2025-02-16;3104
7E5PXJ;2025-02-17;5914
7E5PXJ;2025-02-18;8796
7E5PXJ;2025-02-19;10634
7E5PXJ;2025-02-20;5390
7E5PXJ;2025-02-21;6399
4L5S1E;2025-02-21;7987
2L1M1R;2025-02-21;7470
3B10M2A;2025-02-21;9256
7O12A1M;2025-02-21;1976
1A10MXP;2025-02-20;0
3M2B2K;2025-02-21;6855
9P3WXJ;2025-02-21;9452
9B6T1M;2025-02-21;5136
3G8GXJ;2025-02-21;6833
1L3E1K;2025-02-18;5046
1L3E1K;2025-02-19;1955
1L3E1K;2025-02-20;5827
1L3E1K;2025-02-21;2552
6M9B3S;2025-02-21;18590
2L7HXA;2025-02-20;5297
2L7HXA;2025-02-21;1414
9W2ZXI;2025-02-21;1791
6R9HXD;2025-02-20;7853
6R9HXD;2025-02-21;1657
5F11B1P;2025-02-21;6889
119817XU1;2025-02-21;2412
6Z11P2C;2025-02-21;9412
5F6GXO;2025-02-21;5413
11L5W1P;2025-02-22;10842
4K5D1A;2025-02-22;3808
1F9H2J;2025-02-22;9734
12C6B1D;2025-02-22;17435
9B11R1G;2025-02-22;14763
4L5S1E;2025-02-22;0
12C8M2J;2025-02-22;16438
4L5S1E;2025-02-22;11899
6S5T1H;2025-02-22;9227
7C3E1I;2025-02-22;3830
7O12A1M;2025-02-22;5977
8G2B2C;2025-02-22;13422
2L1M1R;2025-02-22;6936
4C5PXH;2025-02-22;1096
10V1G4T;2025-02-22;8830
6F10L1F;2025-02-22;1257
1L3E1K;2025-02-22;2237
9B6T1M;2025-02-22;2544
6R9HXD;2025-02-22;4912
5U3B1R;2025-02-22;5108
2L7HXA;2025-02-22;12724
9P3WXJ;2025-02-22;9648
6Z11P2C;2025-02-22;12358
5F6GXO;2025-02-22;6897
10W12MXM;2025-02-21;7841
10W12MXM;2025-02-22;600
6M9B3S;2025-02-22;12154
119817XU1;2025-02-22;2561
9W2ZXI;2025-02-22;3914
5F11B1P;2025-02-22;2912
3G8GXJ;2025-02-22;16326
12C8M2J;2025-02-23;7764
6F10L1F;2025-02-23;1239
12C6B1D;2025-02-23;8575
11L5W1P;2025-02-23;5783
4K5D1A;2025-02-23;6386
4L5S1E;2025-02-23;0
4L5S1E;2025-02-23;3283
5F6GXO;2025-02-23;1164
2L1M1R;2025-02-23;7037
10V1G4T;2025-02-23;5347
4C5PXH;2025-02-23;7050
7C3E1I;2025-02-23;6
7O12A1M;2025-02-23;2754
6S5T1H;2025-02-23;223
9P3WXJ;2025-02-23;2818
9B11R1G;2025-02-23;12942
3B10M2A;2025-02-23;830
8B5V1C;2025-02-23;0
9B6T1M;2025-02-23;2437
1L3E1K;2025-02-23;3321
6R9HXD;2025-02-23;10619
8G2B2C;2025-02-23;8400
119817XU1;2025-02-23;3010
6M9B3S;2025-02-23;6146
2L7HXA;2025-02-23;10448
5U3B1R;2025-02-23;5503
6Z11P2C;2025-02-23;13704
3M2B2K;2025-02-22;5965
3M2B2K;2025-02-23;4843
10W12MXM;2025-02-23;2240
3G8GXJ;2025-02-23;2234
7E5PXJ;2025-02-22;5095
7E5PXJ;2025-02-23;1615
5F11B1P;2025-02-23;9488
1A10MXP;2025-02-22;0
1G3GXM;2025-02-17;5331
1G3GXM;2025-02-18;10426
1G3GXM;2025-02-19;4433
1G3GXM;2025-02-20;7866
1G3GXM;2025-02-21;6523
1G3GXM;2025-02-22;11691
1G3GXM;2025-02-23;5472
12C8M2J;2025-02-24;11496
1L3E1K;2025-02-24;5639
11L5W1P;2025-02-24;8946
3M2B2K;2025-02-24;9135
2L7HXA;2025-02-24;3883
12C6B1D;2025-02-24;7795
4K5D1A;2025-02-24;2420
4L5S1E;2025-02-24;5155
6R9HXD;2025-02-24;8764
7C3E1I;2025-02-24;0
4L5S1E;2025-02-24;7945
6S5T1H;2025-02-24;7498
10W12MXM;2025-02-24;4516
2L1M1R;2025-02-24;4408
4C5PXH;2025-02-24;3374
7O12A1M;2025-02-24;4322
9P3WXJ;2025-02-24;4553
9B11R1G;2025-02-24;6426
3B10M2A;2025-02-24;10696
6F10L1F;2025-02-24;2788
10V1G4T;2025-02-24;6782
8B5V1C;2025-02-24;0
9W2ZXI;2025-02-23;698
9W2ZXI;2025-02-24;1879
119817XU1;2025-02-24;3399
9B6T1M;2025-02-24;4257
6M9B3S;2025-02-24;2480
5F6GXO;2025-02-24;5840
3G8GXJ;2025-02-24;5418
8G2B2C;2025-02-24;6474
1G3GXM;2025-02-24;4843
5U3B1R;2025-02-24;2113
6Z11P2C;2025-02-24;1835
7E5PXJ;2025-02-24;3397
5F11B1P;2025-02-24;4901
6F10L1F;2025-02-25;620
4K5D1A;2025-02-25;4115
12C6B1D;2025-02-25;6088
12C8M2J;2025-02-25;6865
1G3GXM;2025-02-25;8136
7E5PXJ;2025-02-25;7344
2L7HXA;2025-02-25;3884
6R9HXD;2025-02-25;9230
3M2B2K;2025-02-25;3904
1L3E1K;2025-02-25;6365
4L5S1E;2025-02-25;24
4C5PXH;2025-02-25;4611
2L1M1R;2025-02-25;4433
7C3E1I;2025-02-25;4518
4L5S1E;2025-02-25;4006
6S5T1H;2025-02-25;6767
7O12A1M;2025-02-25;3327
9P3WXJ;2025-02-25;7567
11L5W1P;2025-02-25;5890
3B10M2A;2025-02-25;4940
9B11R1G;2025-02-25;8460
9W2ZXI;2025-02-25;5155
8B5V1C;2025-02-25;0
119817XU1;2025-02-25;4058
5F6GXO;2025-02-25;5321
3G8GXJ;2025-02-25;7496
10V1G4T;2025-02-25;5550
8G2B2C;2025-02-25;3670
9B6T1M;2025-02-25;5684
9L2RXF;2025-02-19;11177
5F6GXO;2025-02-26;6762
9L2RXF;2025-02-20;5682
9L2RXF;2025-02-25;6279
9L2RXF;2025-02-21;2718
6M9B3S;2025-02-25;6663
9L2RXF;2025-02-22;6047
9L2RXF;2025-02-23;3464
12C6B1D;2025-02-26;4020
9L2RXF;2025-02-24;6783
5U3B1R;2025-02-25;3069
6Z11P2C;2025-02-25;2453
10W12MXM;2025-02-25;2574
5F11B1P;2025-02-25;3564
4K5D1A;2025-02-26;4360
6F10L1F;2025-02-26;2482
3M2B2K;2025-02-26;3800
12C8M2J;2025-02-26;12807
7E5PXJ;2025-02-26;4913
9B11R1G;2025-02-26;11286
1G3GXM;2025-02-26;1236
1L3E1K;2025-02-26;2278
11L5W1P;2025-02-26;2683
2L7HXA;2025-02-26;4241
4L5S1E;2025-02-26;8233
7O12A1M;2025-02-26;3672
7C3E1I;2025-02-26;5004
3B10M2A;2025-02-26;5068
11Z11DXG;2025-02-26;6914
10V1G4T;2025-02-26;5727
4L5S1E;2025-02-26;7156
2L1M1R;2025-02-26;3285
4C5PXH;2025-02-26;9175
6S5T1H;2025-02-26;8401
9P3WXJ;2025-02-26;5922
9B6T1M;2025-02-26;4670
9L2RXF;2025-02-26;1545
1A10MXP;2025-02-25;0
8B5V1C;2025-02-26;0
119817XU1;2025-02-26;1586
6M9B3S;2025-02-26;5970
6R9HXD;2025-02-26;1110
10F11M1A;2025-02-26;962
8G2B2C;2025-02-26;6035
5U3B1R;2025-02-26;1582
6Z11P2C;2025-02-26;3481
10W12MXM;2025-02-26;3907
9W2ZXI;2025-02-26;4983
5F11B1P;2025-02-26;4056
9P3WXJ;2025-02-27;6605
6F10L1F;2025-02-27;1016
11L5W1P;2025-02-27;1273
12C8M2J;2025-02-27;6250
12C6B1D;2025-02-27;8908
9L2RXF;2025-02-27;3916
7E5PXJ;2025-02-27;14809
7C3E1I;2025-02-27;6105
3M2B2K;2025-02-27;5719
4L5S1E;2025-02-27;4849
10V1G4T;2025-02-27;7569
3B10M2A;2025-02-27;8492
10F11M1A;2025-02-27;9983
2L1M1R;2025-02-27;4782
6S5T1H;2025-02-27;5153
4L5S1E;2025-02-27;5203
7O12A1M;2025-02-27;4775
9B11R1G;2025-02-27;8808
11Z11DXG;2025-02-27;5678
4K5D1A;2025-02-27;3177
8B5V1C;2025-02-27;0
5F6GXO;2025-02-27;3744
119817XU1;2025-02-27;1619
9B6T1M;2025-02-27;6567
5U3B1R;2025-02-27;3925
6R9HXD;2025-02-27;5044
9F2AXJ;2025-02-21;4979
9F2AXJ;2025-02-22;4029
9F2AXJ;2025-02-23;3550
9F2AXJ;2025-02-24;3636
9F2AXJ;2025-02-25;6796
9F2AXJ;2025-02-26;4703
9F2AXJ;2025-02-27;2198
8G2B2C;2025-02-27;8642
1G3GXM;2025-02-27;13044
9W2ZXI;2025-02-27;3129
10W12MXM;2025-02-27;7153
6Z11P2C;2025-02-27;12340
1A10MXP;2025-02-27;0
2L7HXA;2025-02-27;2973
6M9B3S;2025-02-27;4555
5F11B1P;2025-02-27;5141
3G8GXJ;2025-02-26;9227
3G8GXJ;2025-02-27;9182
3M2B2K;2025-02-28;2862
6F10L1F;2025-02-28;5302
12C8M2J;2025-02-28;5177
12C6B1D;2025-02-28;8732
4L5S1E;2025-02-28;11718
2L7HXA;2025-02-28;2732
9B11R1G;2025-02-28;8241
11L5W1P;2025-02-28;3968
1G3GXM;2025-02-28;7691
2L1M1R;2025-02-28;2293
8B5V1C;2025-02-28;0
8G2B2C;2025-02-28;4000
9L2RXF;2025-02-28;7503
7O12A1M;2025-02-28;3988
3B10M2A;2025-02-28;8567
11Z11DXG;2025-02-28;5439
10W12MXM;2025-02-28;5255
10F11M1A;2025-02-28;14182
7C3E1I;2025-02-28;2770
10V1G4T;2025-02-28;8236
6S5T1H;2025-02-28;12063
4C5PXH;2025-02-28;10707
9P3WXJ;2025-02-28;2168
4K5D1A;2025-02-28;2521
9B6T1M;2025-02-28;6878
5U3B1R;2025-02-28;5664
5F6GXO;2025-02-28;4781
9F2AXJ;2025-02-28;5954
6M9B3S;2025-02-28;3165
9W2ZXI;2025-02-28;2715
119817XU1;2025-02-28;1944
6R9HXD;2025-02-28;15125
6Z11P2C;2025-02-28;6378
3G8GXJ;2025-02-28;5260
5F11B1P;2025-02-28;5907
6F10L1F;2025-03-01;1617
11L5W1P;2025-03-01;10010
12C6B1D;2025-03-01;9149
9P3WXJ;2025-03-01;9097
4K5D1A;2025-03-01;3646
8G2B2C;2025-03-01;22122
3B10M2A;2025-03-01;5886
2L7HXA;2025-03-01;12420
4C5PXH;2025-03-01;4676
2L1M1R;2025-03-01;1912
10F11M1A;2025-03-01;7690
12C8M2J;2025-03-01;17824
4L5S1E;2025-03-01;15602
11Z11DXG;2025-03-01;5560
7O12A1M;2025-03-01;0
9L2RXF;2025-03-01;1657
7C3E1I;2025-03-01;1616
6S5T1H;2025-03-01;4299
5U3B1R;2025-03-01;9642
1A10MXP;2025-03-01;0
9B6T1M;2025-03-01;4955
8B5V1C;2025-03-01;0
119817XU1;2025-03-01;1551
3M2B2K;2025-03-01;6034
10V1G4T;2025-03-01;3190
6M9B3S;2025-03-01;3898
9B11R1G;2025-03-01;9001
6Z11P2C;2025-03-01;6531
9W2ZXI;2025-03-01;2548
6R9HXD;2025-03-01;15625
9F2AXJ;2025-03-01;8083
5F11B1P;2025-03-01;1016
6F10L1F;2025-03-02;478
12C8M2J;2025-03-02;11103
12C6B1D;2025-03-02;8828
1G3GXM;2025-03-02;1753
9B11R1G;2025-03-02;8611
9B6T1M;2025-03-02;3122
11Z11DXG;2025-03-02;6224
10F11M1A;2025-03-02;10934
11L5W1P;2025-03-02;3511
7C3E1I;2025-03-02;0
9P3WXJ;2025-03-02;5925
7O12A1M;2025-03-02;2617
6S5T1H;2025-03-02;841
9L2RXF;2025-03-02;5959
2L1M1R;2025-03-02;2919
4C5PXH;2025-03-02;1638
4L5S1E;2025-03-02;4617
3B10M2A;2025-03-02;5290
2L7HXA;2025-03-02;11517
7E5PXJ;2025-03-04;3295
5U3B1R;2025-03-02;5048
6M9B3S;2025-03-02;14733
10V1G4T;2025-03-02;1347
5F6GXO;2025-03-02;1894
119817XU1;2025-03-02;1129
4L5S1E;2025-02-28;0
4L5S1E;2025-03-01;0
4L5S1E;2025-03-02;0
3M2B2K;2025-03-02;4383
4K5D1A;2025-03-02;5697
6Z11P2C;2025-03-02;6604
9W2ZXI;2025-03-02;6136
6R9HXD;2025-03-02;7824
8G2B2C;2025-03-02;1050
3G8GXJ;2025-03-02;9649
10W12MXM;2025-03-01;4848
10W12MXM;2025-03-02;2177
5F11B1P;2025-03-02;293
12C8M2J;2025-03-03;1388
12C6B1D;2025-03-03;7992
4C5PXH;2025-03-03;994
9B11R1G;2025-03-03;13234
4L5S1E;2025-03-03;3205
1G3GXM;2025-03-03;6066
2L1M1R;2025-03-03;5462
4K5D1A;2025-03-03;5971
11L5W1P;2025-03-03;11824
10F11M1A;2025-03-03;5820
4L5S1E;2025-03-03;8560
7C3E1I;2025-03-03;2559
11Z11DXG;2025-03-03;8364
6F10L1F;2025-03-03;2105
7O12A1M;2025-03-03;3282
9P3WXJ;2025-03-03;3716
9W2ZXI;2025-03-03;2989
3B10M2A;2025-03-03;8778
9B6T1M;2025-03-03;8251
119817XU1;2025-03-03;2655
9L2RXF;2025-03-03;2679
6M9B3S;2025-03-03;6135
8B5V1C;2025-03-03;0
5U3B1R;2025-03-03;7671
10W12MXM;2025-03-03;2215
9F2AXJ;2025-03-02;1548
9F2AXJ;2025-03-03;954
5F6GXO;2025-03-03;5056
10V1G4T;2025-03-03;6674
2L7HXA;2025-03-03;9133
1L3E1K;2025-02-27;10408
1L3E1K;2025-02-28;7104
6S5T1H;2025-03-05;0
1L3E1K;2025-03-01;14954
12C6B1D;2025-03-05;8789
1L3E1K;2025-03-02;4679
12C8M2J;2025-03-05;14052
1L3E1K;2025-03-03;755
6Z11P2C;2025-03-03;3954
3G8GXJ;2025-03-03;6697
3M2B2K;2025-03-03;7711
6R9HXD;2025-03-03;3086
8G2B2C;2025-03-03;84
12C6B1D;2025-03-04;1770
12C8M2J;2025-03-04;4369
1G3GXM;2025-03-04;9328
6F10L1F;2025-03-04;1565
10F11M1A;2025-03-04;8170
9B11R1G;2025-03-04;11818
4L5S1E;2025-03-04;911
1L3E1K;2025-03-04;6170
9F2AXJ;2025-03-04;8392
10V1G4T;2025-03-04;8408
7C3E1I;2025-03-04;4856
4L5S1E;2025-03-04;4708
7O12A1M;2025-03-04;3004
11Z11DXG;2025-03-04;5480
9P3WXJ;2025-03-04;3916
3B10M2A;2025-03-04;5429
2L1M1R;2025-03-04;4025
9W2ZXI;2025-03-04;6293
1L3E1K;2025-03-05;365
9L2RXF;2025-03-04;1514
119817XU1;2025-03-04;1998
5F11B1P;2025-03-03;3077
5F11B1P;2025-03-04;5360
6M9B3S;2025-03-04;3882
4K5D1A;2025-03-04;2154
3G8GXJ;2025-03-04;7855
8B5V1C;2025-03-04;0
5F6GXO;2025-03-04;6064
9B6T1M;2025-03-04;3883
8G2B2C;2025-03-04;6156
2L7HXA;2025-03-04;6378
10W12MXM;2025-03-04;6478
6Z11P2C;2025-03-04;3781
1G3GXM;2025-03-05;1055
5U3B1R;2025-03-04;6056
11L5W1P;2025-03-04;5692
1A10MXP;2025-03-04;0
3M2B2K;2025-03-04;7187
7E5PXJ;2025-02-28;8303
7E5PXJ;2025-03-01;3059
7E5PXJ;2025-03-02;7702
7E5PXJ;2025-03-03;7460
2L1M1R;2025-03-05;3689
4L5S1E;2025-03-05;5636
5F6GXO;2025-03-05;7105
7O12A1M;2025-03-05;2730
11L5W1P;2025-03-05;4204
7C3E1I;2025-03-05;5304
11Z11DXG;2025-03-05;4822
10W12MXM;2025-03-05;6840
4C5PXH;2025-03-05;4245
4L5S1E;2025-03-05;5350
10F11M1A;2025-03-05;6697
9F2AXJ;2025-03-05;2617
9P3WXJ;2025-03-05;14867
3B10M2A;2025-03-05;4341
9B11R1G;2025-03-05;6945
9L2RXF;2025-03-05;7544
4K5D1A;2025-03-05;4687
6F10L1F;2025-03-05;411
6M9B3S;2025-03-05;3908
5U3B1R;2025-03-05;3840
5F11B1P;2025-03-05;7422
9B6T1M;2025-03-05;4230
119817XU1;2025-03-05;2494
7E5PXJ;2025-03-05;1921
6Z11P2C;2025-03-05;4955
8B5V1C;2025-03-05;0
10V1G4T;2025-03-05;7620
6R9HXD;2025-03-04;3912
6R9HXD;2025-03-05;4110
9W2ZXI;2025-03-05;8101
8G2B2C;2025-03-05;7124
3M2B2K;2025-03-05;3708
3G8GXJ;2025-03-05;9815
2L7HXA;2025-03-05;2595
6F10L1F;2025-03-06;5557
1L3E1K;2025-03-06;2646
12C8M2J;2025-03-06;3676
12C6B1D;2025-03-06;6129
9L2RXF;2025-03-06;10320
9B11R1G;2025-03-06;9105
1G3GXM;2025-03-06;13761
9B6T1M;2025-03-06;8233
4L5S1E;2025-03-06;6296
7C3E1I;2025-03-06;7291
4L5S1E;2025-03-06;5629
4C5PXH;2025-03-06;5752
2L1M1R;2025-03-06;5987
11L5W1P;2025-03-06;6006
10F11M1A;2025-03-06;8543
7O12A1M;2025-03-06;1635
9P3WXJ;2025-03-06;10143
11Z11DXG;2025-03-06;11977
3B10M2A;2025-03-06;11933
9F2AXJ;2025-03-06;5915
119817XU1;2025-03-06;4126
5F6GXO;2025-03-06;5697
6M9B3S;2025-03-06;2506
3G8GXJ;2025-03-06;5039
5F11B1P;2025-03-06;5444
2L7HXA;2025-03-06;1769
4K5D1A;2025-03-06;6007
10V1G4T;2025-03-06;6661
10W12MXM;2025-03-06;7640
6R9HXD;2025-03-06;8207
3M2B2K;2025-03-06;3277
6R9HXD;2025-03-08;1209
5U3B1R;2025-03-06;5611
6Z11P2C;2025-03-06;675
8G2B2C;2025-03-06;11615
1A10MXP;2025-03-05;0
6F10L1F;2025-03-07;5052
12C8M2J;2025-03-07;9104
6M9B3S;2025-03-07;5364
9B11R1G;2025-03-07;1397
4L5S1E;2025-03-07;0
1G3GXM;2025-03-07;15684
1L3E1K;2025-03-07;3109
11L5W1P;2025-03-07;3927
12C6B1D;2025-03-07;10266
4C5PXH;2025-03-07;7542
7C3E1I;2025-03-07;0
2L1M1R;2025-03-07;5080
10F11M1A;2025-03-07;3827
3B10M2A;2025-03-07;1679
10V1G4T;2025-03-07;7986
4L5S1E;2025-03-07;17021
7O12A1M;2025-03-07;1542
9P3WXJ;2025-03-07;6413
8B5V1C;2025-03-07;0
6Z11P2C;2025-03-07;7474
11Z11DXG;2025-03-07;6682
8G2B2C;2025-03-07;68
2L7HXA;2025-03-07;5215
5F11B1P;2025-03-07;5586
9L2RXF;2025-03-07;5726
119817XU1;2025-03-07;2934
5U3B1R;2025-03-07;7136
4K5D1A;2025-03-07;7008
9B6T1M;2025-03-07;7288
3M2B2K;2025-03-07;6856
10W12MXM;2025-03-07;10688
9F2AXJ;2025-03-07;5108
5F6GXO;2025-03-07;4499
9W2ZXI;2025-03-06;4089
9W2ZXI;2025-03-07;2560
6R9HXD;2025-03-07;4161
1G3GXM;2025-03-08;5408
8B5V1C;2025-03-08;0
2L7HXA;2025-03-08;9774
8G2B2C;2025-03-08;11502
12C8M2J;2025-03-08;17417
6F10L1F;2025-03-08;3049
9B11R1G;2025-03-08;7521
11L5W1P;2025-03-08;11024
4L5S1E;2025-03-08;0
4K5D1A;2025-03-08;5968
4L5S1E;2025-03-08;11047
12C6B1D;2025-03-08;18154
11Z11DXG;2025-03-08;9959
10F11M1A;2025-03-08;12298
7C3E1I;2025-03-08;1540
2L1M1R;2025-03-08;8375
4C5PXH;2025-03-08;709
7O12A1M;2025-03-08;3405
9L2RXF;2025-03-08;10170
9P3WXJ;2025-03-08;3699
6M9B3S;2025-03-08;15485
9F2AXJ;2025-03-08;13631
119817XU1;2025-03-08;4351
9B6T1M;2025-03-08;12031
3B10M2A;2025-03-08;3028
3G8GXJ;2025-03-07;23781
3G8GXJ;2025-03-08;16083
6Z11P2C;2025-03-08;4033
5F6GXO;2025-03-08;2855
5U3B1R;2025-03-08;7349
10V1G4T;2025-03-08;5234
1L3E1K;2025-03-08;7571
3M2B2K;2025-03-08;9262
1G3GXM;2025-03-09;4634
6M9B3S;2025-03-09;4842
6F10L1F;2025-03-09;260
12C8M2J;2025-03-09;10499
7C3E1I;2025-03-09;7
9B11R1G;2025-03-09;8532
9L2RXF;2025-03-09;183
11L5W1P;2025-03-09;20764
10F11M1A;2025-03-09;8288
4L5S1E;2025-03-09;6613
10V1G4T;2025-03-09;2742
7O12A1M;2025-03-09;61
11Z11DXG;2025-03-09;1543
12C6B1D;2025-03-09;18519
2L1M1R;2025-03-09;9273
9P3WXJ;2025-03-09;2257
3B10M2A;2025-03-09;41
1A10MXP;2025-03-08;3423
9F2AXJ;2025-03-09;12399
3G8GXJ;2025-03-09;15288
8G2B2C;2025-03-09;11200
9B6T1M;2025-03-09;8453
5U3B1R;2025-03-09;8518
5F6GXO;2025-03-09;2581
2L7HXA;2025-03-09;4844
3M2B2K;2025-03-09;6260
119817XU1;2025-03-09;3597
4L5S1E;2025-03-09;0
1L3E1K;2025-03-09;4553
9W2ZXI;2025-03-08;3919
9W2ZXI;2025-03-09;4336
6Z11P2C;2025-03-09;4705
4K5D1A;2025-03-09;11221
10W12MXM;2025-03-08;9307
10W12MXM;2025-03-09;2077
6R9HXD;2025-03-09;3403
1G3GXM;2025-03-10;2829
12C8M2J;2025-03-10;11673
6F10L1F;2025-03-10;1654
1L3E1K;2025-03-10;275
8B5V1C;2025-03-10;0
9B6T1M;2025-03-10;7630
11Z11DXG;2025-03-10;9911
4L5S1E;2025-03-10;0
9B11R1G;2025-03-10;7044
12C6B1D;2025-03-10;19625
11L5W1P;2025-03-10;19614
2L1M1R;2025-03-10;4947
7C3E1I;2025-03-10;0
6S5T1H;2025-03-10;0
4L5S1E;2025-03-10;14256
4C5PXH;2025-03-10;1775
10F11M1A;2025-03-10;7714
7O12A1M;2025-03-10;296
9P3WXJ;2025-03-10;3952
3B10M2A;2025-03-10;5981
9F2AXJ;2025-03-10;6129
119817XU1;2025-03-10;5301
4K5D1A;2025-03-12;166
5U3B1R;2025-03-10;5091
9W2ZXI;2025-03-10;2243
9L2RXF;2025-03-10;2632
4K5D1A;2025-03-10;2259
6M9B3S;2025-03-10;6364
10V1G4T;2025-03-10;7034
10W12MXM;2025-03-10;5030
6R9HXD;2025-03-10;4663
2L7HXA;2025-03-10;5882
1A10MXP;2025-03-10;0
3M2B2K;2025-03-10;5455
8G2B2C;2025-03-10;9753
6Z11P2C;2025-03-10;6546
5F6GXO;2025-03-10;6764
12C8M2J;2025-03-11;12794
9L2RXF;2025-03-11;2622
9B11R1G;2025-03-11;9883
12C6B1D;2025-03-11;11782
7C3E1I;2025-03-11;5476
1L3E1K;2025-03-11;4949
6F10L1F;2025-03-11;5935
10F11M1A;2025-03-11;3804
7O12A1M;2025-03-11;2336
11Z11DXG;2025-03-11;5636
11L5W1P;2025-03-11;8478
4L5S1E;2025-03-11;11761
10V1G4T;2025-03-11;9888
4C5PXH;2025-03-11;5655
9P3WXJ;2025-03-11;5489
3B10M2A;2025-03-11;6139
2L1M1R;2025-03-11;3921
9W2ZXI;2025-03-11;5656
8B5V1C;2025-03-11;0
119817XU1;2025-03-11;2020
6M9B3S;2025-03-11;4883
5F6GXO;2025-03-11;5625
8G2B2C;2025-03-11;7129
9B6T1M;2025-03-11;5617
4L5S1E;2025-03-11;0
2L7HXA;2025-03-11;5871
10W12MXM;2025-03-11;6086
6Z11P2C;2025-03-11;1170
9F2AXJ;2025-03-11;7155
5U3B1R;2025-03-11;5616
3M2B2K;2025-03-11;7238
6R9HXD;2025-03-11;3806
7E5PXJ;2025-03-06;4262
7E5PXJ;2025-03-07;4363
7E5PXJ;2025-03-08;5271
7E5PXJ;2025-03-09;2298
7E5PXJ;2025-03-10;7795
7E5PXJ;2025-03-11;6054
9L2RXF;2025-03-12;4093
6F10L1F;2025-03-12;430
119817XU1;2025-03-12;1455
12C6B1D;2025-03-12;6756
12C8M2J;2025-03-12;11428
9B11R1G;2025-03-12;7237
6M9B3S;2025-03-12;37
1L3E1K;2025-03-12;4319
4L5S1E;2025-03-12;5313
5F6GXO;2025-03-12;6046
4C5PXH;2025-03-12;4926
7C3E1I;2025-03-12;5195
10W12MXM;2025-03-12;5589
7O12A1M;2025-03-12;1867
10V1G4T;2025-03-12;4229
2L1M1R;2025-03-12;3237
4L5S1E;2025-03-12;6480
3B10M2A;2025-03-12;1905
11Z11DXG;2025-03-12;10392
10F11M1A;2025-03-12;5441
9P3WXJ;2025-03-12;11103
11L5W1P;2025-03-12;5076
1A10MXP;2025-03-12;0
9W2ZXI;2025-03-12;5495
4K5D1A;2025-03-11;5435
3M2B2K;2025-03-12;2721
5U3B1R;2025-03-12;5788
3G8GXJ;2025-03-10;7758
3G8GXJ;2025-03-11;6229
3G8GXJ;2025-03-12;4926
8G2B2C;2025-03-12;6212
9B6T1M;2025-03-12;7313
2L7HXA;2025-03-12;5668
6R9HXD;2025-03-12;2976
7E5PXJ;2025-03-12;9052
6Z11P2C;2025-03-12;1561
9F2AXJ;2025-03-12;5030
1L3E1K;2025-03-13;6946
12C8M2J;2025-03-13;4845
9B11R1G;2025-03-13;7073
12C6B1D;2025-03-13;6584
9L2RXF;2025-03-13;7284
9B6T1M;2025-03-13;5586
9F2AXJ;2025-03-13;4272
11L5W1P;2025-03-13;6423
10F11M1A;2025-03-13;9633
6M9B3S;2025-03-13;40
7O12A1M;2025-03-13;3105
4L5S1E;2025-03-13;6849
4C5PXH;2025-03-13;0
7C3E1I;2025-03-13;5582
5F6GXO;2025-03-13;5285
2L1M1R;2025-03-13;5313
3B10M2A;2025-03-13;13255
11Z11DXG;2025-03-13;2006
4K5D1A;2025-03-13;5376
9P3WXJ;2025-03-13;10799
119817XU1;2025-03-13;1909
2L7HXA;2025-03-13;4263
4L5S1E;2025-03-13;4031
1A10MXP;2025-03-13;0
6Z11P2C;2025-03-13;1711
10W12MXM;2025-03-13;10336
8G2B2C;2025-03-13;3014
6R9HXD;2025-03-13;4721
3M2B2K;2025-03-13;1469
9W2ZXI;2025-03-13;4539
3G8GXJ;2025-03-13;9677
6F10L1F;2025-03-13;8431
10V1G4T;2025-03-13;2845
12C8M2J;2025-03-14;3719
9L2RXF;2025-03-14;2424
9B11R1G;2025-03-14;8233
7C3E1I;2025-03-14;1655
10F11M1A;2025-03-14;10189
8B5V1C;2025-03-14;0
4L5S1E;2025-03-14;2662
10V1G4T;2025-03-14;3503
7O12A1M;2025-03-14;3262
11Z11DXG;2025-03-14;5353
12C6B1D;2025-03-14;6814
2L1M1R;2025-03-14;4194
9P3WXJ;2025-03-14;1929
6F10L1F;2025-03-14;866
6Z11P2C;2025-03-14;4211
119817XU1;2025-03-14;4505
9W2ZXI;2025-03-14;652
4K5D1A;2025-03-14;4907
11L5W1P;2025-03-14;1898
2L7HXA;2025-03-14;5111
9F2AXJ;2025-03-14;13975
8G2B2C;2025-03-14;3013
9B6T1M;2025-03-14;6324
6R9HXD;2025-03-14;4975
3B10M2A;2025-03-14;5807
5F6GXO;2025-03-14;11778
3G8GXJ;2025-03-14;5337
10W12MXM;2025-03-14;7863
1L3E1K;2025-03-14;258
12C8M2J;2025-03-15;12158
119817XU1;2025-03-15;3315
12C6B1D;2025-03-15;10118
9B11R1G;2025-03-15;10730
7O12A1M;2025-03-15;389
9F2AXJ;2025-03-15;7721
4C5PXH;2025-03-15;9215
7C3E1I;2025-03-15;1288
11Z11DXG;2025-03-15;4363
4L5S1E;2025-03-15;4470
6F10L1F;2025-03-15;3643
9L2RXF;2025-03-15;3747
1L3E1K;2025-03-15;4058
3B10M2A;2025-03-15;7848
11L5W1P;2025-03-16;6881
5F6GXO;2025-03-15;10631
9P3WXJ;2025-03-15;6290
2L7HXA;2025-03-15;4835
2L1M1R;2025-03-15;4426
8B5V1C;2025-03-15;0
10F11M1A;2025-03-15;9137
8G2B2C;2025-03-15;12710
10V1G4T;2025-03-15;4078
9B6T1M;2025-03-15;5917
9W2ZXI;2025-03-15;4114
6Z11P2C;2025-03-15;3066
6M9B3S;2025-03-14;3359
6M9B3S;2025-03-15;61
3G8GXJ;2025-03-15;3910
11L5W1P;2025-03-15;10069
4K5D1A;2025-03-15;4404
10W12MXM;2025-03-15;2175
9B11R1G;2025-03-16;2738
12C8M2J;2025-03-16;6802
12C6B1D;2025-03-16;6654
10F11M1A;2025-03-16;8175
3B10M2A;2025-03-16;1006
4C5PXH;2025-03-16;14512
11Z11DXG;2025-03-16;999
7O12A1M;2025-03-16;2011
7C3E1I;2025-03-16;0
6F10L1F;2025-03-16;250
2L1M1R;2025-03-16;7660
10V1G4T;2025-03-16;1819
4L5S1E;2025-03-16;1469
9P3WXJ;2025-03-16;3350
9F2AXJ;2025-03-16;8926
9L2RXF;2025-03-16;2784
1A10MXP;2025-03-15;0
119817XU1;2025-03-16;441
1L3E1K;2025-03-16;410
5F6GXO;2025-03-16;4385
5U3B1R;2025-03-13;5284
8G2B2C;2025-03-16;11993
9B6T1M;2025-03-16;3649
6M9B3S;2025-03-16;6188
6R9HXD;2025-03-15;9406
6R9HXD;2025-03-16;1559
3G8GXJ;2025-03-16;7828
6Z11P2C;2025-03-16;1874
2L7HXA;2025-03-16;11531
9W2ZXI;2025-03-16;728
5U3B1R;2025-03-14;221
5U3B1R;2025-03-15;1991
5U3B1R;2025-03-16;129
10W12MXM;2025-03-16;7668
12C8M2J;2025-03-17;15194
9B11R1G;2025-03-17;6946
12C6B1D;2025-03-17;2143
6F10L1F;2025-03-17;2249
9B6T1M;2025-03-17;5610
4C5PXH;2025-03-17;4247
4L5S1E;2025-03-17;6618
7C3E1I;2025-03-17;0
2L1M1R;2025-03-17;4298
10F11M1A;2025-03-17;6787
7O12A1M;2025-03-17;726
1L3E1K;2025-03-17;5822
11Z11DXG;2025-03-17;9079
9P3WXJ;2025-03-17;11479
3B10M2A;2025-03-17;8318
119817XU1;2025-03-17;3319
9W2ZXI;2025-03-17;249
9F2AXJ;2025-03-17;8708
9L2RXF;2025-03-17;6966
11L5W1P;2025-03-17;13741
6M9B3S;2025-03-17;7583
10V1G4T;2025-03-17;1957
5F6GXO;2025-03-17;5405
6R9HXD;2025-03-17;9433
8B5V1C;2025-03-17;0
5U3B1R;2025-03-17;7062
8G2B2C;2025-03-17;5373
2L7HXA;2025-03-17;6391
6Z11P2C;2025-03-17;4035
10W12MXM;2025-03-17;3671
3G8GXJ;2025-03-17;14287
3M2B2K;2025-03-14;2197
3M2B2K;2025-03-15;3478
3M2B2K;2025-03-16;3521
3M2B2K;2025-03-17;3721
4K5D1A;2025-03-16;1173
4K5D1A;2025-03-17;3235
6F10L1F;2025-03-18;1793
12C8M2J;2025-03-18;13441
12C6B1D;2025-03-18;5399
10F11M1A;2025-03-18;7911
9B11R1G;2025-03-18;6649
11Z11DXG;2025-03-18;5260
4K5D1A;2025-03-18;838
5F6GXO;2025-03-18;5127
8B5V1C;2025-03-18;0
10V1G4T;2025-03-18;9024
4L5S1E;2025-03-18;8224
7O12A1M;2025-03-18;1781
9B6T1M;2025-03-18;9403
9P3WXJ;2025-03-18;18509
1A10MXP;2025-03-17;0
2L1M1R;2025-03-18;3585
3B10M2A;2025-03-18;3594
11L5W1P;2025-03-18;4642
119817XU1;2025-03-18;2814
9W2ZXI;2025-03-18;7896
2L7HXA;2025-03-18;6503
7C3E1I;2025-03-18;4497
6M9B3S;2025-03-18;7604
3G8GXJ;2025-03-18;11535
6R9HXD;2025-03-18;3652
8G2B2C;2025-03-18;8384
6Z11P2C;2025-03-18;1624
3M2B2K;2025-03-18;3641
10W12MXM;2025-03-18;2841
9L2RXF;2025-03-18;345
5U3B1R;2025-03-18;5466
9F2AXJ;2025-03-18;4904
6F10L1F;2025-03-19;423
119817XU1;2025-03-19;1436
12C8M2J;2025-03-19;9897
12C6B1D;2025-03-19;6652
9B11R1G;2025-03-19;7613
4L5S1E;2025-03-19;5995
10W12MXM;2025-03-19;7666
11Z11DXG;2025-03-19;8342
2L1M1R;2025-03-19;4838
10F11M1A;2025-03-19;5414
7C3E1I;2025-03-19;4232
1L3E1K;2025-03-18;5854
1L3E1K;2025-03-19;1466
9B6T1M;2025-03-19;10213
3B10M2A;2025-03-19;10082
8B5V1C;2025-03-19;0
4K5D1A;2025-03-19;3274
9P3WXJ;2025-03-19;20025
6R9HXD;2025-03-19;4235
6M9B3S;2025-03-19;6731
5F6GXO;2025-03-19;3430
2L7HXA;2025-03-19;4409
5U3B1R;2025-03-19;15398
3M2B2K;2025-03-19;3130
10V1G4T;2025-03-19;7636
9L2RXF;2025-03-19;8138
11L5W1P;2025-03-19;18765
9W2ZXI;2025-03-19;5272
3G8GXJ;2025-03-19;5313
6Z11P2C;2025-03-19;3759
9F2AXJ;2025-03-19;5312
8G2B2C;2025-03-19;6546
12C8M2J;2025-03-20;8541
6F10L1F;2025-03-20;7086
9B11R1G;2025-03-20;7755
12C6B1D;2025-03-20;11581
9L2RXF;2025-03-20;2134
4L5S1E;2025-03-20;7788
11L5W1P;2025-03-20;12085
10V1G4T;2025-03-20;10121
10F11M1A;2025-03-20;4908
8B5V1C;2025-03-20;0
4C5PXH;2025-03-20;5338
5F6GXO;2025-03-20;4722
7C3E1I;2025-03-20;8125
11Z11DXG;2025-03-20;6102
2L1M1R;2025-03-20;4306
9P3WXJ;2025-03-20;5161
9F2AXJ;2025-03-20;2582
3B10M2A;2025-03-20;15086
119817XU1;2025-03-20;1417
6M9B3S;2025-03-20;5939
1L3E1K;2025-03-20;5091
6R9HXD;2025-03-20;7888
4K5D1A;2025-03-20;1548
9B6T1M;2025-03-20;5929
5U3B1R;2025-03-20;6853
3G8GXJ;2025-03-20;11626
6Z11P2C;2025-03-20;1067
8G2B2C;2025-03-20;30
2L7HXA;2025-03-20;5998
9W2ZXI;2025-03-20;1120
1A10MXP;2025-03-19;0
10W12MXM;2025-03-20;7687
3M2B2K;2025-03-20;5701
12C8M2J;2025-03-21;5633
6F10L1F;2025-03-21;85
119817XU1;2025-03-21;1347
1L3E1K;2025-03-21;9393
12C6B1D;2025-03-21;6522
4C5PXH;2025-03-21;3172
5U3B1R;2025-03-21;10502
3G8GXJ;2025-03-21;13211
2L1M1R;2025-03-21;2037
6R9HXD;2025-03-21;7845
2L7HXA;2025-03-21;5221
6Z11P2C;2025-03-21;921
3B10M2A;2025-03-21;90
11Z11DXG;2025-03-21;6213
9P3WXJ;2025-03-21;9865
4L5S1E;2025-03-21;4775
7C3E1I;2025-03-21;2690
10V1G4T;2025-03-21;2299
11L5W1P;2025-03-21;10860
10F11M1A;2025-03-21;15170
9B11R1G;2025-03-21;4168
4K5D1A;2025-03-21;5644
9B6T1M;2025-03-21;3203
9L2RXF;2025-03-21;9891
3M2B2K;2025-03-21;6778
8B5V1C;2025-03-21;0
6M9B3S;2025-03-21;9302
8G2B2C;2025-03-21;1735
5F6GXO;2025-03-21;3837
9W2ZXI;2025-03-21;1346
10W12MXM;2025-03-21;5951
4L5S1E;2025-03-22;7690
12C8M2J;2025-03-22;7165
6F10L1F;2025-03-22;4208
12C6B1D;2025-03-22;10139
5U3B1R;2025-03-22;12456
11Z11DXG;2025-03-22;11488
7C3E1I;2025-03-22;1352
10F11M1A;2025-03-22;11854
6S5T1H;2025-03-22;0
2L1M1R;2025-03-22;4559
10W12MXM;2025-03-22;4587
4C5PXH;2025-03-22;6564
10V1G4T;2025-03-22;3117
9B11R1G;2025-03-22;11676
3B10M2A;2025-03-22;6811
9P3WXJ;2025-03-22;7933
8G2B2C;2025-03-22;21744
6M9B3S;2025-03-22;4490
9L2RXF;2025-03-22;7754
119817XU1;2025-03-22;1395
11L5W1P;2025-03-22;21661
9W2ZXI;2025-03-22;1120
2L7HXA;2025-03-22;6452
9B6T1M;2025-03-22;5088
5F6GXO;2025-03-22;6866
6R9HXD;2025-03-22;16846
4K5D1A;2025-03-22;8678
6Z11P2C;2025-03-22;9739
3M2B2K;2025-03-22;8909
3G8GXJ;2025-03-22;14792
1L3E1K;2025-03-22;2226
12C8M2J;2025-03-23;4339
6F10L1F;2025-03-23;104
12C6B1D;2025-03-23;10048
6M9B3S;2025-03-23;16124
4C5PXH;2025-03-23;18146
9B11R1G;2025-03-23;6352
6F10L1F;2025-05-05;1719
10F11M1A;2025-03-23;9610
10W12MXM;2025-03-23;11640
3B10M2A;2025-03-23;7526
6Z11P2C;2025-03-23;1805
4L5S1E;2025-03-23;5504
8B5V1C;2025-03-23;0
2L1M1R;2025-03-23;7395
7C3E1I;2025-03-23;6
3M2B2K;2025-03-23;5781
1A10MXP;2025-03-22;0
11Z11DXG;2025-03-23;2536
9P3WXJ;2025-03-23;1719
8G2B2C;2025-03-23;12157
5F6GXO;2025-03-23;2704
119817XU1;2025-03-23;2748
2L7HXA;2025-03-23;10266
11L5W1P;2025-03-23;8542
9W2ZXI;2025-03-23;1901
3G8GXJ;2025-03-23;4364
4L5S1E;2025-03-25;1918
9L2RXF;2025-03-23;6514
10V1G4T;2025-03-23;1366
4K5D1A;2025-03-23;3667
9B6T1M;2025-03-23;3816
6R9HXD;2025-03-23;3240
9F2AXJ;2025-03-21;3485
9F2AXJ;2025-03-22;14690
9F2AXJ;2025-03-23;8328
9B11R1G;2025-03-24;7108
12C8M2J;2025-03-24;11623
6F10L1F;2025-03-24;2699
12C6B1D;2025-03-24;6951
9L2RXF;2025-03-24;2280
2L1M1R;2025-03-24;1520
8B5V1C;2025-03-24;0
10F11M1A;2025-03-24;6697
3B10M2A;2025-03-24;9377
4C5PXH;2025-03-24;6087
5F6GXO;2025-03-24;9619
7C3E1I;2025-03-24;4056
4L5S1E;2025-03-24;5230
11Z11DXG;2025-03-24;8682
9P3WXJ;2025-03-24;19255
4K5D1A;2025-03-24;1870
8G2B2C;2025-03-24;5227
6M9B3S;2025-03-24;8852
9B6T1M;2025-03-24;6082
9F2AXJ;2025-03-24;4961
1L3E1K;2025-03-23;1417
1L3E1K;2025-03-24;1259
11L5W1P;2025-03-24;12020
6R9HXD;2025-03-24;3632
6Z11P2C;2025-03-24;1606
2L7HXA;2025-03-24;2987
3M2B2K;2025-03-24;3052
3G8GXJ;2025-03-24;7041
10V1G4T;2025-03-24;1041
10W12MXM;2025-03-24;3154
119817XU1;2025-03-24;295
12C8M2J;2025-03-25;6212
12C6B1D;2025-03-25;5780
6F10L1F;2025-03-25;1845
11L5W1P;2025-03-25;12433
11Z11DXG;2025-03-25;5301
2L1M1R;2025-03-25;1217
4C5PXH;2025-03-25;4861
7C3E1I;2025-03-25;2338
9B11R1G;2025-03-25;7058
9P3WXJ;2025-03-25;7239
3M2B2K;2025-03-25;4957
3B10M2A;2025-03-25;9643
9W2ZXI;2025-03-24;2603
9W2ZXI;2025-03-25;284
9L2RXF;2025-03-25;10456
10F11M1A;2025-03-25;5680
6M9B3S;2025-03-25;1342
4K5D1A;2025-03-25;4585
9B6T1M;2025-03-25;6220
8G2B2C;2025-03-25;4360
2L7HXA;2025-03-25;7719
10W12MXM;2025-03-25;2971
5U3B1R;2025-03-24;9698
5U3B1R;2025-03-25;6180
10V1G4T;2025-03-25;1903
6Z11P2C;2025-03-25;2536
6R9HXD;2025-03-25;7438
9F2AXJ;2025-03-25;6007
3G8GXJ;2025-03-25;9746
1G3GXM;2025-03-19;4176
1G3GXM;2025-03-20;6338
1G3GXM;2025-03-21;2679
1G3GXM;2025-03-22;4585
1G3GXM;2025-03-23;7576
1G3GXM;2025-03-24;3150
1G3GXM;2025-03-25;6449
5F6GXO;2025-03-25;5309
119817XU1;2025-03-25;32
9B11R1G;2025-03-26;9628
6F10L1F;2025-03-26;1043
12C8M2J;2025-03-26;7136
11L5W1P;2025-03-26;8244
4C5PXH;2025-03-26;3840
2L1M1R;2025-03-26;1590
4L5S1E;2025-03-26;7407
7C3E1I;2025-03-26;6686
11Z11DXG;2025-03-26;6734
12C6B1D;2025-03-26;5476
10F11M1A;2025-03-26;8433
9P3WXJ;2025-03-26;7458
9B6T1M;2025-03-26;7730
1A10MXP;2025-03-24;0
3B10M2A;2025-03-26;7284
6M9B3S;2025-03-26;3745
3M2B2K;2025-03-26;8726
5F6GXO;2025-03-26;1650
6R9HXD;2025-03-26;3442
8G2B2C;2025-03-26;9079
2L7HXA;2025-03-26;4759
1L3E1K;2025-03-25;6213
1L3E1K;2025-03-26;510
6Z11P2C;2025-03-26;925
9F2AXJ;2025-03-26;1812
10V1G4T;2025-03-26;2866
3G8GXJ;2025-03-26;4331
4K5D1A;2025-03-26;975
9W2ZXI;2025-03-26;6332
10W12MXM;2025-03-26;4232
119817XU1;2025-03-26;1086
4L5S1E;2025-03-20;0
4L5S1E;2025-03-21;0
4L5S1E;2025-03-22;0
4L5S1E;2025-03-23;0
4L5S1E;2025-03-24;0
4L5S1E;2025-03-25;0
4L5S1E;2025-03-26;0
12C8M2J;2025-03-27;5403
6F10L1F;2025-03-27;3089
9B11R1G;2025-03-27;10082
12C6B1D;2025-03-27;4219
10F11M1A;2025-03-27;4338
7C3E1I;2025-03-27;30
10V1G4T;2025-03-27;2821
11Z11DXG;2025-03-27;4879
4C5PXH;2025-03-27;0
4L5S1E;2025-03-27;5547
2L1M1R;2025-03-27;2863
11L5W1P;2025-03-27;4579
3B10M2A;2025-03-27;4830
5F6GXO;2025-03-27;5848
9P3WXJ;2025-03-27;11201
1A10MXP;2025-03-27;0
6M9B3S;2025-03-27;1716
9F2AXJ;2025-03-27;3910
9W2ZXI;2025-03-27;2623
4L5S1E;2025-03-28;11108
4K5D1A;2025-03-27;1124
10W12MXM;2025-03-27;4068
9B6T1M;2025-03-27;5607
1L3E1K;2025-03-27;10321
119817XU1;2025-03-27;5832
8G2B2C;2025-03-27;6056
2L7HXA;2025-03-27;7516
3G8GXJ;2025-03-27;7517
6Z11P2C;2025-03-27;2010
5U3B1R;2025-03-21;10512
5U3B1R;2025-03-22;12460
5U3B1R;2025-03-23;4942
5U3B1R;2025-03-26;8064
5U3B1R;2025-03-27;5528
4L5S1E;2025-03-27;0
6R9HXD;2025-03-27;5500
9L2RXF;2025-03-26;3198
9L2RXF;2025-03-27;6669
3M2B2K;2025-03-27;3940
12C8M2J;2025-03-28;5759
12C6B1D;2025-03-28;9664
9L2RXF;2025-03-28;7342
11L5W1P;2025-03-28;1252
2L7HXA;2025-03-28;7949
5U3B1R;2025-03-28;6263
6M9B3S;2025-03-28;13345
10F11M1A;2025-03-28;16779
2L1M1R;2025-03-28;3223
4C5PXH;2025-03-28;6612
6F10L1F;2025-03-28;3962
7C3E1I;2025-03-28;4675
10V1G4T;2025-03-28;7551
9P3WXJ;2025-03-28;16655
8B5V1C;2025-03-28;0
3B10M2A;2025-03-28;12581
9B11R1G;2025-03-28;7042
11Z11DXG;2025-03-28;8148
119817XU1;2025-03-28;2461
9F2AXJ;2025-03-28;5784
3G8GXJ;2025-03-28;8238
6R9HXD;2025-03-28;3491
6Z11P2C;2025-03-28;2887
9B6T1M;2025-03-28;5052
3M2B2K;2025-03-28;4668
4K5D1A;2025-03-28;812
8G2B2C;2025-03-28;7696
10W12MXM;2025-03-28;6577
1L3E1K;2025-03-28;2552
5F6GXO;2025-03-28;3980
12C8M2J;2025-03-29;13347
12C6B1D;2025-03-29;8793
5U3B1R;2025-03-29;4066
2L7HXA;2025-03-29;7505
9B11R1G;2025-03-29;5824
6F10L1F;2025-03-29;4446
4C5PXH;2025-03-29;3361
10V1G4T;2025-03-29;9341
11L5W1P;2025-03-29;10557
6M9B3S;2025-03-29;4144
8G2B2C;2025-03-29;9275
9L2RXF;2025-03-29;2174
4L5S1E;2025-03-29;4171
11Z11DXG;2025-03-29;5983
2L1M1R;2025-03-29;7480
7C3E1I;2025-03-29;8406
10F11M1A;2025-03-29;12378
9P3WXJ;2025-03-29;2627
4K5D1A;2025-03-29;4381
8B5V1C;2025-03-29;0
3B10M2A;2025-03-29;7166
9B6T1M;2025-03-29;1598
3M2B2K;2025-03-29;6364
119817XU1;2025-03-29;5146
6R9HXD;2025-03-29;10012
9F2AXJ;2025-03-29;7854
5F6GXO;2025-03-29;995
9W2ZXI;2025-03-28;6887
9W2ZXI;2025-03-29;187
3G8GXJ;2025-03-29;25484
6Z11P2C;2025-03-29;2282
10W12MXM;2025-03-29;4375
12C8M2J;2025-03-30;4858
6F10L1F;2025-03-30;2813
12C6B1D;2025-03-30;8624
9L2RXF;2025-03-30;4868
9B11R1G;2025-03-30;9580
2L7HXA;2025-03-30;7753
11Z11DXG;2025-03-30;5992
8B5V1C;2025-03-30;0
3B10M2A;2025-03-30;1958
4L5S1E;2025-03-30;6609
2L1M1R;2025-03-30;5269
7C3E1I;2025-03-30;4231
9P3WXJ;2025-03-30;3202
11L5W1P;2025-03-30;10818
9B6T1M;2025-03-30;6529
6M9B3S;2025-03-30;13309
9F2AXJ;2025-03-30;3118
10F11M1A;2025-03-30;6579
119817XU1;2025-03-30;1045
5U3B1R;2025-03-30;8391
4K5D1A;2025-03-30;5104
5F6GXO;2025-03-30;3986
10V1G4T;2025-03-30;10601
8G2B2C;2025-03-30;12320
6R9HXD;2025-03-30;1148
6Z11P2C;2025-03-30;8444
3G8GXJ;2025-03-30;7960
2G7GXM;2025-03-24;12002
2G7GXM;2025-03-25;9902
2G7GXM;2025-03-26;8867
2G7GXM;2025-03-27;12536
2G7GXM;2025-03-28;11253
2G7GXM;2025-03-29;8864
2G7GXM;2025-03-30;9413
3M2B2K;2025-03-30;10937
6M9B3S;2025-03-31;16102
9B11R1G;2025-03-31;8439
12C6B1D;2025-03-31;964
12C8M2J;2025-03-31;12176
11Z11DXG;2025-03-31;7639
10F11M1A;2025-03-31;7252
11L5W1P;2025-03-31;22109
8B5V1C;2025-03-31;0
5F6GXO;2025-03-31;5862
2L1M1R;2025-03-31;4958
1L3E1K;2025-03-29;2599
1L3E1K;2025-03-30;2256
1L3E1K;2025-03-31;1323
10V1G4T;2025-03-31;6880
4L5S1E;2025-03-31;7110
7C3E1I;2025-03-31;9545
9P3WXJ;2025-03-31;17294
3B10M2A;2025-03-31;8356
5U3B1R;2025-03-31;5642
119817XU1;2025-03-31;5230
2G7GXM;2025-03-31;9743
9F2AXJ;2025-03-31;8621
6F10L1F;2025-03-31;2392
9B6T1M;2025-03-31;5722
2L7HXA;2025-03-31;4454
3M2B2K;2025-03-31;3849
8G2B2C;2025-03-31;5941
9W2ZXI;2025-03-30;677
9W2ZXI;2025-03-31;2115
3G8GXJ;2025-03-31;8367
6Z11P2C;2025-03-31;1574
4K5D1A;2025-03-31;4293
10W12MXM;2025-03-30;3017
10W12MXM;2025-03-31;551
6R9HXD;2025-03-31;4705
12C8M2J;2025-04-01;4992
12C6B1D;2025-04-01;7071
9B11R1G;2025-04-01;4583
6F10L1F;2025-04-01;4116
9B6T1M;2025-04-01;8074
10F11M1A;2025-04-01;3579
6B10M2M;2025-04-01;2799
1L3E1K;2025-04-01;5930
4L5S1E;2025-04-01;2931
2L1M1R;2025-04-01;4845
11L5W1P;2025-04-01;5311
7C3E1I;2025-04-01;5779
9P3WXJ;2025-04-01;7616
11Z11DXG;2025-04-01;6199
3B10M2A;2025-04-01;2912
2G7GXM;2025-04-01;9041
6Z11P2C;2025-04-01;3510
5F6GXO;2025-04-01;7527
119817XU1;2025-04-01;2806
6M9B3S;2025-04-01;3771
8B5V1C;2025-04-01;0
6R9HXD;2025-04-01;5613
2L7HXA;2025-04-01;9228
8G2B2C;2025-04-01;6024
10V1G4T;2025-04-01;7127
4K5D1A;2025-04-01;1583
10W12MXM;2025-04-01;3298
5U3B1R;2025-04-01;5584
9F2AXJ;2025-04-01;7297
3M2B2K;2025-04-01;5909
6F10L1F;2025-04-02;2673
12C8M2J;2025-04-02;6791
12C6B1D;2025-04-02;7016
1L3E1K;2025-04-02;522
2L1M1R;2025-04-02;4435
9B11R1G;2025-04-02;7545
10V1G4T;2025-04-02;5892
11Z11DXG;2025-04-02;8714
4C5PXH;2025-04-02;5160
10F11M1A;2025-04-02;6054
4L5S1E;2025-04-02;7099
5F6GXO;2025-04-02;6172
7C3E1I;2025-04-02;5520
6B10M2M;2025-04-02;3875
9P3WXJ;2025-04-02;10930
3B10M2A;2025-04-02;4422
2G7GXM;2025-04-02;8624
6Z11P2C;2025-04-02;8276
6Z11P2C;2025-04-05;6667
11L5W1P;2025-04-02;14250
5U3B1R;2025-04-02;4499
119817XU1;2025-04-02;858
6M9B3S;2025-04-02;4433
9B6T1M;2025-04-02;9050
10W12MXM;2025-04-02;7911
8G2B2C;2025-04-02;7036
6R9HXD;2025-04-02;5508
2L7HXA;2025-04-02;5237
4K5D1A;2025-04-02;2705
9F2AXJ;2025-04-02;6157
3G8GXJ;2025-04-01;14137
3G8GXJ;2025-04-02;6568
3M2B2K;2025-04-02;4957
6F10L1F;2025-04-03;8372
12C8M2J;2025-04-03;5623
12C6B1D;2025-04-03;5456
1L3E1K;2025-04-03;8824
9F2AXJ;2025-04-03;4724
3B10M2A;2025-04-03;13831
10F11M1A;2025-04-03;5398
10W12MXM;2025-04-03;8713
2L1M1R;2025-04-03;6037
4L5S1E;2025-04-03;9330
11L5W1P;2025-04-03;8152
11Z11DXG;2025-04-03;7765
7C3E1I;2025-04-03;6571
6B10M2M;2025-04-03;6224
4C5PXH;2025-04-03;3628
9P3WXJ;2025-04-03;12743
6S5T1H;2025-04-03;0
9B11R1G;2025-04-03;8376
8B5V1C;2025-04-03;0
2G7GXM;2025-04-03;8843
6M9B3S;2025-04-03;3949
119817XU1;2025-04-03;1120
5F6GXO;2025-04-03;5403
2L7HXA;2025-04-03;4500
6Z11P2C;2025-04-03;6035
9B6T1M;2025-04-03;5415
10V1G4T;2025-04-03;6315
5U3B1R;2025-04-03;5802
3M2B2K;2025-04-03;4684
6R9HXD;2025-04-03;7520
3G8GXJ;2025-04-03;11860
4K5D1A;2025-04-03;2249
8G2B2C;2025-04-03;8222
12C8M2J;2025-04-04;3669
9B11R1G;2025-04-04;2181
10F11M1A;2025-04-04;14910
8G2B2C;2025-04-04;1637
11L5W1P;2025-04-04;3055
9B6T1M;2025-04-04;6331
11Z11DXG;2025-04-04;3754
12C6B1D;2025-04-04;7790
2L1M1R;2025-04-04;10471
10V1G4T;2025-04-04;7744
7C3E1I;2025-04-04;4806
4L5S1E;2025-04-04;669
6B10M2M;2025-04-04;6590
9P3WXJ;2025-04-04;18360
6Z11P2C;2025-04-04;3766
4C5PXH;2025-04-04;8903
119817XU1;2025-04-04;3996
2G7GXM;2025-04-04;10258
3G8GXJ;2025-04-04;3323
6R9HXD;2025-04-04;3257
10W12MXM;2025-04-04;9309
5F6GXO;2025-04-04;4551
2L7HXA;2025-04-04;5008
3B10M2A;2025-04-04;4294
5U3B1R;2025-04-04;11378
4K5D1A;2025-04-04;4228
6M9B3S;2025-04-04;13330
6F10L1F;2025-04-04;4972
9F2AXJ;2025-04-04;12702
3M2B2K;2025-04-04;4478
1L3E1K;2025-04-04;2525
9B11R1G;2025-04-05;15194
12C6B1D;2025-04-05;13265
12C8M2J;2025-04-05;11257
3M2B2K;2025-04-05;5315
10F11M1A;2025-04-05;12089
2G7GXM;2025-04-05;8898
10W12MXM;2025-04-05;5488
7C3E1I;2025-04-05;2314
4C5PXH;2025-04-05;3064
8B5V1C;2025-04-05;0
2L1M1R;2025-04-05;6881
4L5S1E;2025-04-05;2087
11Z11DXG;2025-04-05;7576
11L5W1P;2025-04-05;28343
9L2RXF;2025-03-31;1416
9L2RXF;2025-04-01;1871
9L2RXF;2025-04-02;8404
9L2RXF;2025-04-03;7640
9L2RXF;2025-04-04;2390
9L2RXF;2025-04-05;6598
9P3WXJ;2025-04-05;3475
6B10M2M;2025-04-05;9319
4K5D1A;2025-04-05;12430
2L7HXA;2025-04-05;17720
6F10L1F;2025-04-05;10651
4C5PXH;2025-04-06;37305
5U3B1R;2025-04-05;17972
8G2B2C;2025-04-05;19196
6M9B3S;2025-04-05;6224
10V1G4T;2025-04-05;11940
3B10M2A;2025-04-05;4758
9F2AXJ;2025-04-05;11383
3G8GXJ;2025-04-05;5785
1L3E1K;2025-04-05;3045
5F6GXO;2025-04-05;2168
12C8M2J;2025-04-06;3519
12C6B1D;2025-04-06;8395
6F10L1F;2025-04-06;811
3M2B2K;2025-04-06;3211
2L1M1R;2025-04-06;3119
6B10M2M;2025-04-06;3421
4L5S1E;2025-04-06;18677
1L3E1K;2025-04-06;1337
10F11M1A;2025-04-06;8895
3B10M2A;2025-04-06;6151
9B11R1G;2025-04-06;5088
11Z11DXG;2025-04-06;9948
7C3E1I;2025-04-06;6284
9P3WXJ;2025-04-06;11741
11L5W1P;2025-04-06;12081
5U3B1R;2025-04-06;5258
4K5D1A;2025-04-06;6800
5F6GXO;2025-04-06;1918
8G2B2C;2025-04-06;12015
119817XU1;2025-04-05;6537
119817XU1;2025-04-06;74
10V1G4T;2025-04-06;3197
6M9B3S;2025-04-06;6268
9B6T1M;2025-04-05;6326
9B6T1M;2025-04-06;5271
6R9HXD;2025-04-05;4988
6R9HXD;2025-04-06;85
2L7HXA;2025-04-06;33025
2G7GXM;2025-04-06;11411
1G3GXM;2025-03-31;7125
1G3GXM;2025-04-01;10735
5U3B1R;2025-04-09;5629
1G3GXM;2025-04-02;11623
9F2AXJ;2025-04-09;3543
1G3GXM;2025-04-03;7297
12C8M2J;2025-04-09;11196
1G3GXM;2025-04-04;3235
4K5D1A;2025-04-09;1536
1G3GXM;2025-04-05;5735
119817XU1;2025-04-09;2284
1G3GXM;2025-04-06;5827
3G8GXJ;2025-04-06;4354
9F2AXJ;2025-04-06;2402
10W12MXM;2025-04-06;3083
12C8M2J;2025-04-07;7520
9B11R1G;2025-04-07;10389
3M2B2K;2025-04-07;4430
12C6B1D;2025-04-07;1494
1G3GXM;2025-04-07;10137
2L7HXA;2025-04-07;1724
8B5V1C;2025-04-07;19
6F10L1F;2025-04-07;2466
7C3E1I;2025-04-07;8577
6B10M2M;2025-04-07;2449
11Z11DXG;2025-04-07;9905
11L5W1P;2025-04-07;7692
4L5S1E;2025-04-07;3913
10F11M1A;2025-04-07;4287
2L1M1R;2025-04-07;4924
9P3WXJ;2025-04-07;15538
4K5D1A;2025-04-07;2692
9F2AXJ;2025-04-07;2997
5U3B1R;2025-04-07;6245
5F6GXO;2025-04-07;9400
119817XU1;2025-04-07;3960
9B6T1M;2025-04-07;7541
6M9B3S;2025-04-07;8270
2G7GXM;2025-04-07;7331
6R9HXD;2025-04-07;3727
8G2B2C;2025-04-07;9550
10V1G4T;2025-04-07;6834
10W12MXM;2025-04-07;1208
3G8GXJ;2025-04-07;2808
9L2RXF;2025-04-06;9116
9L2RXF;2025-04-07;146
12C8M2J;2025-04-08;6909
6F10L1F;2025-04-08;455
9B11R1G;2025-04-08;8783
1G3GXM;2025-04-08;7008
2L7HXA;2025-04-08;2183
6B10M2M;2025-04-08;9655
10F11M1A;2025-04-08;4729
9P3WXJ;2025-04-08;14955
2L1M1R;2025-04-08;4885
4L5S1E;2025-04-08;3602
11Z11DXG;2025-04-08;4032
7C3E1I;2025-04-08;6304
12C6B1D;2025-04-08;6360
2G7GXM;2025-04-08;10919
5U3B1R;2025-04-08;5472
5F6GXO;2025-04-08;9315
119817XU1;2025-04-08;2057
10W12MXM;2025-04-08;2655
3M2B2K;2025-04-08;4233
10V1G4T;2025-04-08;7237
8G2B2C;2025-04-08;4458
3G8GXJ;2025-04-08;21129
11L5W1P;2025-04-08;5519
9F2AXJ;2025-04-08;6537
6Z11P2C;2025-04-06;433
6Z11P2C;2025-04-07;3977
6Z11P2C;2025-04-08;2046
9L2RXF;2025-04-08;177
9B6T1M;2025-04-08;6253
4K5D1A;2025-04-08;5839
6M9B3S;2025-04-08;4372
1G3GXM;2025-04-09;8082
2G7GXM;2025-04-09;8715
2L7HXA;2025-04-09;2929
6F10L1F;2025-04-09;479
9B11R1G;2025-04-09;6650
2L1M1R;2025-04-09;3572
7C3E1I;2025-04-09;5956
4L5S1E;2025-04-09;4701
11L5W1P;2025-04-09;13810
11Z11DXG;2025-04-09;6437
12C6B1D;2025-04-09;5148
10W12MXM;2025-04-09;8487
9P3WXJ;2025-04-09;12464
10F11M1A;2025-04-09;8703
4C5PXH;2025-04-09;0
6B10M2M;2025-04-09;6387
5F6GXO;2025-04-09;5776
9B6T1M;2025-04-09;6282
8G2B2C;2025-04-09;6702
3G8GXJ;2025-04-09;3058
6R9HXD;2025-04-08;3333
6R9HXD;2025-04-09;4430
6Z11P2C;2025-04-09;2446
1L3E1K;2025-04-07;10577
1L3E1K;2025-04-08;861
1L3E1K;2025-04-09;538
6M9B3S;2025-04-09;1412
3M2B2K;2025-04-09;4599
5U3B1R;2025-04-10;10271
12C6B1D;2025-04-10;2669
1G3GXM;2025-04-10;9528
6F10L1F;2025-04-10;6305
9B6T1M;2025-04-10;8629
10F11M1A;2025-04-10;4678
4C5PXH;2025-04-10;4935
6Z11P2C;2025-04-10;1845
5F6GXO;2025-04-10;8066
6B10M2M;2025-04-10;12923
2L1M1R;2025-04-10;5969
11Z11DXG;2025-04-10;5317
4L5S1E;2025-04-10;6830
7C3E1I;2025-04-10;9615
4K5D1A;2025-04-10;5012
9P3WXJ;2025-04-10;13621
2G7GXM;2025-04-10;7974
12C8M2J;2025-04-10;13536
9F2AXJ;2025-04-10;6900
1L3E1K;2025-04-10;1273
6M9B3S;2025-04-10;12190
119817XU1;2025-04-10;3906
9B11R1G;2025-04-10;9056
2L7HXA;2025-04-10;7062
10W12MXM;2025-04-10;4270
3G8GXJ;2025-04-10;20681
6R9HXD;2025-04-10;7576
3M2B2K;2025-04-10;3803
4C5PXH;2025-04-14;5123
5U3B1R;2025-04-14;4869
8G2B2C;2025-04-10;8544
11L5W1P;2025-04-10;5244
9L2RXF;2025-04-09;2376
9L2RXF;2025-04-10;13184
1G3GXM;2025-04-11;11724
5U3B1R;2025-04-11;8709
2G7GXM;2025-04-11;8530
12C6B1D;2025-04-11;7416
9B11R1G;2025-04-11;8393
6B10M2M;2025-04-11;4525
11Z11DXG;2025-04-11;6684
2L1M1R;2025-04-11;4708
10F11M1A;2025-04-11;15501
4C5PXH;2025-04-11;5468
7C3E1I;2025-04-11;8302
9P3WXJ;2025-04-11;19789
4L5S1E;2025-04-11;2629
12C8M2J;2025-04-11;10182
6Z11P2C;2025-04-11;5563
6F10L1F;2025-04-11;956
11L5W1P;2025-04-11;6398
6M9B3S;2025-04-11;3515
2L7HXA;2025-04-11;7106
9B6T1M;2025-04-11;4744
8G2B2C;2025-04-11;4282
6R9HXD;2025-04-11;6278
119817XU1;2025-04-11;2786
3M2B2K;2025-04-11;3799
9F2AXJ;2025-04-11;5558
3G8GXJ;2025-04-11;10845
1L3E1K;2025-04-11;1462
10W12MXM;2025-04-11;7137
5F6GXO;2025-04-11;3569
4K5D1A;2025-04-11;5444
6F10L1F;2025-04-12;2992
1G3GXM;2025-04-12;13798
2G7GXM;2025-04-12;13906
8G2B2C;2025-04-12;10262
4K5D1A;2025-04-12;5996
6B10M2M;2025-04-12;12337
10W12MXM;2025-04-12;5655
4L5S1E;2025-04-12;14751
11Z11DXG;2025-04-12;11220
10F11M1A;2025-04-12;10773
7C3E1I;2025-04-12;5316
2L1M1R;2025-04-12;14599
9P3WXJ;2025-04-12;6166
4C5PXH;2025-04-12;313
12C8M2J;2025-04-12;15104
12C6B1D;2025-04-12;11346
11L5W1P;2025-04-12;13222
5U3B1R;2025-04-12;8190
1L3E1K;2025-04-12;4108
6M9B3S;2025-04-12;10447
3M2B2K;2025-04-12;3115
119817XU1;2025-04-12;1624
6Z11P2C;2025-04-12;14354
2L7HXA;2025-04-12;20043
9F2AXJ;2025-04-12;3192
9B11R1G;2025-04-12;15543
9B6T1M;2025-04-12;7371
9B11R1G;2025-04-13;4130
1G3GXM;2025-04-13;376
6F10L1F;2025-04-13;1299
12C6B1D;2025-04-13;7423
6B10M2M;2025-04-13;4934
7C3E1I;2025-04-13;5291
2L1M1R;2025-04-13;5891
8G2B2C;2025-04-13;7199
11L5W1P;2025-04-13;10850
4L5S1E;2025-04-13;8
1L3E1K;2025-04-13;729
9P3WXJ;2025-04-13;5320
11Z11DXG;2025-04-13;5845
4C5PXH;2025-04-13;9496
10F11M1A;2025-04-13;7891
5U3B1R;2025-04-13;7539
2G7GXM;2025-04-13;4350
5F6GXO;2025-04-12;6399
5F6GXO;2025-04-13;435
119817XU1;2025-04-13;7895
6M9B3S;2025-04-13;12677
2L7HXA;2025-04-13;4989
12C8M2J;2025-04-13;3223
6R9HXD;2025-04-12;2848
6R9HXD;2025-04-13;463
3G8GXJ;2025-04-12;7078
3G8GXJ;2025-04-13;1096
3M2B2K;2025-04-13;6753
10W12MXM;2025-04-13;3952
2Q2XXY;2024-12-22;0
9B6T1M;2025-04-13;1295
9F2AXJ;2025-04-13;6068
12C8M2J;2025-04-14;7627
2L7HXA;2025-04-14;3180
10F11M1A;2025-04-14;5226
12C6B1D;2025-04-14;6702
9B11R1G;2025-04-14;8682
4L5S1E;2025-04-14;5777
6F10L1F;2025-04-14;1873
6B10M2M;2025-04-14;7066
2L1M1R;2025-04-14;5939
2G7GXM;2025-04-14;8911
7C3E1I;2025-04-14;5877
6R9HXD;2025-04-14;5851
9F2AXJ;2025-04-14;6988
9P3WXJ;2025-04-14;4862
9B6T1M;2025-04-14;4426
11Z11DXG;2025-04-14;8479
11L5W1P;2025-04-14;10195
1L3E1K;2025-04-14;3219
6M9B3S;2025-04-14;3461
119817XU1;2025-04-14;1556
8G2B2C;2025-04-14;5616
3M2B2K;2025-04-14;14070
1G3GXM;2025-04-14;5458
10W12MXM;2025-04-14;8889
3G8GXJ;2025-04-14;468
4K5D1A;2025-04-13;3475
4K5D1A;2025-04-14;1955
6F10L1F;2025-04-15;397
12C8M2J;2025-04-15;15060
9B11R1G;2025-04-15;5675
1G3GXM;2025-04-15;1789
12C6B1D;2025-04-15;4270
1L3E1K;2025-04-15;5501
2L7HXA;2025-04-15;2829
4C5PXH;2025-04-15;0
6B10M2M;2025-04-15;4597
10F11M1A;2025-04-15;6333
10W12MXM;2025-04-15;4119
4L5S1E;2025-04-15;9324
2L1M1R;2025-04-15;1174
7C3E1I;2025-04-15;4980
11Z11DXG;2025-04-15;9911
2G7GXM;2025-04-15;6409
6R9HXD;2025-04-15;3820
9P3WXJ;2025-04-15;5219
6M9B3S;2025-04-15;7026
9F2AXJ;2025-04-15;7671
5F6GXO;2025-04-14;5017
5F6GXO;2025-04-15;360
5U3B1R;2025-04-15;8764
119817XU1;2025-04-15;2977
9B6T1M;2025-04-15;4462
3G8GXJ;2025-04-15;11920
12C6B1D;2025-04-19;10701
8G2B2C;2025-04-15;11673
11L5W1P;2025-04-15;5816
3M2B2K;2025-04-15;15245
4K5D1A;2025-04-15;8402
6F10L1F;2025-04-16;2225
9P3WXJ;2025-04-16;2281
1G3GXM;2025-04-16;6723
2L7HXA;2025-04-16;6574
12C6B1D;2025-04-16;5428
9B11R1G;2025-04-16;10847
5F6GXO;2025-04-16;5468
12C8M2J;2025-04-16;5370
11Z11DXG;2025-04-16;7546
10W12MXM;2025-04-16;13942
2L1M1R;2025-04-16;4457
10F11M1A;2025-04-16;4327
6B10M2M;2025-04-16;5538
7C3E1I;2025-04-16;5797
4L5S1E;2025-04-16;2324
6R9HXD;2025-04-16;7935
9F2AXJ;2025-04-16;5917
11L5W1P;2025-04-16;2921
6M9B3S;2025-04-16;3660
1L3E1K;2025-04-16;326
2G7GXM;2025-04-16;3624
8G2B2C;2025-04-16;3916
9B6T1M;2025-04-16;4622
119817XU1;2025-04-16;2680
5U3B1R;2025-04-16;5598
3G8GXJ;2025-04-16;9416
3M2B2K;2025-04-16;17928
4K5D1A;2025-04-16;10720
12C6B1D;2025-04-17;13076
6F10L1F;2025-04-17;4950
2G7GXM;2025-04-17;9075
1G3GXM;2025-04-17;267
6M9B3S;2025-04-17;3609
11Z11DXG;2025-04-17;6193
9B11R1G;2025-04-17;7687
6B10M2M;2025-04-17;2608
9P3WXJ;2025-04-17;4158
2L1M1R;2025-04-17;5054
4L5S1E;2025-04-17;5965
7C3E1I;2025-04-17;8832
10W12MXM;2025-04-17;7747
9B6T1M;2025-04-17;4966
10F11M1A;2025-04-17;4609
3G8GXJ;2025-04-17;9573
11L5W1P;2025-04-17;4852
8G2B2C;2025-04-17;12324
6S5T1H;2025-04-17;0
3M2B2K;2025-04-17;5672
5U3B1R;2025-04-17;3847
2L7HXA;2025-04-17;5391
4K5D1A;2025-04-17;12896
9F2AXJ;2025-04-17;9831
119817XU1;2025-04-17;3372
5F6GXO;2025-04-17;7712
1L3E1K;2025-04-17;2203
8G2B2C;2025-04-18;7591
9B6T1M;2025-04-18;5200
6F10L1F;2025-04-18;371
12C6B1D;2025-04-18;9463
2G7GXM;2025-04-18;3432
9B11R1G;2025-04-18;5340
1G3GXM;2025-04-18;2514
7C3E1I;2025-04-18;8665
11L5W1P;2025-04-18;13304
9F2AXJ;2025-04-18;7211
1L3E1K;2025-04-18;928
9P3WXJ;2025-04-18;2320
6B10M2M;2025-04-18;700
2L1M1R;2025-04-18;4644
4L5S1E;2025-04-18;8843
6M9B3S;2025-04-18;2254
10F11M1A;2025-04-18;6404
3G8GXJ;2025-04-18;10227
5U3B1R;2025-04-18;2566
11Z11DXG;2025-04-18;5099
119817XU1;2025-04-18;1486
10W12MXM;2025-04-18;12418
3M2B2K;2025-04-18;9983
6R9HXD;2025-04-17;7438
6R9HXD;2025-04-18;58
4K5D1A;2025-04-18;15589
2L7HXA;2025-04-18;1828
5F6GXO;2025-04-18;1411
2Q2XXY;2025-04-14;0
1G3GXM;2025-04-19;1560
6F10L1F;2025-04-19;8063
9B11R1G;2025-04-19;7548
1L3E1K;2025-04-19;1415
2L1M1R;2025-04-19;6941
6B10M2M;2025-04-19;1303
4L5S1E;2025-04-19;9157
10F11M1A;2025-04-19;13284
11Z11DXG;2025-04-19;12228
4K5D1A;2025-04-19;10367
7C3E1I;2025-04-19;33
4C5PXH;2025-04-19;4731
2G7GXM;2025-04-19;7116
9P3WXJ;2025-04-19;1563
3G8GXJ;2025-04-19;13088
119817XU1;2025-04-19;2671
8G2B2C;2025-04-19;11338
9B6T1M;2025-04-19;1760
6R9HXD;2025-04-19;2840
11L5W1P;2025-04-19;18389
10W12MXM;2025-04-19;6705
5U3B1R;2025-04-19;4025
2L7HXA;2025-04-19;2936
6M9B3S;2025-04-19;15305
3M2B2K;2025-04-19;9988
9L2RXF;2025-04-13;4144
9L2RXF;2025-04-14;5361
9L2RXF;2025-04-15;5821
9L2RXF;2025-04-16;399
9L2RXF;2025-04-17;1919
9L2RXF;2025-04-18;1603
9L2RXF;2025-04-19;5547
1G3GXM;2025-04-20;4733
6F10L1F;2025-04-20;1024
12C6B1D;2025-04-20;4421
1L3E1K;2025-04-20;1400
10F11M1A;2025-04-20;11510
4L5S1E;2025-04-20;14726
6B10M2M;2025-04-20;1677
2L1M1R;2025-04-20;6307
11Z11DXG;2025-04-20;5545
7C3E1I;2025-04-20;639
9B11R1G;2025-04-20;5355
2G7GXM;2025-04-20;7773
4C5PXH;2025-04-20;4587
11L5W1P;2025-04-20;15144
1L3E1K;2025-04-23;2569
5U3B1R;2025-04-20;6909
10W12MXM;2025-04-20;8244
9L2RXF;2025-04-20;5907
4K5D1A;2025-04-20;6977
5F6GXO;2025-04-19;5031
5F6GXO;2025-04-20;2238
9P3WXJ;2025-04-20;2471
8G2B2C;2025-04-20;16341
119817XU1;2025-04-20;322
6S5T1H;2025-04-20;0
3G8GXJ;2025-04-20;5038
2L7HXA;2025-04-20;8269
9B11R1G;2025-04-21;13063
2G7GXM;2025-04-21;13188
7C3E1I;2025-04-21;4128
12C6B1D;2025-04-21;8387
1L3E1K;2025-04-21;2406
6F10L1F;2025-04-21;1079
10F11M1A;2025-04-21;14409
11L5W1P;2025-04-21;10000
4L5S1E;2025-04-21;10630
2L1M1R;2025-04-21;3247
4K5D1A;2025-04-21;12685
6B10M2M;2025-04-21;3297
11Z11DXG;2025-04-21;4623
4C5PXH;2025-04-21;9670
9P3WXJ;2025-04-21;2217
3M2B2K;2025-04-20;4086
3M2B2K;2025-04-21;1891
8G2B2C;2025-04-21;11496
5F6GXO;2025-04-21;1389
12C6B1D;2025-04-23;6047
119817XU1;2025-04-21;758
10W12MXM;2025-04-21;7978
2L7HXA;2025-04-21;4119
9L2RXF;2025-04-21;8968
4L5S1E;2025-04-15;0
4L5S1E;2025-04-16;0
4L5S1E;2025-04-17;0
4L5S1E;2025-04-18;0
4L5S1E;2025-04-19;0
4L5S1E;2025-04-20;0
4L5S1E;2025-04-21;0
5U3B1R;2025-04-21;6548
4L5S1E;2025-04-15;0
4L5S1E;2025-04-16;0
4L5S1E;2025-04-17;0
4L5S1E;2025-04-18;0
4L5S1E;2025-04-19;0
4L5S1E;2025-04-20;0
4L5S1E;2025-04-21;0
3G8GXJ;2025-04-21;4541
6F10L1F;2025-04-22;1797
12C6B1D;2025-04-22;2472
9B11R1G;2025-04-22;11953
4L5S1E;2025-04-22;396
10W12MXM;2025-04-22;3688
9P3WXJ;2025-04-22;13029
10F11M1A;2025-04-22;2168
4C5PXH;2025-04-22;2744
6B10M2M;2025-04-22;2865
7C3E1I;2025-04-22;11234
2L1M1R;2025-04-22;5535
1L3E1K;2025-04-22;2789
5F6GXO;2025-04-22;5648
8G2B2C;2025-04-22;4547
2L1M1R;2025-04-23;1361
2G7GXM;2025-04-22;18680
6R9HXD;2025-04-20;3636
6R9HXD;2025-04-21;246
6R9HXD;2025-04-22;2194
119817XU1;2025-04-22;4247
5U3B1R;2025-04-22;4579
11L5W1P;2025-04-22;6464
4L5S1E;2025-04-22;9822
3M2B2K;2025-04-22;15042
3G8GXJ;2025-04-22;9082
4K5D1A;2025-04-22;10165
10F11M1A;2025-04-23;11164
2L7HXA;2025-04-22;5900
6F10L1F;2025-04-23;307
11L5W1P;2025-04-23;7542
4L5S1E;2025-04-23;9667
6B10M2M;2025-04-23;2679
7C3E1I;2025-04-23;8691
9B11R1G;2025-04-23;13326
9P3WXJ;2025-04-23;19324
2G7GXM;2025-04-23;2874
10W12MXM;2025-04-23;5506
3M2B2K;2025-04-23;6759
4C5PXH;2025-04-23;15849
5F6GXO;2025-04-23;4656
6R9HXD;2025-04-23;5772
8G2B2C;2025-04-23;5644
5U3B1R;2025-04-23;7506
119817XU1;2025-04-23;12298
4K5D1A;2025-04-23;8328
3G8GXJ;2025-04-23;8342
2L7HXA;2025-04-23;10277
4L5S1E;2025-04-22;0
4L5S1E;2025-04-23;6876
4L5S1E;2025-04-23;4821
9B11R1G;2025-04-24;13054
9P3WXJ;2025-04-24;17887
12C6B1D;2025-04-24;994
1L3E1K;2025-04-24;4426
7C3E1I;2025-04-24;10236
4C5PXH;2025-04-24;2098
10F11M1A;2025-04-24;5337
2G7GXM;2025-04-24;8666
6F10L1F;2025-04-24;6281
4L5S1E;2025-04-24;15567
2L1M1R;2025-04-24;2242
5F6GXO;2025-04-24;6207
4L5S1E;2025-04-24;6609
6B10M2M;2025-04-24;1871
8G2B2C;2025-04-24;3412
4K5D1A;2025-04-24;5448
5U3B1R;2025-04-24;2384
10W12MXM;2025-04-24;18297
3M2B2K;2025-04-24;5272
3G8GXJ;2025-04-24;7543
6R9HXD;2025-04-24;7590
11L5W1P;2025-04-24;5069
2L7HXA;2025-04-24;9508
8G2B2C;2025-04-25;5102
12C6B1D;2025-04-25;4961
11L5W1P;2025-04-25;5990
3M2B2K;2025-04-25;5578
6B10M2M;2025-04-25;3077
10F11M1A;2025-04-25;7154
1L3E1K;2025-04-25;6680
5U3B1R;2025-04-25;3003
7C3E1I;2025-04-25;8909
2L1M1R;2025-04-25;2145
4L5S1E;2025-04-25;3409
4C5PXH;2025-04-25;76
9P3WXJ;2025-04-25;2856
6R9HXD;2025-04-25;4013
6M9B3S;2025-04-20;20289
6M9B3S;2025-04-21;759
6M9B3S;2025-04-22;1985
6M9B3S;2025-04-23;13
6M9B3S;2025-04-24;734
6M9B3S;2025-04-25;0
10W12MXM;2025-04-25;11474
9B11R1G;2025-04-25;6568
2G7GXM;2025-04-25;7048
6F10L1F;2025-04-25;1727
119817XU1;2025-04-24;8528
119817XU1;2025-04-25;208
2L7HXA;2025-04-25;8960
3G8GXJ;2025-04-25;5106
4K5D1A;2025-04-25;6756
6S5T1H;2025-04-25;0
1L3E1K;2025-04-26;702
9B11R1G;2025-04-26;4525
12C6B1D;2025-04-26;12934
4L5S1E;2025-04-25;1242
4L5S1E;2025-04-26;0
6B10M2M;2025-04-26;1666
6F10L1F;2025-04-26;1792
10F11M1A;2025-04-26;9231
4L5S1E;2025-04-26;8976
7C3E1I;2025-04-26;8167
2L1M1R;2025-04-26;5369
9P3WXJ;2025-04-26;1360
4K5D1A;2025-04-26;7514
2G7GXM;2025-04-26;9894
6M9B3S;2025-04-26;7710
11L5W1P;2025-04-26;26484
5U3B1R;2025-04-26;6347
8G2B2C;2025-04-26;8588
3M2B2K;2025-04-26;9478
10W12MXM;2025-04-26;24681
2L7HXA;2025-04-26;16072
5F6GXO;2025-04-25;5511
5F6GXO;2025-04-26;430
4L5S1E;2025-04-27;2760
2L1M1R;2025-04-27;5789
7C3E1I;2025-04-27;5374
11L5W1P;2025-04-27;25196
5F6GXO;2025-04-27;5060
12C6B1D;2025-04-27;4241
4C5PXH;2025-04-27;29131
10F11M1A;2025-04-27;5379
6B10M2M;2025-04-27;954
11Z11DXG;2025-04-27;0
5U3B1R;2025-04-27;6041
9P3WXJ;2025-04-27;4214
2G7GXM;2025-04-27;10395
2L7HXA;2025-04-27;8425
4K5D1A;2025-04-27;5829
9B11R1G;2025-04-27;7555
6M9B3S;2025-04-27;5827
9P3WXJ;2025-04-29;13100
8G2B2C;2025-04-27;8074
3M2B2K;2025-04-27;7070
4L5S1E;2025-04-27;0
4L5S1E;2025-04-28;1009
12C6B1D;2025-04-28;1029
5F6GXO;2025-04-28;6032
2L1M1R;2025-04-28;6285
6B10M2M;2025-04-28;1052
4L5S1E;2025-04-28;4945
11Z11DXG;2025-04-28;0
4C5PXH;2025-04-28;5442
7C3E1I;2025-04-28;9308
9P3WXJ;2025-04-28;21228
4K5D1A;2025-04-28;5725
2G7GXM;2025-04-28;10959
10F11M1A;2025-04-28;6309
11L5W1P;2025-04-28;21414
5U3B1R;2025-04-28;7418
6M9B3S;2025-04-29;1519
3M2B2K;2025-04-28;3034
2L7HXA;2025-04-28;3352
8G2B2C;2025-04-28;5012
2G7GXM;2025-04-29;9135
4L5S1E;2025-04-29;0
4L5S1E;2025-04-24;5783
4L5S1E;2025-04-25;4
4C5PXH;2025-04-29;3626
4L5S1E;2025-04-26;0
5F6GXO;2025-04-29;5875
4L5S1E;2025-04-27;0
4L5S1E;2025-04-28;4443
6S5T1H;2025-04-29;0
4L5S1E;2025-04-29;24
4L5S1E;2025-04-29;379
2L1M1R;2025-04-29;5221
6B10M2M;2025-04-29;1963
7C3E1I;2025-04-29;5922
10F11M1A;2025-04-29;4846
5U3B1R;2025-04-29;7712
4K5D1A;2025-04-29;6537
3M2B2K;2025-04-29;5286
12C6B1D;2025-04-29;4120
8G2B2C;2025-04-29;4512
2L7HXA;2025-04-29;2768
11L5W1P;2025-04-29;11281
4L5S1E;2025-04-30;8761
2G7GXM;2025-04-30;10448
9B11R1G;2025-05-06;3959
9F2AXJ;2025-04-24;5712
9F2AXJ;2025-04-25;4677
9F2AXJ;2025-04-26;5751
9F2AXJ;2025-04-27;4311
9F2AXJ;2025-04-28;5435
9F2AXJ;2025-04-29;7076
9F2AXJ;2025-04-30;7727
10F11M1A;2025-04-30;5515
4C5PXH;2025-04-30;3601
6B10M2M;2025-04-30;2053
7C3E1I;2025-04-30;8574
4L5S1E;2025-04-30;4136
9P3WXJ;2025-04-30;12740
12C6B1D;2025-04-30;6447
11L5W1P;2025-04-30;5322
5F6GXO;2025-04-30;4791
8G2B2C;2025-04-30;11581
2L7HXA;2025-04-30;14784
5U3B1R;2025-04-30;10137
4K5D1A;2025-04-30;5917
3M2B2K;2025-04-30;4290
6F10L1F;2025-04-27;2133
6F10L1F;2025-04-28;3175
6F10L1F;2025-04-29;2190
6F10L1F;2025-04-30;150
9B11R1G;2025-04-28;12752
9B11R1G;2025-04-29;4798
9B11R1G;2025-04-30;7880
10W12MXM;2025-04-27;8712
10W12MXM;2025-04-28;7851
10W12MXM;2025-04-29;15814
10W12MXM;2025-04-30;6715
6R9HXD;2025-04-26;12918
6R9HXD;2025-04-27;11955
6R9HXD;2025-04-28;10170
6R9HXD;2025-04-29;9933
6R9HXD;2025-04-30;1338
1L3E1K;2025-04-27;966
1L3E1K;2025-04-28;1070
1L3E1K;2025-04-29;5933
1L3E1K;2025-04-30;487
6F10L1F;2025-05-01;3775
12C6B1D;2025-05-01;2489
9B11R1G;2025-05-01;10561
4L5S1E;2025-05-01;9425
6B10M2M;2025-05-01;0
4L5S1E;2025-05-01;8939
10F11M1A;2025-05-01;7119
3S12B2P;2025-05-01;1999
7C3E1I;2025-05-01;11070
4C5PXH;2025-05-01;45195
2G7GXM;2025-05-01;5191
5U3B1R;2025-05-02;7188
6M9B3S;2025-05-03;8488
9P3WXJ;2025-05-01;11057
1L3E1K;2025-05-01;3203
5F6GXO;2025-05-01;5247
12Z5L2M;2025-06-24;8793
2L7HXA;2025-05-01;4284
10W12MXM;2025-05-01;3663
11L5W1P;2025-05-01;5811
119817XU1;2025-04-26;3768
119817XU1;2025-04-27;7483
119817XU1;2025-04-28;312
119817XU1;2025-04-29;2742
119817XU1;2025-04-30;2265
119817XU1;2025-05-01;17504
3M2B2K;2025-05-01;2339
3G8GXJ;2025-04-26;3664
3G8GXJ;2025-04-27;5100
3G8GXJ;2025-04-28;10350
3G8GXJ;2025-04-29;11173
3G8GXJ;2025-04-30;8333
3G8GXJ;2025-05-01;7349
4K5D1A;2025-05-01;3256
8G2B2C;2025-05-01;11641
5U3B1R;2025-05-03;4083
4L5S1E;2025-05-02;0
2G7GXM;2025-05-02;16857
12C6B1D;2025-05-02;5247
9B11R1G;2025-05-02;9879
6F10L1F;2025-05-02;1816
10W12MXM;2025-05-02;7585
4K5D1A;2025-05-02;3898
5F6GXO;2025-05-02;6854
4C5PXH;2025-05-02;51013
11Z11DXG;2025-05-02;580
3S12B2P;2025-05-02;3333
4L5S1E;2025-05-02;3914
7C3E1I;2025-05-02;4655
9P3WXJ;2025-05-02;4916
10F11M1A;2025-05-02;13252
2L7HXA;2025-05-02;3236
3M2B2K;2025-05-02;8460
11L5W1P;2025-05-02;6376
8G2B2C;2025-05-02;7796
119817XU1;2025-05-02;1412
3G8GXJ;2025-05-02;8649
4L5S1E;2025-05-03;0
9B11R1G;2025-05-03;11386
6F10L1F;2025-05-03;4067
2G7GXM;2025-05-03;17484
3G8GXJ;2025-05-03;18739
12C6B1D;2025-05-03;12826
2L7HXA;2025-05-03;8516
8G2B2C;2025-05-03;12665
10W12MXM;2025-05-03;6017
4L5S1E;2025-05-03;15814
10F11M1A;2025-05-03;9869
7C3E1I;2025-05-03;4862
3S12B2P;2025-05-03;2888
4C5PXH;2025-05-03;21699
9P3WXJ;2025-05-03;6206
1L3E1K;2025-05-03;3480
11L5W1P;2025-05-03;17110
5F6GXO;2025-05-03;5104
119817XU1;2025-05-03;5531
3M2B2K;2025-05-03;12570
3M2B2K;2025-05-04;1966
10F11M1A;2025-05-04;5197
4L5S1E;2025-05-04;0
4L5S1E;2025-05-04;1790
6F10L1F;2025-05-04;216
7C3E1I;2025-05-04;8998
6S5T1H;2025-05-04;0
10W12MXM;2025-05-04;4566
3S12B2P;2025-05-04;1323
9B11R1G;2025-05-04;8770
9P3WXJ;2025-05-04;2469
6M9B3S;2025-05-02;2604
3M2B2K;2025-05-05;4389
1L3E1K;2025-05-02;147
12C6B1D;2025-05-04;7836
5F6GXO;2025-05-04;6423
11L5W1P;2025-05-04;21341
4C5PXH;2025-05-04;12801
119817XU1;2025-05-04;300
8G2B2C;2025-05-04;10477
2L7HXA;2025-05-04;2251
3G8GXJ;2025-05-04;14006
2G7GXM;2025-05-04;8247
6M9B3S;2025-04-28;906
4L5S1E;2025-05-07;55
4K5D1A;2025-05-03;11764
4K5D1A;2025-05-04;1225
2G7GXM;2025-05-05;7276
12C6B1D;2025-05-05;2306
2L7HXA;2025-05-05;3137
11L5W1P;2025-05-05;12481
9B11R1G;2025-05-05;7195
4L5S1E;2025-05-05;6616
4L5S1E;2025-05-05;8593
5F6GXO;2025-05-05;5573
6B10M2M;2025-05-05;0
10F11M1A;2025-05-05;5530
7C3E1I;2025-05-05;7047
3S12B2P;2025-05-05;3979
4C5PXH;2025-05-05;6722
9P3WXJ;2025-05-05;12233
119817XU1;2025-05-05;1506
5U3B1R;2025-04-29;7732
4K5D1A;2025-05-05;1269
7Z6L2F;2025-06-24;5487
6M9B3S;2025-05-06;5291
1L3E1K;2025-05-05;2738
8G2B2C;2025-05-05;8659
5U3B1R;2025-05-01;237
5U3B1R;2025-05-04;20009
3S12B2P;2025-05-07;69
7C7DXM;2025-05-07;12647
7C3E1I;2025-05-07;6258
9P3WXJ;2025-05-07;13683
10W12MXM;2025-05-05;5339
3G8GXJ;2025-05-05;4289
5U3B1R;2025-05-05;7826
4C5PXH;2025-05-07;2398
2G7GXM;2025-05-07;7650
9F2AXJ;2025-05-07;8005
11L5W1P;2025-05-06;4680
4L5S1E;2025-05-06;1248
12C6B1D;2025-05-06;4929
3M2B2K;2025-05-06;4934
2L7HXA;2025-05-06;8553
10F11M1A;2025-05-06;5046
7C3E1I;2025-05-06;5481
2G7GXM;2025-05-06;5640
4K5D1A;2025-05-06;1311
3S12B2P;2025-05-06;2557
7C7DXM;2025-05-06;101
6F10L1F;2025-05-06;299
9P3WXJ;2025-05-06;12492
6S5T1H;2025-05-06;0
4L5S1E;2025-05-06;3506
4C5PXH;2025-05-06;5079
11Z11DXG;2025-05-06;0
5F6GXO;2025-05-06;5012
8G2B2C;2025-05-06;2719
119817XU1;2025-05-06;1928
9F2AXJ;2025-05-01;10597
9F2AXJ;2025-05-02;20561
9F2AXJ;2025-05-03;16631
9F2AXJ;2025-05-04;9482
9F2AXJ;2025-05-05;5083
9F2AXJ;2025-05-06;6378
10W12MXM;2025-05-06;5154
5U3B1R;2025-05-06;5567
3G8GXJ;2025-05-06;4799
6F10L1F;2025-05-07;2494
10F11M1A;2025-05-07;6336
119817XU1;2025-05-07;851
10W12MXM;2025-05-07;6923
8G2B2C;2025-05-07;6454
5U3B1R;2025-05-07;4762
3G8GXJ;2025-05-07;6900
6M9B3S;2025-04-30;3626
6M9B3S;2025-05-01;1413
6M9B3S;2025-05-05;6370
5U3B1R;2025-05-08;8713
4L5S1E;2025-04-30;0
4L5S1E;2025-05-01;0
4L5S1E;2025-05-02;0
4L5S1E;2025-05-03;0
4L5S1E;2025-05-04;0
4L5S1E;2025-05-05;0
4L5S1E;2025-05-06;0
3M2B2K;2025-05-07;3708
12C6B1D;2025-05-07;5912
4L5S1E;2025-05-07;5082
11L5W1P;2025-05-07;6087
9B11R1G;2025-05-07;9203
2L7HXA;2025-05-07;6358
5F6GXO;2025-05-07;5511
4K5D1A;2025-05-07;2305
6F10L1F;2025-05-08;5737
9B11R1G;2025-05-08;7401
3M2B2K;2025-05-08;3162
5F6GXO;2025-05-08;10228
2G7GXM;2025-05-08;8168
2L7HXA;2025-05-08;9706
11L5W1P;2025-05-08;7587
4L5S1E;2025-05-08;8587
7C7DXM;2025-05-08;9912
12C6B1D;2025-05-08;4707
7C3E1I;2025-05-08;7105
3S12B2P;2025-05-08;4386
4L5S1E;2025-05-08;3387
4C5PXH;2025-05-08;4306
9P3WXJ;2025-05-08;12323
10F11M1A;2025-05-08;5694
9F2AXJ;2025-05-08;5240
10W12MXM;2025-05-08;6959
119817XU1;2025-05-08;961
6M9B3S;2025-05-08;2713
3G8GXJ;2025-05-08;3741
8G2B2C;2025-05-08;11561
6M9B3S;2025-05-04;6609
6M9B3S;2025-05-07;2303
1T5G5T;2025-05-02;911
1T5G5T;2025-05-03;5529
1T5G5T;2025-05-04;296
1T5G5T;2025-05-05;1478
1T5G5T;2025-05-06;1964
1L3E1K;2025-05-06;5415
1L3E1K;2025-05-07;2273
1L3E1K;2025-05-08;4892
1T5G5T;2025-05-07;858
1T5G5T;2025-05-08;961
1L3E1K;2025-05-13;571
4K5D1A;2025-05-08;6584
9B11R1G;2025-05-09;13296
6F10L1F;2025-05-09;1931
3M2B2K;2025-05-12;1447
4L5S1E;2025-05-09;4
9P3WXJ;2025-05-09;6765
5F6GXO;2025-05-09;13181
11L5W1P;2025-05-09;3933
7C3E1I;2025-05-09;7276
2L7HXA;2025-05-09;5450
10F11M1A;2025-05-09;18846
6S5T1H;2025-05-09;0
7C7DXM;2025-05-09;5748
4L5S1E;2025-05-09;320
3S12B2P;2025-05-09;3882
4C5PXH;2025-05-09;1912
12C6B1D;2025-05-09;2864
1T5G5T;2025-05-09;2541
8G2B2C;2025-06-24;1983
8G2B2C;2025-05-09;6807
2G7GXM;2025-05-09;8443
3M2B2K;2025-05-09;1476
4K5D1A;2025-05-09;2634
3G8GXJ;2025-05-09;7246
10W12MXM;2025-05-09;6809
6F10L1F;2025-05-10;4571
5U3B1R;2025-05-11;12311
2L7HXA;2025-05-10;3586
8G2B2C;2025-05-10;16335
12C6B1D;2025-05-10;10206
11L5W1P;2025-05-10;8456
1T5G5T;2025-05-10;21992
10W12MXM;2025-05-10;3330
9B11R1G;2025-05-10;14530
3S12B2P;2025-05-10;4478
5F6GXO;2025-05-10;13499
4C5PXH;2025-05-10;19616
7C3E1I;2025-05-10;9697
4K5D1A;2025-05-10;8020
10F11M1A;2025-05-10;11302
4L5S1E;2025-05-10;0
6B10M2M;2025-05-10;0
9P3WXJ;2025-05-10;9426
7C7DXM;2025-05-10;5422
3G8GXJ;2025-05-10;3434
2G7GXM;2025-05-10;8566
9F2AXJ;2025-05-09;7877
9F2AXJ;2025-05-10;11651
3M2B2K;2025-05-10;11207
4L5S1E;2025-05-11;0
1L3E1K;2025-05-04;3548
1L3E1K;2025-05-09;1609
1L3E1K;2025-05-10;3883
11L5W1P;2025-05-11;20489
9B11R1G;2025-05-11;13410
1L3E1K;2025-05-11;1330
3S12B2P;2025-05-11;3339
4L5S1E;2025-05-11;0
2L7HXA;2025-05-11;20107
5F6GXO;2025-05-11;1878
4C5PXH;2025-05-11;10463
7C3E1I;2025-05-11;2083
6S5T1H;2025-05-11;0
7C7DXM;2025-05-11;9651
6F10L1F;2025-05-11;1528
9P3WXJ;2025-05-11;5176
11Z11DXG;2025-05-11;0
10F11M1A;2025-05-11;7582
1T5G5T;2025-05-11;139
3G8GXJ;2025-05-11;8843
8G2B2C;2025-05-11;4962
4K5D1A;2025-05-11;1697
2G7GXM;2025-05-11;8973
6M9B3S;2025-05-10;5021
9B11R1G;2025-05-12;6740
4L5S1E;2025-05-12;0
11L5W1P;2025-05-12;7550
2L7HXA;2025-05-12;5369
5F6GXO;2025-05-12;503
3S12B2P;2025-05-12;1655
4L5S1E;2025-05-12;770
7C7DXM;2025-05-12;11395
10F11M1A;2025-05-12;6173
7C3E1I;2025-05-12;5873
4L5S1E;2025-05-07;0
4L5S1E;2025-05-08;0
4L5S1E;2025-05-09;0
4L5S1E;2025-05-10;0
4L5S1E;2025-05-11;0
10W12MXM;2025-05-11;3872
3M2B2K;2025-05-11;5189
8G2B2C;2025-05-12;10187
12C6B1D;2025-05-11;9346
12C6B1D;2025-05-12;765
9P3WXJ;2025-05-12;12882
4C5PXH;2025-05-12;1078
6F10L1F;2025-05-12;2804
9F2AXJ;2025-05-11;5804
9F2AXJ;2025-05-12;3052
1T5G5T;2025-05-12;2348
2G7GXM;2025-05-12;4895
3G8GXJ;2025-05-12;7235
10W12MXM;2025-05-12;3095
6M9B3S;2025-05-11;3377
4K5D1A;2025-05-12;6585
4L5S1E;2025-05-12;3853
3M2B2K;2025-05-13;6609
2L7HXA;2025-05-13;6890
9B11R1G;2025-05-13;3750
11L5W1P;2025-05-13;617
4L5S1E;2025-05-13;0
10F11M1A;2025-05-13;7925
7C7DXM;2025-05-13;9263
4L5S1E;2025-05-13;1858
3S12B2P;2025-05-13;3782
6S5T1H;2025-05-13;0
7C3E1I;2025-05-13;5022
12C6B1D;2025-05-13;12499
4K5D1A;2025-05-13;5281
9P3WXJ;2025-05-13;10384
1T5G5T;2025-05-13;2061
10W12MXM;2025-05-13;7073
1L3E1K;2025-05-12;1898
4L5S1E;2025-05-13;1420
5U3B1R;2025-05-09;14406
5U3B1R;2025-05-10;20488
5U3B1R;2025-05-13;17482
5U3B1R;2025-05-12;16297
4L5S1E;2025-05-10;0
6M9B3S;2025-05-12;4362
2G7GXM;2025-05-13;8272
5F6GXO;2025-05-13;738
6F10L1F;2025-05-13;649
8G2B2C;2025-05-13;7837
3G8GXJ;2025-05-13;8954
9F2AXJ;2025-05-13;7168
7F3MXU;2025-06-24;4050
12C6B1D;2025-05-14;5300
3M2B2K;2025-05-14;1733
9B11R1G;2025-05-14;6888
11L5W1P;2025-05-14;4776
2L7HXA;2025-05-14;7913
4L5S1E;2025-05-14;0
3S12B2P;2025-05-14;8703
10F11M1A;2025-05-14;11928
4L5S1E;2025-05-14;9990
6M9B3S;2025-05-16;10821
6B10M2M;2025-05-14;0
7C3E1I;2025-05-14;4810
9P3WXJ;2025-05-14;8738
7C7DXM;2025-05-14;8431
9F2AXJ;2025-05-14;4453
2G7GXM;2025-05-14;10289
1T5G5T;2025-05-14;2015
5F6GXO;2025-05-14;4501
2G7GXM;2025-05-17;13166
8G2B2C;2025-05-14;4271
10W12MXM;2025-05-14;4496
3M2B2K;2025-05-17;8206
1W7E1U;2025-05-15;2132
1W7E1U;2025-05-08;941
1W7E1U;2025-05-09;2379
1W7E1U;2025-05-10;22173
1W7E1U;2025-05-11;121
4K5D1A;2025-05-17;9576
1W7E1U;2025-05-16;2054
10W12MXM;2025-05-17;10752
6M9B3S;2025-05-17;20468
3G8GXJ;2025-05-17;11205
6M9B3S;2025-05-18;10722
6F10L1F;2025-05-14;5334
6M9B3S;2025-05-09;1769
1L3E1K;2025-05-14;409
1W7E1U;2025-05-13;2072
10W12MXM;2025-05-15;13722
11L5W1P;2025-05-15;5534
2L7HXA;2025-05-15;2359
4L5S1E;2025-05-15;3288
5F6GXO;2025-05-15;5774
1W7E1U;2025-05-17;6156
8G2B2C;2025-05-15;3744
4K5D1A;2025-05-14;5961
4K5D1A;2025-05-15;1209
3G8GXJ;2025-05-14;7364
3G8GXJ;2025-05-15;6433
11L5W1P;2025-05-16;4067
8G2B2C;2025-05-16;6270
2L7HXA;2025-05-16;4225
4K5D1A;2025-05-16;7425
4L5S1E;2025-05-16;4472
5F6GXO;2025-05-16;3892
9P3WXJ;2025-05-15;9227
9P3WXJ;2025-05-16;4152
3M2B2K;2025-05-15;7996
3M2B2K;2025-05-16;2025
3G8GXJ;2025-05-16;12328
10W12MXM;2025-05-16;13601
5F6GXO;2025-05-17;4579
1W7E1U;2025-05-18;3274
6F10L1F;2025-05-15;661
6F10L1F;2025-05-16;709
5U3B1R;2025-05-14;13271
4L5S1E;2025-05-15;3177
4L5S1E;2025-05-16;37
0M9B3S;2025-05-12;4362
12C6B1D;2025-05-15;5673
12C6B1D;2025-05-16;8066
4L5S1E;2025-05-17;32
11L5W1P;2025-05-17;5439
12C6B1D;2025-05-17;14653
2L7HXA;2025-05-17;6018
4L5S1E;2025-05-17;1448
9P3WXJ;2025-05-17;6376
8G2B2C;2025-05-17;16653
2G7GXM;2025-05-15;9516
2G7GXM;2025-05-16;10645
6F10L1F;2025-05-17;2924
6F10L1F;2025-05-18;411
4L5S1E;2025-05-18;0
11L5W1P;2025-05-18;13668
12C6B1D;2025-05-18;8179
2L7HXA;2025-05-18;24143
4L5S1E;2025-05-18;6702
9P3WXJ;2025-05-18;4365
0M9B3S;2025-05-13;2834
9B11R1G;2025-05-15;11507
9B11R1G;2025-05-16;5495
9B11R1G;2025-05-17;14128
9B11R1G;2025-05-18;6838
8G2B2C;2025-05-18;12428
5U3B1R;2025-05-17;5543
5U3B1R;2025-05-18;5938
6M9B3S;2025-05-15;6813
1W7E1U;2025-05-12;2347
0M9B3S;2025-05-14;2713
10W12MXM;2025-05-18;15576
1L3E1K;2025-05-15;2585
3G8GXJ;2025-05-18;8724
0M9B3S;2025-05-18;10722
0M9B3S;2025-05-15;6813
0M9B3S;2025-05-16;10821
0M9B3S;2025-05-17;20468
5F6GXO;2025-05-18;15087
3M2B2K;2025-05-18;4167
4K5D1A;2025-05-18;10416
4L5S1E;2025-05-19;5396
9B11R1G;2025-05-19;7222
11L5W1P;2025-05-19;13419
12C6B1D;2025-05-19;7895
6F10L1F;2025-05-19;491
4L5S1E;2025-05-19;6632
9F2AXJ;2025-05-15;5951
9F2AXJ;2025-05-16;8436
1W7E1U;2025-05-19;1370
5U3B1R;2025-05-15;7550
5U3B1R;2025-05-16;5677
1W7E1U;2025-05-14;2003
1L3E1K;2025-05-16;2593
1L3E1K;2025-05-17;3204
1L3E1K;2025-05-18;653
1L3E1K;2025-05-19;186
4L5S1E;2025-05-14;4951
9F2AXJ;2025-05-17;9513
9F2AXJ;2025-05-18;7179
9F2AXJ;2025-05-19;4389
9P3WXJ;2025-05-19;14205
2G7GXM;2025-05-18;22526
2G7GXM;2025-05-19;464
8G2B2C;2025-05-19;4259
10W12MXM;2025-05-19;10326
2L7HXA;2025-05-19;2111
3M2B2K;2025-05-19;5667
0M9B3S;2025-05-19;4684
12W4H1U;2025-05-19;8140
12W4H1U;2025-05-20;4161
12W4H1U;2025-05-21;5902
12W10B2R;2025-05-15;2042
3G8GXJ;2025-05-19;8722
5F6GXO;2025-05-19;13339
12W10B2R;2025-05-16;3364
12W10B2R;2025-05-17;4407
12W10B2R;2025-05-18;2976
4K5D1A;2025-05-19;552
1M8NXT;2025-05-14;1454
1M8NXT;2025-05-15;8
1M8NXT;2025-05-16;637
1M8NXT;2025-05-17;172
1M8NXT;2025-05-18;6
1M8NXT;2025-05-19;5
1M8NXT;2025-05-20;17
6M9B3S;2025-05-13;2834
12W10B2R;2025-05-19;8822
12W10B2R;2025-05-20;5922
12W10B2R;2025-05-21;4177
11L5W1P;2025-05-20;5988
9B11R1G;2025-05-20;5034
6F10L1F;2025-05-20;449
4L5S1E;2025-05-20;1588
12C6B1D;2025-05-20;6002
9P3WXJ;2025-05-20;11156
2G7GXM;2025-05-20;11352
9F2AXJ;2025-05-20;7128
10W12MXM;2025-05-20;6700
5F6GXO;2025-05-20;9750
0L3S1J;2025-05-15;7861
0L3S1J;2025-05-16;8193
0L3S1J;2025-05-17;14484
0L3S1J;2025-05-18;22518
0L3S1J;2025-05-19;11973
0L3S1J;2025-05-20;13133
1M9B3S;2025-05-14;2713
1M9B3S;2025-05-15;6813
1M9B3S;2025-05-16;10821
1M9B3S;2025-05-17;20468
1M9B3S;2025-05-18;10722
1M9B3S;2025-05-19;4684
1M9B3S;2025-05-20;2961
8G2B2C;2025-05-20;6717
1W7E1U;2025-05-20;2183
0L3S1J;2025-05-21;10481
2L7HXA;2025-05-20;3078
2G7GXM;2025-05-21;8691
5W2SXE;2025-05-15;3050
5W2SXE;2025-05-16;674
1L3E1K;2025-05-20;779
4K5D1A;2025-05-20;5122
5W2SXE;2025-05-17;2114
4L5S1E;2025-05-20;2312
3G8GXJ;2025-05-20;9730
3M2B2K;2025-05-20;9705
6U5J3P;2025-05-14;13271
6U5J3P;2025-05-15;7550
6U5J3P;2025-05-16;5677
6U5J3P;2025-05-17;5543
6U5J3P;2025-05-18;5938
6U5J3P;2025-05-19;1803
6U5J3P;2025-05-20;3247
5U3B1R;2025-05-19;1803
5U3B1R;2025-05-20;3247
5W2SXE;2025-05-18;1219
6M9B3S;2025-05-14;2713
5W2SXE;2025-05-19;753
6M9B3S;2025-05-19;4684
5W2SXE;2025-05-20;1537
6M9B3S;2025-05-20;2961
1L3E1K;2025-05-21;229
12C6B1D;2025-05-21;5361
9B11R1G;2025-05-21;6318
5W2SXE;2025-05-21;1055
4L5S1E;2025-05-21;8338
4L5S1E;2025-05-21;5825
7J7DXM;2025-05-21;5563
9P3WXJ;2025-05-21;15381
6M9B3S;2025-05-21;3734
9F2AXJ;2025-05-21;4490
11L5W1P;2025-05-21;4929
6F10L1F;2025-05-21;560
5U3B1R;2025-05-21;13928
1W7E1U;2025-05-21;1792
8G2B2C;2025-05-21;9557
5F6GXO;2025-05-21;11797
10W12MXM;2025-05-21;7365
2L7HXA;2025-05-21;5290
4K5D1A;2025-05-21;4844
12W4H1U;2025-05-15;6371
12W4H1U;2025-05-16;1200
12W4H1U;2025-05-17;5589
12W4H1U;2025-05-18;5278
4T11G3A;2025-05-15;9518
4T11G3A;2025-05-16;22464
4T11G3A;2025-05-17;623
4T11G3A;2025-05-18;3352
4T11G3A;2025-05-19;7365
4T11G3A;2025-05-20;4588
4T11G3A;2025-05-21;4316
4B12HXW;2025-05-15;3031
4B12HXW;2025-05-16;5197
4B12HXW;2025-05-17;7695
4B12HXW;2025-05-18;1290
4B12HXW;2025-05-19;2497
4B12HXW;2025-05-20;3346
4B12HXW;2025-05-21;212
1S2CXW;2025-05-15;21371
1S2CXW;2025-05-16;8727
1S2CXW;2025-05-17;19975
1S2CXW;2025-05-18;2618
1S2CXW;2025-05-19;6880
1S2CXW;2025-05-20;18729
1S2CXW;2025-05-21;6411
5W2RXT;2025-05-15;2221
5W2RXT;2025-05-16;834
5W2RXT;2025-05-17;1744
5W2RXT;2025-05-18;25
5W2RXT;2025-05-19;1782
5W2RXT;2025-05-20;97
5W2RXT;2025-05-21;5257
7L5E1F;2025-05-15;119
7L5E1F;2025-05-16;318
7L5E1F;2025-05-17;576
7L5E1F;2025-05-18;97
7L5E1F;2025-05-19;528
7L5E1F;2025-05-20;467
7L5E1F;2025-05-21;323
2F11GXA;2025-05-15;6119
2F11GXA;2025-05-16;3190
2F11GXA;2025-05-17;7932
2F11GXA;2025-05-18;16679
2F11GXA;2025-05-19;6002
2F11GXA;2025-05-20;6132
2F11GXA;2025-05-21;8953
3G8GXJ;2025-05-21;5849
2F11GXA;2025-05-22;6021
12W10B2R;2025-05-22;2611
0L3S1J;2025-05-22;13891
4L5S1E;2025-05-22;6516
5W2SXE;2025-05-22;1239
1S2CXW;2025-05-22;16200
12C6B1D;2025-05-22;4697
10W12MXM;2025-05-22;3861
9B11R1G;2025-05-22;10438
1L3E1K;2025-05-22;8111
5S4G1W;2025-05-22;0
7J7DXM;2025-05-22;9990
3K9V1H;2025-05-22;0
4L5S1E;2025-05-22;6610
9P3WXJ;2025-05-22;9509
4T11G3A;2025-05-22;6552
9F2AXJ;2025-05-22;5232
4B12HXW;2025-05-22;3071
6F10L1F;2025-05-22;15821
1W7E1U;2025-05-22;1166
4K5D1A;2025-05-22;5755
2R9BXL;2025-05-23;16034
6M9B3S;2025-05-22;13270
2L7HXA;2025-05-22;4074
12W4H1U;2025-05-22;5891
8G2B2C;2025-05-22;4956
2G7GXM;2025-05-22;7974
10Z12S2G;2025-05-16;5636
10Z12S2G;2025-05-17;5220
10Z12S2G;2025-05-18;10700
10Z12S2G;2025-05-19;15953
10Z12S2G;2025-05-20;7727
10Z12S2G;2025-05-21;2155
10Z12S2G;2025-05-22;2017
5W2RXT;2025-05-22;2106
0L3S1J;2025-05-23;14780
5U3B1R;2025-05-22;9199
3G8GXJ;2025-05-22;10440
11L5W1P;2025-05-22;4751
5F6GXO;2025-05-22;6155
3S4W1F;2025-05-16;9739
3S4W1F;2025-05-17;8118
3S4W1F;2025-05-18;10628
3S4W1F;2025-05-19;9513
3S4W1F;2025-05-20;7732
3S4W1F;2025-05-21;11578
3S4W1F;2025-05-22;6175
7G7W3W;2025-05-16;2661
7G7W3W;2025-05-17;4818
7G7W3W;2025-05-18;2767
7G7W3W;2025-05-19;1497
7G7W3W;2025-05-20;2683
7G7W3W;2025-05-21;6326
7G7W3W;2025-05-22;8474
2F11GXA;2025-05-23;6595
1S2CXW;2025-05-23;3249
9B11R1G;2025-05-23;7072
5W2SXE;2025-05-23;1033
12W10B2R;2025-05-23;5212
4L5S1E;2025-05-23;0
9P3WXJ;2025-05-23;4571
3S4W1F;2025-05-23;10641
12C6B1D;2025-05-23;14881
12W4H1U;2025-05-23;4738
3S8R1G;2025-06-24;11496
1S6M3E;2025-05-23;3339
4L5S1E;2025-05-23;5012
10W12MXM;2025-05-23;7965
8G2B2C;2025-05-23;9910
3G8GXJ;2025-05-23;10655
7G7W3W;2025-05-23;6423
3K9V1H;2025-05-23;8137
6F10L1F;2025-05-23;5296
5S4G1W;2025-05-23;7755
4F2ZXD;2025-05-23;5384
4T11G3A;2025-05-23;20520
7J7DXM;2025-05-23;9699
4B12HXW;2025-05-23;5679
5F6GXO;2025-05-23;13671
5U3B1R;2025-05-23;2021
10Z12S2G;2025-05-23;12342
11L5W1P;2025-05-23;8602
2L7HXA;2025-05-23;10553
6M9B3S;2025-05-23;7508
1W7E1U;2025-05-23;1055
2R9BXL;2025-05-17;4
2R9BXL;2025-05-18;1859
2R9BXL;2025-05-19;7914
2R9BXL;2025-05-20;7656
2R9BXL;2025-05-21;10050
2R9BXL;2025-05-22;10108
2G7GXM;2025-05-23;13255
9F2AXJ;2025-05-23;7330
5W2RXT;2025-05-23;737
0L3S1J;2025-05-24;6372
2F11GXA;2025-05-24;15628
9B11R1G;2025-05-24;5696
6M9B3S;2025-05-24;6155
2R9BXL;2025-05-24;23
12W10B2R;2025-05-24;2353
10Z12S2G;2025-05-24;6024
4L5S1E;2025-05-24;0
12C6B1D;2025-05-24;13387
12W4H1U;2025-05-24;7771
9P3WXJ;2025-05-24;11953
1S2CXW;2025-05-24;8824
5W2SXE;2025-05-24;1224
3S4W1F;2025-05-24;6507
7G7W3W;2025-05-24;17071
3G8GXJ;2025-05-24;10152
6F10L1F;2025-05-24;2022
11L5W1P;2025-05-24;5371
4L5S1E;2025-05-24;6557
3K9V1H;2025-05-24;1030
5S4G1W;2025-05-24;11499
7J7DXM;2025-05-24;10176
1S6M3E;2025-05-24;7946
4B12HXW;2025-05-24;9093
5U3B1R;2025-05-24;1756
1L3E1K;2025-05-24;1687
4T11G3A;2025-05-24;5742
8G2B2C;2025-05-24;19517
1W7E1U;2025-05-24;1193
4F2ZXD;2025-05-24;735
5F6GXO;2025-05-24;4071
10Z9B1H;2025-05-18;1441
10Z9B1H;2025-05-19;9819
10Z9B1H;2025-05-20;8461
10Z9B1H;2025-05-21;6247
10Z9B1H;2025-05-22;2517
10Z9B1H;2025-05-23;15457
10Z9B1H;2025-05-24;3496
9K5KXE;2025-05-18;5181
9K5KXE;2025-05-19;9799
9K5KXE;2025-05-20;6003
9K5KXE;2025-05-21;7924
9K5KXE;2025-05-22;6018
9K5KXE;2025-05-23;11514
9K5KXE;2025-05-24;6236
9F2AXJ;2025-05-24;4841
7F3MXU;2025-05-18;2327
7F3MXU;2025-05-19;5896
7F3MXU;2025-05-20;4348
7F3MXU;2025-05-21;1272
7F3MXU;2025-05-22;2081
7F3MXU;2025-05-23;5190
7F3MXU;2025-05-24;5607
2E7B3M;2025-05-18;8733
2E7B3M;2025-05-19;6368
2E7B3M;2025-05-20;6300
2E7B3M;2025-05-21;5314
2E7B3M;2025-05-22;6699
2E7B3M;2025-05-23;4969
2E7B3M;2025-05-24;8133
2L7HXA;2025-05-24;20525
10W12MXM;2025-05-24;7353
5W2RXT;2025-05-24;1140
4K5D1A;2025-05-23;6112
4K5D1A;2025-05-24;683
3H8WXK;2025-05-18;2703
3H8WXK;2025-05-19;3454
3H8WXK;2025-05-20;4489
3H8WXK;2025-05-21;5824
3H8WXK;2025-05-22;4919
3H8WXK;2025-05-23;5764
3H8WXK;2025-05-24;3970
7Z6L2F;2025-05-18;5497
7Z6L2F;2025-05-19;7684
7Z6L2F;2025-05-20;5830
7Z6L2F;2025-05-21;5547
7Z6L2F;2025-05-22;8731
7Z6L2F;2025-05-23;5829
7Z6L2F;2025-05-24;11474
2G7GXM;2025-05-24;16950
0L3S1J;2025-05-25;2161
5W2SXE;2025-05-25;1360
4L5S1E;2025-05-25;0
10Z12S2G;2025-05-25;922
3S4W1F;2025-05-25;8105
2E7B3M;2025-05-25;5452
1S2CXW;2025-05-25;1069
10Z9B1H;2025-05-25;59
12C6B1D;2025-05-25;8473
9B11R1G;2025-05-25;12224
6F10L1F;2025-05-25;11675
12W10B2R;2025-05-25;2645
9K5KXE;2025-05-25;2897
3H8WXK;2025-05-25;2914
1S6M3E;2025-05-25;7121
5S4G1W;2025-05-25;567
7J7DXM;2025-05-25;12729
4L5S1E;2025-05-25;13785
3K9V1H;2025-05-25;6440
9P3WXJ;2025-05-25;4198
4F2ZXD;2025-05-25;8
4Z11FXF;2025-05-25;4948
12S9J1P;2025-05-25;0
4T11G3A;2025-05-25;3271
2F11GXA;2025-05-25;1078
8G2B2C;2025-05-25;11366
2R9BXL;2025-05-25;18
12W4H1U;2025-05-25;9646
7G7W3W;2025-05-25;12041
1W7E1U;2025-05-25;6900
5F6GXO;2025-05-25;2905
4K5D1A;2025-05-25;3545
6M9B3S;2025-05-25;11848
7F3MXU;2025-05-25;5351
7Z6L2F;2025-05-25;2646
2L7HXA;2025-05-25;6717
5U3B1R;2025-05-25;12963
11L5W1P;2025-05-25;11450
3M2B2K;2025-05-21;12957
3M2B2K;2025-05-22;5227
3M2B2K;2025-05-23;1337
3M2B2K;2025-05-24;7160
3M2B2K;2025-05-25;2917
2G7GXM;2025-05-25;2757
9E9R3P;2025-05-19;3787
9E9R3P;2025-05-20;744
9E9R3P;2025-05-21;1417
9E9R3P;2025-05-22;3569
9E9R3P;2025-05-23;2523
9E9R3P;2025-05-24;7634
9E9R3P;2025-05-25;874
8F5P1K;2025-05-19;4713
8F5P1K;2025-05-20;4382
8F5P1K;2025-05-21;8617
8F5P1K;2025-05-22;7418
8F5P1K;2025-05-23;9237
8F5P1K;2025-05-24;12759
8F5P1K;2025-05-25;4897
3S1P3M;2025-05-19;3388
3S1P3M;2025-05-20;3744
3S1P3M;2025-05-21;5326
3S1P3M;2025-05-22;10541
3S1P3M;2025-05-23;3585
3S1P3M;2025-05-24;1708
3S1P3M;2025-05-25;1698
10W12MXM;2025-05-25;6060
3G8GXJ;2025-05-25;13945
5W2RXT;2025-05-25;3661
8G2B2C;2025-05-26;5415
2E7B3M;2025-05-26;4450
2F11GXA;2025-05-26;6556
5S4G1W;2025-05-26;11794
5W2SXE;2025-05-26;1148
1S2CXW;2025-05-26;6088
12W10B2R;2025-05-26;1330
8F5P1K;2025-05-26;4545
0L3S1J;2025-05-26;15539
4L5S1E;2025-05-26;5459
9B11R1G;2025-05-26;8991
10Z12S2G;2025-05-26;6900
7Z6L2F;2025-05-26;6179
12S9J1P;2025-05-26;1473
11W4Y1H;2025-05-20;5999
11W4Y1H;2025-05-21;8555
11W4Y1H;2025-05-22;9348
11W4Y1H;2025-05-23;6024
11W4Y1H;2025-05-24;7220
11W4Y1H;2025-05-25;10311
11W4Y1H;2025-05-26;11155
5F6GXO;2025-05-26;4110
4L5S1E;2025-05-26;5972
4Z11FXF;2025-05-26;1538
6T2PXJ;2025-05-26;48
3K9V1H;2025-05-26;3691
9K5KXE;2025-05-26;26
7J7DXM;2025-05-26;7622
4F2ZXD;2025-05-26;1800
1S6M3E;2025-05-26;3240
3S4W1F;2025-05-26;6902
9W8SXR;2025-05-26;1381
12C6B1D;2025-05-26;7714
9P3WXJ;2025-05-26;9952
4T11G3A;2025-05-26;25778
1W7E1U;2025-05-26;5101
10Z9B1H;2025-05-26;7420
6F10L1F;2025-05-26;769
5W2RXT;2025-05-26;2234
7F3MXU;2025-05-26;6348
9F2AXJ;2025-05-25;4024
9F2AXJ;2025-05-26;2340
11L5W1P;2025-05-26;11416
2R9BXL;2025-05-26;8280
5U3B1R;2025-05-26;7053
6M9B3S;2025-05-26;6558
2L7HXA;2025-05-26;7279
9S11M3D;2025-05-20;3308
9S11M3D;2025-05-21;2167
9S11M3D;2025-05-22;3494
9S11M3D;2025-05-23;2511
9S11M3D;2025-05-24;3486
9S11M3D;2025-05-25;3114
9S11M3D;2025-05-26;2358
10W12MXM;2025-05-26;4462
3M2B2K;2025-05-26;4134
3G8GXJ;2025-05-26;8628
12W4H1U;2025-05-26;4618
7L5E1F;2025-05-22;2216
7L5E1F;2025-05-23;71
7L5E1F;2025-05-24;99
7L5E1F;2025-05-25;835
7L5E1F;2025-05-26;8262
3H8WXK;2025-05-26;3349
4K5D1A;2025-05-26;5037
12Z5L2M;2025-05-20;2614
12Z5L2M;2025-05-21;6209
12Z5L2M;2025-05-22;2922
12Z5L2M;2025-05-23;11922
12Z5L2M;2025-05-24;8193
12Z5L2M;2025-05-25;7812
12Z5L2M;2025-05-26;9612
2G7GXM;2025-05-26;8790
6F10L1F;2025-05-27;1207
2E7B3M;2025-05-27;6606
11W4Y1H;2025-05-27;10434
2F11GXA;2025-05-27;7762
8F5P1K;2025-05-27;8141
4W12GXH;2025-06-24;6667
5W2SXE;2025-05-27;158
0L3S1J;2025-05-27;7843
12Z5L2M;2025-05-27;5067
1S2CXW;2025-05-27;14776
9B11R1G;2025-05-27;4574
4L5S1E;2025-05-27;0
9S11M3D;2025-05-27;5617
3S4W1F;2025-05-27;7928
12C6B1D;2025-05-27;5912
12W4H1U;2025-05-27;2761
7J7DXM;2025-05-27;8713
12W10B2R;2025-05-27;3725
6T2PXJ;2025-05-27;1633
11L5W1P;2025-05-27;5928
4L5S1E;2025-05-27;5166
1S6M3E;2025-05-27;1907
9W8SXR;2025-05-27;5598
4Z11FXF;2025-05-27;1655
3K9V1H;2025-05-27;2043
4T11G3A;2025-05-27;1379
5S4G1W;2025-05-27;6611
10Z9B1H;2025-05-27;7560
3S1P3M;2025-05-26;4641
3S1P3M;2025-05-27;4840
9P3WXJ;2025-05-27;16267
4W12GXH;2025-05-21;6028
4W12GXH;2025-05-22;7903
4W12GXH;2025-05-23;10564
4W12GXH;2025-05-24;8081
4W12GXH;2025-05-25;4497
4W12GXH;2025-05-26;9012
4W12GXH;2025-05-27;5585
9K5KXE;2025-05-27;6277
4K5D1A;2025-05-27;962
2R9BXL;2025-05-27;12999
1W7E1U;2025-05-27;2185
4F2ZXD;2025-05-27;3040
5F6GXO;2025-05-27;5762
2L7HXA;2025-05-27;5937
3G8GXJ;2025-05-27;6679
8G2B2C;2025-05-27;7895
7F3MXU;2025-05-27;3667
7Z6L2F;2025-05-27;9082
5W2RXT;2025-05-27;672
10Z12S2G;2025-05-27;3558
10W12MXM;2025-05-27;5267
3M2B2K;2025-05-27;4692
3H8WXK;2025-05-27;5080
6M9B3S;2025-05-27;3492
7G7W3W;2025-05-26;4843
5U3B1R;2025-05-27;8973
9F2AXJ;2025-05-27;7702
7G7W3W;2025-05-27;1119
2G7GXM;2025-05-27;569
4B12HXW;2025-05-25;524
4B12HXW;2025-05-26;1995
4B12HXW;2025-05-27;2299
0L3S1J;2025-05-28;7152
11W4Y1H;2025-05-28;4491
4L5S1E;2025-05-28;4435
9S11M3D;2025-05-28;1904
2E7B3M;2025-05-28;1723
5W2SXE;2025-05-28;2428
2F11GXA;2025-05-28;7847
1L3E1K;2025-05-26;1025
1L3E1K;2025-05-27;6146
12W10B2R;2025-05-28;8405
10W12MXM;2025-05-28;5974
1S2CXW;2025-05-28;5345
4W12GXH;2025-05-28;7617
3S4W1F;2025-05-28;7680
12Z5L2M;2025-05-28;5380
10Z12S2G;2025-05-28;5057
12C6B1D;2025-05-28;14392
4L5S1E;2025-05-28;3894
3G8GXJ;2025-05-28;13929
7Z6L2F;2025-05-28;4251
5U3B1R;2025-05-28;6247
4F2ZXD;2025-05-28;3896
3K9V1H;2025-05-28;863
11L5W1P;2025-05-28;5657
7J7DXM;2025-05-28;6561
6T2PXJ;2025-05-28;4108
5S4G1W;2025-05-28;8412
4Z11FXF;2025-05-28;5187
1S6M3E;2025-05-28;8554
9W8SXR;2025-05-28;7461
4K5D1A;2025-05-28;4283
9P3WXJ;2025-05-28;11700
3M2B2K;2025-05-28;4837
6F10L1F;2025-05-28;1069
8F5P1K;2025-05-28;7790
9B11R1G;2025-05-28;9188
4B12HXW;2025-05-28;2222
4T11G3A;2025-05-28;14159
12W4H1U;2025-05-28;8870
9M2KXX;2025-05-28;0
7F3MXU;2025-05-28;9634
10Z9B1H;2025-05-28;12943
9F2AXJ;2025-05-28;3609
1W7E1U;2025-05-28;1972
2L7HXA;2025-05-28;20225
2R9BXL;2025-05-28;11868
2G7GXM;2025-05-28;5871
8G2B2C;2025-05-28;4246
7G7W3W;2025-05-28;3501
5W2RXT;2025-05-28;4348
6M9B3S;2025-05-28;1073
5F6GXO;2025-05-28;5527
11W4Y1H;2025-05-29;34060
0L3S1J;2025-05-29;19557
9S11M3D;2025-05-29;3289
8F5P1K;2025-05-29;5014
1S2CXW;2025-05-29;16815
5W2SXE;2025-05-29;1722
2F11GXA;2025-05-29;1677
5F6GXO;2025-05-29;5672
12Z5L2M;2025-05-29;8577
6F10L1F;2025-05-29;153
2E7B3M;2025-05-29;6882
6M9B3S;2025-05-29;7458
7Z6L2F;2025-05-29;7566
3G8GXJ;2025-05-29;6779
10W12MXM;2025-05-29;8642
9W8SXR;2025-05-29;15128
3M2B2K;2025-05-29;1551
3S4W1F;2025-05-29;6444
5S4G1W;2025-05-29;6823
3H8WXK;2025-05-28;8833
3H8WXK;2025-05-29;1162
1S6M3E;2025-05-29;3399
6T2PXJ;2025-05-29;9722
3K9V1H;2025-05-29;1768
4W12GXH;2025-05-29;4002
12C6B1D;2025-05-29;7594
10Z12S2G;2025-05-29;3491
4Z11FXF;2025-05-29;579
9B11R1G;2025-05-29;12753
4T11G3A;2025-05-29;11828
12W10B2R;2025-05-29;3423
4L5S1E;2025-05-29;14446
9P3WXJ;2025-05-29;7136
1W7E1U;2025-05-29;542
4B12HXW;2025-05-29;1326
9M2KXX;2025-05-29;38
7J7DXM;2025-05-29;13917
5W2RXT;2025-05-29;65
10Z9B1H;2025-05-29;8128
2R9BXL;2025-05-29;18022
12W4H1U;2025-05-29;14214
8G2B2C;2025-05-29;5450
5U3B1R;2025-05-29;11389
2G7GXM;2025-05-29;14288
4K5D1A;2025-05-29;11101
2L7HXA;2025-05-29;28623
4F2ZXD;2025-05-29;7973
1L3E1K;2025-05-23;44
1L3E1K;2025-05-25;8470
1L3E1K;2025-05-28;623
1L3E1K;2025-05-29;12929
1A7TXJ;2025-05-23;44
1A7TXJ;2025-05-24;1687
1A7TXJ;2025-05-25;8470
1A7TXJ;2025-05-26;1025
1A7TXJ;2025-05-27;6146
1A7TXJ;2025-05-28;623
1A7TXJ;2025-05-29;12929
6M9B3S;2025-05-30;12018
12Z5L2M;2025-05-30;10151
9B11R1G;2025-05-30;26340
12W4H1U;2025-05-30;13006
2F11GXA;2025-05-30;3923
1A7TXJ;2025-05-30;1018
5W2SXE;2025-05-30;421
8F5P1K;2025-05-30;17726
2E7B3M;2025-05-30;8337
3S4W1F;2025-05-30;8371
4K5D1A;2025-05-30;9999
1S6M3E;2025-05-30;8609
4W12GXH;2025-05-30;11242
1S2CXW;2025-05-30;5810
12C6B1D;2025-05-30;10002
9P3WXJ;2025-05-30;9164
11W4Y1H;2025-05-30;2705
3G8GXJ;2025-05-30;11406
10W12MXM;2025-05-30;8921
8G2B2C;2025-05-30;12046
7Z6L2F;2025-05-30;5638
11L5W1P;2025-05-29;4146
11L5W1P;2025-05-30;1835
9S11M3D;2025-05-30;7969
9W8SXR;2025-05-30;9564
4Z11FXF;2025-05-30;2689
0L3S1J;2025-05-30;14570
4L5S1E;2025-05-30;306
12W10B2R;2025-05-30;2479
7J7DXM;2025-05-30;6380
5S4G1W;2025-05-30;13725
6T2PXJ;2025-05-30;1525
3K9V1H;2025-05-30;4640
6F10L1F;2025-05-30;513
4T11G3A;2025-05-30;27527
9M2KXX;2025-05-30;2018
4B12HXW;2025-05-30;7355
10Z12S2G;2025-05-30;8453
1W7E1U;2025-05-30;3524
10Z9B1H;2025-05-30;2418
12S9J1P;2025-05-27;0
5U3B1R;2025-05-30;10078
2L7HXA;2025-05-30;16061
2G7GXM;2025-05-30;4888
3M2B2K;2025-05-30;10250
1G2T1K;2025-05-24;4944
1G2T1K;2025-05-25;7853
1G2T1K;2025-05-26;2416
1G2T1K;2025-05-27;6511
1G2T1K;2025-05-28;8502
1G2T1K;2025-05-29;3137
1G2T1K;2025-05-30;4052
4F2ZXD;2025-05-30;63
7G7W3W;2025-05-29;4437
7G7W3W;2025-05-30;2729
5F6GXO;2025-05-30;4619
3H8WXK;2025-05-30;4571
7F3MXU;2025-05-29;3334
7F3MXU;2025-05-30;7384
4W12GXH;2025-05-31;10113
5W2SXE;2025-05-31;687
1S2CXW;2025-05-31;4731
8F5P1K;2025-05-31;26501
7Z6L2F;2025-05-31;3291
2F11GXA;2025-05-31;16367
5U3B1R;2025-05-31;2031
12W4H1U;2025-05-31;13590
10Z9B1H;2025-05-31;3372
3S4W1F;2025-05-31;4067
9B11R1G;2025-05-31;6757
11W4Y1H;2025-05-31;3391
1A7TXJ;2025-05-31;4182
9W8SXR;2025-05-31;7666
9S11M3D;2025-05-31;13363
6T2PXJ;2025-05-31;8059
3K9V1H;2025-05-31;162
8G2B2C;2025-05-31;8067
10W12MXM;2025-05-31;10357
7J7DXM;2025-05-31;3117
6F10L1F;2025-05-31;5854
4Z11FXF;2025-05-31;4589
2E7B3M;2025-05-31;10652
5F6GXO;2025-05-31;2243
5S4G1W;2025-05-31;11567
4L5S1E;2025-05-31;1193
4T11G3A;2025-05-31;18618
1G2T1K;2025-05-31;3847
1S6M3E;2025-05-31;2524
0L3S1J;2025-05-31;18161
9M2KXX;2025-05-31;9528
9P3WXJ;2025-05-31;12594
2L7HXA;2025-05-31;19158
11L5W1P;2025-05-31;5919
12C6B1D;2025-05-31;12249
12Z5L2M;2025-05-31;3326
10Z12S2G;2025-05-31;2751
12W10B2R;2025-05-31;3594
1W7E1U;2025-05-31;1177
6M9B3S;2025-05-31;5395
2W12R1D;2025-05-25;873
2W12R1D;2025-05-26;6514
2W12R1D;2025-05-27;3616
2W12R1D;2025-05-28;3997
2W12R1D;2025-05-29;1136
2W12R1D;2025-05-30;4560
2W12R1D;2025-05-31;8281
2G7GXM;2025-05-31;3875
3M2B2K;2025-05-31;5640
4K5D1A;2025-05-31;12396
3G8GXJ;2025-05-31;5571
4F2ZXD;2025-05-31;0
5W2RXT;2025-05-30;1566
5W2RXT;2025-05-31;50
3H8WXK;2025-05-31;9310
9E9R3P;2025-05-26;332
9E9R3P;2025-05-27;317
9E9R3P;2025-05-28;2382
9E9R3P;2025-05-29;5691
9E9R3P;2025-05-30;11294
9E9R3P;2025-05-31;12059
9S11M3D;2025-06-01;3630
8F5P1K;2025-06-01;9671
5W2SXE;2025-06-01;212
11W4Y1H;2025-06-01;2990
7Z6L2F;2025-06-01;2872
12Z5L2M;2025-06-01;7500
11L5W1P;2025-06-01;11456
2F11GXA;2025-06-01;1429
10Z12S2G;2025-06-01;3658
4W12GXH;2025-06-01;1008
1S2CXW;2025-06-01;5636
9B11R1G;2025-06-01;10847
1A7TXJ;2025-06-01;313
3H8WXK;2025-06-01;4143
4Z11FXF;2025-06-01;24
1S6M3E;2025-06-01;384
6T2PXJ;2025-06-01;430
3K9V1H;2025-06-01;775
4L5S1E;2025-06-01;11333
0L3S1J;2025-06-01;15908
5S4G1W;2025-06-01;646
9W8SXR;2025-06-01;3232
4K5D1A;2025-06-01;3220
4T11G3A;2025-06-01;11626
10Z9B1H;2025-06-01;11
2E7B3M;2025-06-01;12865
12C6B1D;2025-06-01;8108
9M2KXX;2025-06-01;3491
4F2ZXD;2025-06-01;2169
12W10B2R;2025-06-01;995
1G2T1K;2025-06-01;10914
9E9R3P;2025-06-01;5154
2W12R1D;2025-06-01;2643
5U3B1R;2025-06-01;129
1W7E1U;2025-06-01;548
12W4H1U;2025-06-01;3654
5F6GXO;2025-06-01;1244
7J7DXM;2025-06-01;8118
8G2B2C;2025-06-01;24678
6M9B3S;2025-06-01;3482
2L7HXA;2025-06-01;4510
3S4W1F;2025-06-01;7021
5W2RXT;2025-06-01;1149
3G8GXJ;2025-06-01;13882
6F10L1F;2025-06-01;222
9P3WXJ;2025-06-01;3994
10W12MXM;2025-06-01;2112
4L4J1E;2025-05-26;806
4L4J1E;2025-05-27;2632
4L4J1E;2025-05-28;13899
4L4J1E;2025-05-29;21145
4L4J1E;2025-05-30;2783
4L4J1E;2025-05-31;1794
4L4J1E;2025-06-01;5647
2G7GXM;2025-06-01;18177
7F3MXU;2025-05-31;7634
7F3MXU;2025-06-01;13603
8F5P1K;2025-06-02;6184
5W2SXE;2025-06-02;532
12Z5L2M;2025-06-02;5489
2F11GXA;2025-06-02;5972
1S2CXW;2025-06-02;9177
12W10B2R;2025-06-02;2338
1A7TXJ;2025-06-02;9107
6F10L1F;2025-06-03;648
7Z6L2F;2025-06-02;6716
9S11M3D;2025-06-02;6477
11W4Y1H;2025-06-02;9167
12C6B1D;2025-06-02;3070
12W4H1U;2025-06-02;3112
10Z12S2G;2025-06-02;2495
2E7B3M;2025-06-02;4663
4W12GXH;2025-06-02;6416
3H8WXK;2025-06-02;4290
4Z11FXF;2025-06-02;16
9B11R1G;2025-06-02;10586
4L4J1E;2025-06-02;9570
1S6M3E;2025-06-02;15486
6T2PXJ;2025-06-02;5444
5F6GXO;2025-06-02;3373
9W8SXR;2025-06-02;3881
3K9V1H;2025-06-02;1125
4L5S1E;2025-06-02;8745
5S4G1W;2025-06-02;8746
4T11G3A;2025-06-02;3076
9M2KXX;2025-06-02;0
6F10L1F;2025-06-02;671
10Z9B1H;2025-06-02;9947
1W7E1U;2025-06-02;4558
12S9J1P;2025-05-31;0
5U3B1R;2025-06-02;8449
3S8R1G;2025-06-03;8383
2W12R1D;2025-06-02;2400
4F2ZXD;2025-06-02;2599
3S4W1F;2025-06-02;13006
11L5W1P;2025-06-02;4954
6M9B3S;2025-06-02;6619
2G7GXM;2025-06-02;3320
7F3MXU;2025-06-02;8331
7J7DXM;2025-06-02;6231
8G2B2C;2025-06-02;8819
2L7HXA;2025-06-02;3765
9P3WXJ;2025-06-02;5501
5W2RXT;2025-06-02;4039
10W12MXM;2025-06-02;1207
7C3E1I;2025-05-15;8195
7C3E1I;2025-05-16;4827
7C3E1I;2025-05-17;3268
7C3E1I;2025-05-18;3819
7C3E1I;2025-05-19;0
7C3E1I;2025-05-20;0
7C3E1I;2025-05-21;1607
7C3E1I;2025-05-22;9235
7C3E1I;2025-05-23;0
7C3E1I;2025-05-24;6
7C3E1I;2025-05-25;0
7C3E1I;2025-05-26;1640
7C3E1I;2025-05-27;753
7C3E1I;2025-05-28;7
7C3E1I;2025-05-29;6
7C3E1I;2025-05-30;12
7C3E1I;2025-05-31;3918
7C3E1I;2025-06-01;0
7C3E1I;2025-06-02;9580
4G1S1C;2025-05-27;5263
4G1S1C;2025-05-28;7680
4G1S1C;2025-05-29;5253
4G1S1C;2025-05-30;11934
4G1S1C;2025-05-31;12840
4G1S1C;2025-06-01;4296
4G1S1C;2025-06-02;4110
3M2B2K;2025-06-01;3578
3M2B2K;2025-06-02;2203
3S8R1G;2025-05-27;7079
3S8R1G;2025-05-28;14582
3S8R1G;2025-05-29;7756
3S8R1G;2025-05-30;8401
3S8R1G;2025-05-31;26834
3S8R1G;2025-06-01;7793
3S8R1G;2025-06-02;10969
7G7W3W;2025-05-31;2043
7G7W3W;2025-06-01;431
7G7W3W;2025-06-02;3030
1G2T1K;2025-06-02;7044
4K5D1A;2025-06-02;10507
3G8GXJ;2025-06-02;4146
0L3S1J;2025-06-02;14796
1A7TXJ;2025-06-03;8971
2E7B3M;2025-06-03;5093
4G1S1C;2025-06-03;8823
4W12GXH;2025-06-03;6614
9S11M3D;2025-06-03;3416
7Z6L2F;2025-06-03;10868
12Z5L2M;2025-06-03;8685
8F5P1K;2025-06-03;7740
12C6B1D;2025-06-03;6778
5W2SXE;2025-06-03;512
2F11GXA;2025-06-03;5314
0L3S1J;2025-06-03;23996
4L4J1E;2025-06-03;6455
1S2CXW;2025-06-03;25437
9W8SXR;2025-06-03;3763
11W4Y1H;2025-06-03;9231
6T2PXJ;2025-06-03;5679
1S6M3E;2025-06-03;2577
10Z12S2G;2025-06-03;3831
4L5S1E;2025-06-03;1651
11L5W1P;2025-06-03;7803
3H8WXK;2025-06-03;5666
4F2ZXD;2025-06-03;11
4Z11FXF;2025-06-03;3446
5S4G1W;2025-06-03;12851
12W10B2R;2025-06-03;8399
3K9V1H;2025-06-03;1922
4T11G3A;2025-06-03;851
12S9J1P;2025-06-03;0
8G2B2C;2025-06-03;3938
9M2KXX;2025-06-03;6034
10Z9B1H;2025-06-03;8089
1W7E1U;2025-06-03;3169
9P3WXJ;2025-06-03;6686
7J7DXM;2025-06-03;16261
8Z8B1A;2025-06-03;0
2W12R1D;2025-06-03;7625
6M9B3S;2025-06-03;7727
5U3B1R;2025-06-03;6493
12W4H1U;2025-06-03;6451
1G2T1K;2025-06-03;7418
7F3MXU;2025-06-03;7343
5F6GXO;2025-06-03;5131
2G7GXM;2025-06-03;9952
7C3E1I;2025-06-03;7016
10W12MXM;2025-06-03;10946
2L7HXA;2025-06-03;7601
9B11R1G;2025-06-03;6145
3S4W1F;2025-06-03;20802
3M2B2K;2025-06-03;4706
3G8GXJ;2025-06-03;8218
5L3V1H;2025-05-28;13667
5L3V1H;2025-05-29;12687
5L3V1H;2025-05-30;4777
5L3V1H;2025-05-31;12426
5L3V1H;2025-06-01;2007
5L3V1H;2025-06-02;9750
5L3V1H;2025-06-03;11122
7G7W3W;2025-06-03;1175
4K5D1A;2025-06-03;3170
5W2SXE;2025-06-04;330
0L3S1J;2025-06-04;10818
2E7B3M;2025-06-04;4695
7Z6L2F;2025-06-04;8364
2F11GXA;2025-06-04;5892
1W7E1U;2025-06-04;1234
12W10B2R;2025-06-04;3042
6F10L1F;2025-06-04;6658
8F5P1K;2025-06-04;5766
1A7TXJ;2025-06-04;6542
9S11M3D;2025-06-04;3801
11W4Y1H;2025-06-04;9220
12Z5L2M;2025-06-04;15972
4G1S1C;2025-06-04;5592
4L4J1E;2025-06-04;8351
1S2CXW;2025-06-04;3970
9B11R1G;2025-06-04;4902
4W12GXH;2025-06-04;5798
1S6M3E;2025-06-04;2628
6M9B3S;2025-06-04;2837
4Z11FXF;2025-06-04;38
7C3E1I;2025-06-04;3905
6T2PXJ;2025-06-04;2161
11L5W1P;2025-06-04;3961
7J7DXM;2025-06-04;11804
3S8R1G;2025-06-04;12868
7G7W3W;2025-06-04;2652
12W4H1U;2025-06-04;3300
3U3F2M;2025-06-04;3640
9W8SXR;2025-06-04;3557
12C6B1D;2025-06-04;6029
4L5S1E;2025-06-04;6509
3K9V1H;2025-06-04;705
5S4G1W;2025-06-04;6096
5L3V1H;2025-06-04;7611
4T11G3A;2025-06-04;6123
12S9J1P;2025-06-04;0
4K5D1A;2025-06-04;3021
9M2KXX;2025-06-04;3441
2W12R1D;2025-06-04;8635
4F2ZXD;2025-06-04;0
8Z8B1A;2025-06-04;0
4L5S1E;2025-06-05;12206
5U3B1R;2025-06-04;6263
10Z12S2G;2025-06-04;5500
5F6GXO;2025-06-04;5381
2L7HXA;2025-06-04;4178
1G2T1K;2025-06-04;9724
9P3WXJ;2025-06-04;5379
3M2B2K;2025-06-04;11606
7F3MXU;2025-06-04;6415
3G8GXJ;2025-06-04;4278
10Z9B1H;2025-06-04;7351
8G2B2C;2025-06-04;7962
2G7GXM;2025-06-04;10364
3S4W1F;2025-06-04;17141
7F3MXU;2025-06-05;4536
5W2SXE;2025-06-05;793
7Z6L2F;2025-06-05;9682
4G1S1C;2025-06-05;4026
11W4Y1H;2025-06-05;11202
6F10L1F;2025-06-05;5701
2F11GXA;2025-06-05;6383
8F5P1K;2025-06-05;7655
1S2CXW;2025-06-05;20508
2E7B3M;2025-06-05;7014
10Z12S2G;2025-06-05;9398
9B11R1G;2025-06-05;10831
3U3F2M;2025-06-05;780
3M2B2K;2025-06-05;11316
12W10B2R;2025-06-05;7333
4K5D1A;2025-06-05;8949
3S8R1G;2025-06-05;9674
1A7TXJ;2025-06-05;1216
9S11M3D;2025-06-05;4759
4L4J1E;2025-06-05;5673
5S4G1W;2025-06-05;9249
4W12GXH;2025-06-05;8363
4Z11FXF;2025-06-05;4587
6T2PXJ;2025-06-05;1161
7C3E1I;2025-06-05;8415
9W8SXR;2025-06-05;1301
3K9V1H;2025-06-05;8129
5L3V1H;2025-06-05;9002
4F2ZXD;2025-06-05;5174
4T11G3A;2025-06-05;27332
7J7DXM;2025-06-05;8301
9M2KXX;2025-06-05;2194
10Z9B1H;2025-06-05;5510
0L3S1J;2025-06-05;14252
1S6M3E;2025-06-05;474
8Z8B1A;2025-06-05;0
5U3B1R;2025-06-05;3274
5F6GXO;2025-06-05;5228
2W12R1D;2025-06-05;6464
2L7HXA;2025-06-05;7046
7G7W3W;2025-06-05;6104
12Z5L2M;2025-06-05;8908
12W4H1U;2025-06-05;4617
3G8GXJ;2025-06-05;8494
1G2T1K;2025-06-05;9227
6M9B3S;2025-06-05;14708
2G7GXM;2025-06-05;3538
9P3WXJ;2025-06-05;5979
1W7E1U;2025-06-05;1627
3S4W1F;2025-06-05;175
11L5W1P;2025-06-05;9619
8G2B2C;2025-06-05;2734
12C6B1D;2025-06-05;4587
3H8WXK;2025-06-04;6060
3H8WXK;2025-06-05;4090
2F11GXA;2025-06-06;5562
11W4Y1H;2025-06-06;4612
4W12GXH;2025-06-06;12529
12Z5L2M;2025-06-07;5049
8G2B2C;2025-06-06;6065
8G2B2C;2025-06-07;11660
12Z5L2M;2025-06-06;4499
5U3B1R;2025-06-06;8436
5W2SXE;2025-06-06;7174
7Z6L2F;2025-06-06;14912
8F5P1K;2025-06-06;6974
2E7B3M;2025-06-06;6302
3S8R1G;2025-06-06;10561
6T2PXJ;2025-06-06;1808
6F10L1F;2025-06-06;6529
9B11R1G;2025-06-06;5223
1A7TXJ;2025-06-06;5433
0L3S1J;2025-06-06;11752
12W10B2R;2025-06-06;5170
3H8WXK;2025-06-06;4250
4Z11FXF;2025-06-06;3555
4G1S1C;2025-06-06;6730
9S11M3D;2025-06-06;3015
9W8SXR;2025-06-06;4977
3K9V1H;2025-06-06;4410
3G8GXJ;2025-06-06;6482
11L5W1P;2025-06-06;3529
7C3E1I;2025-06-06;39
4L4J1E;2025-06-06;5399
5S4G1W;2025-06-06;7774
2W12R1D;2025-06-06;3319
4L5S1E;2025-06-06;5613
5L3V1H;2025-06-06;8302
9M2KXX;2025-06-06;23
1S2CXW;2025-06-06;4146
4T11G3A;2025-06-06;19347
7J7DXM;2025-06-06;11014
4F2ZXD;2025-06-06;5219
1S6M3E;2025-06-06;6821
1G2T1K;2025-06-06;17070
12C6B1D;2025-06-06;6478
12W4H1U;2025-06-06;5642
4K5D1A;2025-06-06;4354
1W7E1U;2025-06-06;571
7F3MXU;2025-06-06;5416
9P3WXJ;2025-06-06;6242
3S4W1F;2025-06-06;9483
8Z8B1A;2025-06-06;0
3M2B2K;2025-06-06;8197
7G7W3W;2025-06-06;4490
2L7HXA;2025-06-06;6712
5F6GXO;2025-06-06;5929
10Z12S2G;2025-06-06;6806
6M9B3S;2025-06-06;6798
2G7GXM;2025-06-06;10443
10W12MXM;2025-06-04;10437
10W12MXM;2025-06-05;2981
10W12MXM;2025-06-06;6865
11W4Y1H;2025-06-07;4990
8F5P1K;2025-06-07;4473
9S11M3D;2025-06-07;4081
2F11GXA;2025-06-07;5472
2E7B3M;2025-06-07;6234
5F6GXO;2025-06-07;4867
9B11R1G;2025-06-07;14206
7Z6L2F;2025-06-07;944
1S2CXW;2025-06-07;5237
5W2SXE;2025-06-07;1832
5U3B1R;2025-06-07;9894
4L4J1E;2025-06-07;7409
3S8R1G;2025-06-07;4297
12W10B2R;2025-06-07;4200
1A7TXJ;2025-06-07;2310
7G7W3W;2025-06-07;4351
4W12GXH;2025-06-07;11290
0L3S1J;2025-06-07;6561
3G8GXJ;2025-06-07;8083
3S4W1F;2025-06-07;13091
1S6M3E;2025-06-07;1675
9W8SXR;2025-06-07;3926
4L5S1E;2025-06-07;4954
2L7HXA;2025-06-07;3026
3K9V1H;2025-06-07;2560
11L5W1P;2025-06-07;9328
5S4G1W;2025-06-07;2599
10W12MXM;2025-06-07;3339
4Z11FXF;2025-06-07;1772
7C3E1I;2025-06-07;1468
4T11G3A;2025-06-07;4996
5L3V1H;2025-06-07;3386
1W7E1U;2025-06-07;5332
9M2KXX;2025-06-07;349
12C6B1D;2025-06-07;7890
8Z8B1A;2025-06-07;0
4F2ZXD;2025-06-07;3049
6M9B3S;2025-06-07;6254
6T2PXJ;2025-06-07;3111
12W4H1U;2025-06-07;4063
7J7DXM;2025-06-07;8143
7F3MXU;2025-06-07;4953
4K5D1A;2025-06-07;6568
1G2T1K;2025-06-07;18430
2W12R1D;2025-06-07;1203
6F10L1F;2025-06-07;1967
9P3WXJ;2025-06-07;2625
3H8WXK;2025-06-07;9906
2G7GXM;2025-06-07;8334
12Z5L2M;2025-06-08;3279
6F10L1F;2025-06-08;239
0L3S1J;2025-06-08;11221
2F11GXA;2025-06-08;20511
12W10B2R;2025-06-08;2627
8F5P1K;2025-06-08;7985
7Z6L2F;2025-06-08;333
5W2SXE;2025-06-08;2214
7C3E1I;2025-06-08;6
3S8R1G;2025-06-08;15800
5L3V1H;2025-06-08;1699
10W12MXM;2025-06-08;13085
3K9V1H;2025-06-08;657
4Z11FXF;2025-06-08;24
1S6M3E;2025-06-08;6004
5S4G1W;2025-06-08;10238
11L5W1P;2025-06-08;4803
9W8SXR;2025-06-08;15972
4L5S1E;2025-06-08;11737
1A7TXJ;2025-06-08;3231
9S11M3D;2025-06-08;3412
1S2CXW;2025-06-08;11625
7J7DXM;2025-06-08;3231
4T11G3A;2025-06-08;27439
1G2T1K;2025-06-08;21504
7F3MXU;2025-06-08;3085
4F2ZXD;2025-06-08;9343
2E7B3M;2025-06-08;8375
9M2KXX;2025-06-08;1245
4L4J1E;2025-06-08;6612
5F6GXO;2025-06-08;1422
6T2PXJ;2025-06-08;3300
1W7E1U;2025-06-08;616
8Z8B1A;2025-06-08;0
12S9J1P;2025-06-05;0
6M9B3S;2025-06-08;4914
9B11R1G;2025-06-08;16267
7P1P2P;2025-06-02;10354
7P1P2P;2025-06-03;5876
7P1P2P;2025-06-04;7323
7P1P2P;2025-06-05;3333
7P1P2P;2025-06-06;2783
7P1P2P;2025-06-07;3341
7P1P2P;2025-06-08;2083
2L7HXA;2025-06-08;8086
12C6B1D;2025-06-08;22315
2W12R1D;2025-06-08;6222
12W4H1U;2025-06-08;14211
4W12GXH;2025-06-08;13104
3S4W1F;2025-06-08;4428
8G2B2C;2025-06-08;2030
3M2B2K;2025-06-07;10790
3M2B2K;2025-06-08;3080
9P3WXJ;2025-06-08;6143
3H8WXK;2025-06-08;4205
4K5D1A;2025-06-08;11143
3G8GXJ;2025-06-08;18687
5U3B1R;2025-06-08;4852
7G7W3W;2025-06-08;10115
10Z12S2G;2025-06-07;6699
10Z12S2G;2025-06-08;2075
11W4Y1H;2025-06-08;6333
2G7GXM;2025-06-08;16108
2E7B3M;2025-06-09;6264
8F5P1K;2025-06-09;10887
0L3S1J;2025-06-09;25137
7Z6L2F;2025-06-09;7264
4W12GXH;2025-06-09;11992
2F11GXA;2025-06-09;1626
12Z5L2M;2025-06-09;4774
9B11R1G;2025-06-09;9767
1S2CXW;2025-06-09;16661
6F10L1F;2025-06-09;219
5W2SXE;2025-06-09;940
12W10B2R;2025-06-09;649
3S8R1G;2025-06-09;5072
7C3E1I;2025-06-09;0
9W8SXR;2025-06-09;23005
4L4J1E;2025-06-09;3669
3K9V1H;2025-06-09;8179
1A7TXJ;2025-06-09;2417
10W12MXM;2025-06-09;2240
1S6M3E;2025-06-09;14857
12W4H1U;2025-06-09;4624
11L5W1P;2025-06-09;19342
7G7W3W;2025-06-09;3882
7J7DXM;2025-06-09;3570
5S4G1W;2025-06-09;4335
6T2PXJ;2025-06-09;3903
4L5S1E;2025-06-09;2984
4Z11FXF;2025-06-09;69
12C6B1D;2025-06-09;10332
4F2ZXD;2025-06-09;15938
3S4W1F;2025-06-09;5254
1G2T1K;2025-06-09;5426
10Z9B1H;2025-06-06;12174
10Z9B1H;2025-06-07;1080
10Z9B1H;2025-06-08;48
10Z9B1H;2025-06-09;765
8G2B2C;2025-06-09;23645
9M2KXX;2025-06-09;411
4T11G3A;2025-06-09;4355
7P1P2P;2025-06-09;1327
8Z8B1A;2025-06-09;0
2W12R1D;2025-06-09;5587
9P3WXJ;2025-06-09;3368
1W7E1U;2025-06-09;4974
2L7HXA;2025-06-09;4930
5U3B1R;2025-06-09;4374
5F6GXO;2025-06-09;7275
5L3V1H;2025-06-09;1060
12S9J1P;2025-06-09;0
7F3MXU;2025-06-09;66
6M9B3S;2025-06-09;23490
11W4Y1H;2025-06-09;12192
3G8GXJ;2025-06-09;6361
2G7GXM;2025-06-09;12253
10Z12S2G;2025-06-09;2036
3M2B2K;2025-06-09;5213
4K5D1A;2025-06-09;10115
9S11M3D;2025-06-09;2753
2F11GXA;2025-06-10;6699
0L3S1J;2025-06-10;9580
5L3V1H;2025-06-10;8234
12W10B2R;2025-06-10;8729
6F10L1F;2025-06-10;612
5W2SXE;2025-06-10;567
2E7B3M;2025-06-10;5428
7Z6L2F;2025-06-10;4427
1S2CXW;2025-06-10;14993
12Z5L2M;2025-06-10;7590
9B11R1G;2025-06-10;8303
12W4H1U;2025-06-10;12343
6T2PXJ;2025-06-10;3588
8F5P1K;2025-06-10;4840
4W12GXH;2025-06-10;24430
10W12MXM;2025-06-10;8246
7P1P2P;2025-06-10;7288
2W12R1D;2025-06-10;6205
5S4G1W;2025-06-10;8711
4L5S1E;2025-06-10;8449
11L5W1P;2025-06-10;8755
12S9J1P;2025-06-10;0
3S8R1G;2025-06-10;9372
7C3E1I;2025-06-10;6673
1S6M3E;2025-06-10;3178
3K9V1H;2025-06-10;4356
4T11G3A;2025-06-10;3830
12C6B1D;2025-06-10;5352
9P3WXJ;2025-06-10;8963
4Z11FXF;2025-06-10;3563
1G2T1K;2025-06-10;8930
7J7DXM;2025-06-10;6796
9S11M3D;2025-06-10;3469
8Z8B1A;2025-06-10;0
9W8SXR;2025-06-10;4950
9M2KXX;2025-06-10;6922
4F2ZXD;2025-06-10;2494
10Z9B1H;2025-06-10;6165
4L4J1E;2025-06-10;2603
3S4W1F;2025-06-10;5056
1W7E1U;2025-06-10;1575
5L3V1H;2025-06-12;4972
5U3B1R;2025-06-10;6168
5F6GXO;2025-06-10;5209
7F3MXU;2025-06-10;1523
2L7HXA;2025-06-10;4187
8G2B2C;2025-06-10;8466
3G8GXJ;2025-06-10;4362
6M9B3S;2025-06-10;3127
1A7TXJ;2025-06-10;1061
4K5D1A;2025-06-10;10834
2G7GXM;2025-06-10;7986
9M2KXX;2025-06-12;1295
7G7W3W;2025-06-10;5420
3M2B2K;2025-06-10;3288
10Z12S2G;2025-06-10;5961
11W4Y1H;2025-06-10;4006
2E7B3M;2025-06-11;6086
8F5P1K;2025-06-11;9769
2F11GXA;2025-06-11;8424
0L3S1J;2025-06-11;14646
5L3V1H;2025-06-11;9181
5W2SXE;2025-06-11;950
12W10B2R;2025-06-11;3353
10W12MXM;2025-06-11;9654
3S8R1G;2025-06-11;5029
7Z6L2F;2025-06-11;6214
4L4J1E;2025-06-11;13998
3K9V1H;2025-06-11;991
8Z8B1A;2025-06-11;0
9S11M3D;2025-06-11;4580
7C3E1I;2025-06-11;6786
11W4Y1H;2025-06-11;2714
11L5W1P;2025-06-11;7128
1S6M3E;2025-06-11;4081
6T2PXJ;2025-06-11;86
4Z11FXF;2025-06-11;2228
1A7TXJ;2025-06-11;7228
7J7DXM;2025-06-11;12140
9M2KXX;2025-06-11;3057
4L5S1E;2025-06-11;16992
5S4G1W;2025-06-11;7443
9P3WXJ;2025-06-11;16789
4W12GXH;2025-06-11;16517
1G2T1K;2025-06-11;1315
4F2ZXD;2025-06-11;17
1S2CXW;2025-06-11;6831
9W8SXR;2025-06-11;6125
12C6B1D;2025-06-11;6059
8G2B2C;2025-06-11;7690
4T11G3A;2025-06-11;5401
12W4H1U;2025-06-11;4512
7P1P2P;2025-06-11;6372
6F10L1F;2025-06-11;443
1W7E1U;2025-06-11;2757
9B11R1G;2025-06-11;12009
5F6GXO;2025-06-11;6301
7F3MXU;2025-06-11;3165
2G7GXM;2025-06-11;9494
2W12R1D;2025-06-11;3316
2L7HXA;2025-06-11;12603
6M9B3S;2025-06-11;5450
3S4W1F;2025-06-11;8394
10Z12S2G;2025-06-11;4889
5U3B1R;2025-06-11;7584
7G7W3W;2025-06-11;5300
10Z9B1H;2025-06-11;10688
4K5D1A;2025-06-11;3549
3M2B2K;2025-06-11;3269
3G8GXJ;2025-06-11;4558
8B5V1C;2025-04-08;0
8B5V1C;2025-06-03;2830
8B5V1C;2025-06-04;4512
8B5V1C;2025-06-05;1076
8B5V1C;2025-06-06;3355
8B5V1C;2025-06-07;3167
8B5V1C;2025-06-08;327
8B5V1C;2025-06-09;177
8B5V1C;2025-06-10;3218
8B5V1C;2025-06-11;8265
8F5P1K;2025-06-12;8435
0L3S1J;2025-06-12;13195
2F11GXA;2025-06-12;7624
5W2SXE;2025-06-12;2297
10W12MXM;2025-06-12;3974
12W10B2R;2025-06-12;8219
4F2ZXD;2025-06-12;23
7Z6L2F;2025-06-12;6153
8B5V1C;2025-06-12;6782
12W4H1U;2025-06-12;2274
3S8R1G;2025-06-12;10439
4L4J1E;2025-06-12;4542
5S4G1W;2025-06-12;8080
9B11R1G;2025-06-12;15249
11L5W1P;2025-06-12;6827
4L5S1E;2025-06-12;14473
7C3E1I;2025-06-12;0
7J7DXM;2025-06-12;16765
1S6M3E;2025-06-12;4246
6T2PXJ;2025-06-12;4975
3K9V1H;2025-06-12;2894
4Z11FXF;2025-06-12;2519
9W8SXR;2025-06-12;5770
9P3WXJ;2025-06-12;22219
12C6B1D;2025-06-12;9408
4T11G3A;2025-06-12;6898
8Z8B1A;2025-06-12;0
2W12R1D;2025-06-12;5774
4W12GXH;2025-06-12;14937
1S2CXW;2025-06-12;6246
5F6GXO;2025-06-12;7882
7F3MXU;2025-06-12;13217
1W7E1U;2025-06-12;591
10Z9B1H;2025-06-12;5505
6M9B3S;2025-06-12;9110
1G2T1K;2025-06-12;9932
2L7HXA;2025-06-12;1827
2E7B3M;2025-06-12;8376
7G7W3W;2025-06-12;10827
3M2B2K;2025-06-12;3523
3G8GXJ;2025-06-12;9287
9S11M3D;2025-06-12;2507
9L2RXF;2025-06-06;1960
9L2RXF;2025-06-07;3616
9L2RXF;2025-06-08;209
9L2RXF;2025-06-09;5176
9L2RXF;2025-06-10;1192
9L2RXF;2025-06-11;4110
9L2RXF;2025-06-12;2085
5U3B1R;2025-06-12;107
10Z12S2G;2025-06-12;6419
1A7TXJ;2025-06-12;3279
2G7GXM;2025-06-12;10399
4L5S1E;2025-06-06;0
4L5S1E;2025-06-07;0
4L5S1E;2025-06-08;0
4L5S1E;2025-06-09;0
4L5S1E;2025-06-10;0
4L5S1E;2025-06-11;0
4L5S1E;2025-06-12;0
6F10L1F;2025-06-12;3961
4K5D1A;2025-06-12;1416
8G2B2C;2025-06-12;4766
9B11R1G;2025-06-13;5000
2F11GXA;2025-06-13;5275
12W10B2R;2025-06-13;2945
9P3WXJ;2025-06-13;14481
7F3MXU;2025-06-13;1498
5W2SXE;2025-06-13;997
5U3B1R;2025-06-14;17319
8F5P1K;2025-06-13;9208
7C3E1I;2025-06-13;7400
5U3B1R;2025-06-13;5116
0L3S1J;2025-06-13;9639
3S8R1G;2025-06-13;11525
7Z6L2F;2025-06-13;7257
12C6B1D;2025-06-13;14004
4L4J1E;2025-06-13;3727
10W12MXM;2025-06-13;7818
2W12R1D;2025-06-13;3204
9S11M3D;2025-06-13;3070
6T2PXJ;2025-06-13;2957
12W4H1U;2025-06-13;3435
8B5V1C;2025-06-13;689
4L5S1E;2025-06-13;4372
3K9V1H;2025-06-13;1685
4W12GXH;2025-06-13;18481
4Z11FXF;2025-06-13;1791
5F6GXO;2025-06-13;4139
3G8GXJ;2025-06-13;8029
2L7HXA;2025-06-13;5408
9W8SXR;2025-06-13;6657
4T11G3A;2025-06-13;16793
1S6M3E;2025-06-13;9648
1G2T1K;2025-06-13;5997
9M2KXX;2025-06-13;4213
5L3V1H;2025-06-13;8104
7J7DXM;2025-06-13;8425
4F2ZXD;2025-06-13;1917
8G2B2C;2025-06-13;3973
8Z8B1A;2025-06-13;0
3M2B2K;2025-06-13;2281
4K5D1A;2025-06-13;4248
2E7B3M;2025-06-13;5120
12Z5L2M;2025-06-11;8411
12Z5L2M;2025-06-12;4882
12Z5L2M;2025-06-13;5743
9M2KXX;2025-06-14;4887
11W4Y1H;2025-06-12;4944
6M9B3S;2025-06-14;17684
11W4Y1H;2025-06-13;2798
6F10L1F;2025-06-13;429
1S2CXW;2025-06-13;5168
1W7E1U;2025-06-13;1954
5S4G1W;2025-06-13;14032
10Z12S2G;2025-06-13;4627
1A7TXJ;2025-06-13;3338
7G7W3W;2025-06-13;8012
10Z9B1H;2025-06-13;11081
6M9B3S;2025-06-13;10232
2G7GXM;2025-06-13;23656
12S9J1P;2025-06-11;0
7Z6L2F;2025-06-14;3439
0L3S1J;2025-06-14;12561
3S8R1G;2025-06-14;9782
2F11GXA;2025-06-14;12167
4L4J1E;2025-06-14;6614
5W2SXE;2025-06-14;5704
12C6B1D;2025-06-14;7108
9B11R1G;2025-06-14;13990
4W12GXH;2025-06-14;17418
9S11M3D;2025-06-14;3236
7J7DXM;2025-06-14;6368
2W12R1D;2025-06-14;7950
12W10B2R;2025-06-14;11719
3G8GXJ;2025-06-14;24030
8B5V1C;2025-06-14;6063
4F2ZXD;2025-06-14;18341
8G2B2C;2025-06-14;15733
8F5P1K;2025-06-14;13033
5S4G1W;2025-06-14;5385
9W8SXR;2025-06-14;3966
3K9V1H;2025-06-14;3707
6T2PXJ;2025-06-14;6319
7C3E1I;2025-06-14;3830
4Z11FXF;2025-06-14;92
4L5S1E;2025-06-14;16487
5L3V1H;2025-06-14;3762
12S9J1P;2025-06-14;0
1S6M3E;2025-06-14;7821
4T11G3A;2025-06-14;39
12W4H1U;2025-06-14;2955
10H7K1A;2025-06-11;3821
10W12MXM;2025-06-14;15000
1G2T1K;2025-06-14;8061
8Z8B1A;2025-06-14;0
7F3MXU;2025-06-14;5708
10H7K1A;2025-06-12;9480
1W7E1U;2025-06-14;6163
2E7B3M;2025-06-14;4585
9P3WXJ;2025-06-14;12366
1S2CXW;2025-06-14;2962
3M2B2K;2025-06-14;6090
5F6GXO;2025-06-14;3090
10Z9B1H;2025-06-14;4230
7G7W3W;2025-06-14;12336
10H7K1A;2025-06-08;10815
10H7K1A;2025-06-09;1697
10H7K1A;2025-06-10;10078
10H7K1A;2025-06-13;3955
10H7K1A;2025-06-14;5281
4K5D1A;2025-06-14;18783
2L7HXA;2025-06-14;8747
2G7GXM;2025-06-14;16875
11W4Y1H;2025-06-14;12595
12Z5L2M;2025-06-14;5064
9S11M3D;2025-06-15;4023
8F5P1K;2025-06-15;6869
2F11GXA;2025-06-15;1800
0L3S1J;2025-06-15;12563
5W2SXE;2025-06-15;1917
12W10B2R;2025-06-15;2281
4L4J1E;2025-06-15;3590
12C6B1D;2025-06-15;7616
2W12R1D;2025-06-15;6089
1S6M3E;2025-06-15;3739
5S4G1W;2025-06-15;934
9P3WXJ;2025-06-15;6316
10W12MXM;2025-06-15;14008
7Z6L2F;2025-06-15;5338
8B5V1C;2025-06-15;7542
4L5S1E;2025-06-15;10116
5L3V1H;2025-06-15;2446
4W12GXH;2025-06-15;6103
7C3E1I;2025-06-15;71
3S8R1G;2025-06-15;3001
12S9J1P;2025-06-15;0
6T2PXJ;2025-06-15;402
3K9V1H;2025-06-15;1183
9W8SXR;2025-06-15;1435
4Z11FXF;2025-06-15;781
1S2CXW;2025-06-15;3722
9M2KXX;2025-06-15;1192
9B11R1G;2025-06-15;5099
4K5D1A;2025-06-15;4587
10H7K1A;2025-06-15;12139
7J7DXM;2025-06-15;10539
2L7HXA;2025-06-15;3989
8Z8B1A;2025-06-15;0
4F2ZXD;2025-06-15;1908
6M9B3S;2025-06-15;8249
4T11G3A;2025-06-15;1316
1W7E1U;2025-06-15;297
2E7B3M;2025-06-15;6370
5F6GXO;2025-06-15;1095
7F3MXU;2025-06-15;6355
8G2B2C;2025-06-15;9471
5U3B1R;2025-06-15;8926
12Z5L2M;2025-06-15;13040
12W4H1U;2025-06-15;2587
11W4Y1H;2025-06-15;8967
3M2B2K;2025-06-15;3551
2G7GXM;2025-06-15;13525
3G8GXJ;2025-06-15;6236
10Z12S2G;2025-06-14;6097
10Z12S2G;2025-06-15;3119
1A7TXJ;2025-06-14;3516
1A7TXJ;2025-06-15;1143
7G7W3W;2025-06-15;4409
6F10L1F;2025-06-14;2834
6F10L1F;2025-06-15;789
0L3S1J;2025-06-16;12779
8F5P1K;2025-06-16;9201
9S11M3D;2025-06-16;2390
1W7E1U;2025-06-16;942
2F11GXA;2025-06-16;8521
1S2CXW;2025-06-16;4244
10W12MXM;2025-06-16;4023
8F5P1K;2025-06-17;8931
12W4H1U;2025-06-16;971
5W2SXE;2025-06-16;2915
4L4J1E;2025-06-16;8162
7F3MXU;2025-06-16;7354
3S8R1G;2025-06-16;12632
9B11R1G;2025-06-16;7773
12C6B1D;2025-06-16;6076
6T2PXJ;2025-06-16;7834
12W10B2R;2025-06-16;6996
1A7TXJ;2025-06-16;3476
7C3E1I;2025-06-16;5758
1S6M3E;2025-06-16;1840
9W8SXR;2025-06-16;6605
4W12GXH;2025-06-16;7214
4L5S1E;2025-06-16;9290
5S4G1W;2025-06-16;6368
4Z11FXF;2025-06-16;6327
3K9V1H;2025-06-16;1221
5L3V1H;2025-06-16;8112
9M2KXX;2025-06-16;2329
7J7DXM;2025-06-16;13300
10H7K1A;2025-06-16;3388
4F2ZXD;2025-06-16;6
11W4Y1H;2025-06-16;2973
9P3WXJ;2025-06-16;14269
2W12R1D;2025-06-16;3473
10Z9B1H;2025-06-15;427
10Z9B1H;2025-06-16;273
4K5D1A;2025-06-16;3566
8Z8B1A;2025-06-16;0
6M9B3S;2025-06-16;14182
2E7B3M;2025-06-16;7881
5U3B1R;2025-06-16;7693
5F6GXO;2025-06-16;5584
8G2B2C;2025-06-16;3242
4T11G3A;2025-06-16;12698
12Z5L2M;2025-06-16;12511
8B5V1C;2025-06-16;3065
2L7HXA;2025-06-16;6686
10Z12S2G;2025-06-16;7138
2G7GXM;2025-06-16;8850
10F9MXK;2025-06-10;5479
10F9MXK;2025-06-11;1320
10F9MXK;2025-06-12;10878
10F9MXK;2025-06-13;4766
10F9MXK;2025-06-14;1907
10F9MXK;2025-06-15;3101
10F9MXK;2025-06-16;2586
3G8GXJ;2025-06-16;5237
7G7W3W;2025-06-16;2047
7Z6L2F;2025-06-16;2258
3M2B2K;2025-06-16;3236
6F10L1F;2025-06-16;614
6M9B3S;2025-06-17;8438
2F11GXA;2025-06-17;12217
12W10B2R;2025-06-17;8993
0L3S1J;2025-06-17;9840
10F9MXK;2025-06-17;8618
4L4J1E;2025-06-17;3597
5W2SXE;2025-06-17;1201
1S2CXW;2025-06-17;13692
9B11R1G;2025-06-17;3611
10W12MXM;2025-06-17;3277
9S11M3D;2025-06-17;2866
12W4H1U;2025-06-17;2678
9W8SXR;2025-06-17;5854
4L5S1E;2025-06-17;2683
11W4Y1H;2025-06-17;10787
8B5V1C;2025-06-17;3958
1S6M3E;2025-06-17;3028
5F6GXO;2025-06-17;5711
7C3E1I;2025-06-17;0
6T2PXJ;2025-06-17;8634
5S4G1W;2025-06-17;3200
5L3V1H;2025-06-17;7849
3K9V1H;2025-06-17;2873
4W12GXH;2025-06-17;6977
4Z11FXF;2025-06-17;5100
4T11G3A;2025-06-17;6787
9M2KXX;2025-06-17;4402
2W12R1D;2025-06-17;5930
10Z9B1H;2025-06-17;7644
12C6B1D;2025-06-17;11411
4F2ZXD;2025-06-17;27
9K5KXE;2025-06-11;6297
9K5KXE;2025-06-12;12966
9K5KXE;2025-06-13;16738
9K5KXE;2025-06-14;441
9K5KXE;2025-06-15;388
9K5KXE;2025-06-16;0
9K5KXE;2025-06-17;7060
7F3MXU;2025-06-17;6241
9P3WXJ;2025-06-17;20283
2E7B3M;2025-06-17;6182
8Z8B1A;2025-06-17;0
1W7E1U;2025-06-17;3746
7J7DXM;2025-06-17;10247
5U3B1R;2025-06-17;6865
8G2B2C;2025-06-17;6862
12Z5L2M;2025-06-17;9736
2G7GXM;2025-06-17;8676
10H7K1A;2025-06-17;4106
2L7HXA;2025-06-17;2820
3G8GXJ;2025-06-17;6218
7Z6L2F;2025-06-17;2387
3M2B2K;2025-06-17;2581
10Z12S2G;2025-06-17;4008
1A7TXJ;2025-06-17;7714
3S8R1G;2025-06-17;9118
7G7W3W;2025-06-17;10487
4K5D1A;2025-06-17;6954
6F10L1F;2025-06-17;952
6M9B3S;2025-06-18;13973
0L3S1J;2025-06-18;11520
10H7K1A;2025-06-18;19622
2F11GXA;2025-06-18;4743
5L3V1H;2025-06-18;7722
1S2CXW;2025-06-18;9370
8F5P1K;2025-06-18;5583
5W2SXE;2025-06-18;3199
8G2B2C;2025-06-18;13737
2W12R1D;2025-06-18;5435
9B11R1G;2025-06-18;16818
12W10B2R;2025-06-18;8986
6F10L1F;2025-06-18;529
4L4J1E;2025-06-18;7029
12C6B1D;2025-06-18;7095
12W4H1U;2025-06-18;2078
1S6M3E;2025-06-18;4990
9S11M3D;2025-06-18;1889
4L5S1E;2025-06-18;8531
1A7TXJ;2025-06-18;7770
4W12GXH;2025-06-18;7538
7C3E1I;2025-06-18;25
7J7DXM;2025-06-18;9192
3K9V1H;2025-06-18;144
9W8SXR;2025-06-18;5118
6T2PXJ;2025-06-18;4691
5S4G1W;2025-06-18;7820
4K5D1A;2025-06-18;4210
12Z5L2M;2025-06-18;12671
4T11G3A;2025-06-18;16509
4Z11FXF;2025-06-18;6286
10W12MXM;2025-06-18;10510
9M2KXX;2025-06-18;6550
5U3B1R;2025-06-18;12144
3G8GXJ;2025-06-18;4781
8Z8B1A;2025-06-18;0
11W4Y1H;2025-06-18;5933
10Z12S2G;2025-06-18;5787
1W7E1U;2025-06-18;2751
7F3MXU;2025-06-18;3512
8B5V1C;2025-06-18;1906
7G7W3W;2025-06-18;2142
5F6GXO;2025-06-18;4584
4F2ZXD;2025-06-18;8546
7Z6L2F;2025-06-18;3484
3S8R1G;2025-06-18;13285
2E7B3M;2025-06-18;4828
3M2B2K;2025-06-18;3634
10Z9B1H;2025-06-18;6934
2L7HXA;2025-06-18;6493
2G7GXM;2025-06-18;13924
9P3WXJ;2025-06-18;14409
0L3S1J;2025-06-19;15488
12W10B2R;2025-06-19;7554
2F11GXA;2025-06-19;7582
12W4H1U;2025-06-19;4513
5W2SXE;2025-06-19;6272
8F5P1K;2025-06-19;16501
1S2CXW;2025-06-19;3871
1S6M3E;2025-06-19;8530
3K9V1H;2025-06-19;2208
6F10L1F;2025-06-19;179
9S11M3D;2025-06-19;5647
11W4Y1H;2025-06-19;18219
12Z5L2M;2025-06-19;7941
5S4G1W;2025-06-19;2744
6T2PXJ;2025-06-19;4888
2G7GXM;2025-06-19;10491
4L5S1E;2025-06-19;2134
4L4J1E;2025-06-19;13938
7Z6L2F;2025-06-19;9740
9W8SXR;2025-06-19;2735
7C3E1I;2025-06-19;3449
5L3V1H;2025-06-19;8619
4T11G3A;2025-06-19;5145
4W12GXH;2025-06-19;7634
2W12R1D;2025-06-19;3171
9M2KXX;2025-06-19;6347
12C6B1D;2025-06-19;6833
9B11R1G;2025-06-19;9013
3G8GXJ;2025-06-19;12505
10H7K1A;2025-06-19;17856
8Z8B1A;2025-06-19;0
4Z11FXF;2025-06-19;4056
8B5V1C;2025-06-19;298
9P3WXJ;2025-06-19;8869
4F2ZXD;2025-06-19;6872
10Z9B1H;2025-06-19;6340
1W7E1U;2025-06-19;586
7J7DXM;2025-06-19;14331
5U3B1R;2025-06-19;15310
7F3MXU;2025-06-19;2254
8G2B2C;2025-06-19;389
2E7B3M;2025-06-19;11759
3S8R1G;2025-06-19;10560
10W12MXM;2025-06-19;18104
2L7HXA;2025-06-19;13591
7G7W3W;2025-06-19;1859
6M9B3S;2025-06-19;15451
3M2B2K;2025-06-19;4316
10Z12S2G;2025-06-19;10993
4K5D1A;2025-06-19;9259
4K5D1A;2025-06-23;8792
6F10L1F;2025-06-20;3728
10H7K1A;2025-06-20;3333
5U3B1R;2025-06-20;4596
2G7GXM;2025-06-21;8225
4L4J1E;2025-06-20;20401
5W2SXE;2025-06-20;2927
1S2CXW;2025-06-20;8849
9S11M3D;2025-06-20;2289
8F5P1K;2025-06-20;17309
6T2PXJ;2025-06-20;4095
12C6B1D;2025-06-20;7237
5L3V1H;2025-06-20;10665
4Z11FXF;2025-06-20;3978
2F11GXA;2025-06-20;11144
9B11R1G;2025-06-20;7320
8G2B2C;2025-06-20;15463
7C3E1I;2025-06-20;5334
10W12MXM;2025-06-20;11269
4L5S1E;2025-06-20;2603
9W8SXR;2025-06-20;4871
6B10M2M;2025-05-18;9779
5S4G1W;2025-06-20;5716
0L3S1J;2025-06-20;16779
4T11G3A;2025-06-20;18447
8B5V1C;2025-06-20;4450
4F2ZXD;2025-06-20;3097
9M2KXX;2025-06-20;4400
7F3MXU;2025-06-20;3607
3K9V1H;2025-06-20;7860
4W12GXH;2025-06-20;7953
4K5D1A;2025-06-20;3426
11W4Y1H;2025-06-20;5533
2W12R1D;2025-06-20;5151
7J7DXM;2025-06-20;7897
12Z5L2M;2025-06-20;4806
3G8GXJ;2025-06-20;8179
6B10M2M;2025-05-22;0
6B10M2M;2025-05-23;0
6M9B3S;2025-06-20;12755
1W7E1U;2025-06-20;1489
1S6M3E;2025-06-20;7611
3S8R1G;2025-06-20;12187
3M2B2K;2025-06-20;7768
5F6GXO;2025-06-19;6503
5F6GXO;2025-06-20;4359
2G7GXM;2025-06-20;12818
12W10B2R;2025-06-20;7620
1A7TXJ;2025-06-19;4598
1A7TXJ;2025-06-20;4894
10Z12S2G;2025-06-20;3884
12W4H1U;2025-06-20;1666
2E7B3M;2025-06-20;7882
7Z6L2F;2025-06-20;6177
10Z9B1H;2025-06-20;13546
6B10M2M;2025-05-25;0
6B10M2M;2025-06-17;1
7G7W3W;2025-06-20;7292
2L7HXA;2025-06-20;8544
9P3WXJ;2025-06-20;15649
6B10M2M;2025-05-30;0
9S11M3D;2025-06-21;1905
12C6B1D;2025-06-21;12622
7Z6L2F;2025-06-21;12931
4L4J1E;2025-06-21;3384
0L3S1J;2025-06-21;20848
2F11GXA;2025-06-21;16724
5W2SXE;2025-06-21;3015
5U3B1R;2025-06-21;2704
8F5P1K;2025-06-21;6069
9P3WXJ;2025-06-21;7345
1S2CXW;2025-06-21;5405
9B11R1G;2025-06-21;10630
4K5D1A;2025-06-21;9607
4Z11FXF;2025-06-21;4313
10H7K1A;2025-06-21;14825
6B10M2M;2025-06-07;0
7J7DXM;2025-06-21;16077
7C3E1I;2025-06-21;2650
3G8GXJ;2025-06-21;6096
6T2PXJ;2025-06-21;4050
4L5S1E;2025-06-21;8666
9W8SXR;2025-06-21;15014
5F6GXO;2025-06-21;6236
5S4G1W;2025-06-21;21118
2W12R1D;2025-06-21;4772
3K9V1H;2025-06-21;2024
3M2B2K;2025-06-21;7688
4T11G3A;2025-06-21;10627
10Z12S2G;2025-06-21;12190
6B10M2M;2025-06-15;192
8B5V1C;2025-06-21;40
12W4H1U;2025-06-21;4096
9M2KXX;2025-06-21;254
6M9B3S;2025-06-21;5663
4F2ZXD;2025-06-21;31
5L3V1H;2025-06-21;14510
8G2B2C;2025-06-21;5839
4W12GXH;2025-06-21;6236
1S6M3E;2025-06-21;1431
2E7B3M;2025-06-21;6596
1W7E1U;2025-06-21;1918
8Z8B1A;2025-06-21;0
7G7W3W;2025-06-21;4937
3S8R1G;2025-06-21;10712
2L7HXA;2025-06-21;12344
10Z9B1H;2025-06-21;4205
10W12MXM;2025-06-21;13992
12Z5L2M;2025-06-21;11469
6B10M2M;2025-06-20;0
7F3MXU;2025-06-21;3303
2E7B3M;2025-06-22;11288
11W4Y1H;2025-06-21;8563
9S11M3D;2025-06-22;1964
12W4H1U;2025-06-22;16125
8F5P1K;2025-06-22;5775
5S4G1W;2025-06-22;1232
1S2CXW;2025-06-22;9873
2F11GXA;2025-06-22;7556
0L3S1J;2025-06-22;21389
5W2SXE;2025-06-22;129
7C3E1I;2025-06-22;1197
4L5S1E;2025-06-22;19772
1S6M3E;2025-06-22;33351
11W4Y1H;2025-06-22;7365
4L4J1E;2025-06-22;1507
4Z11FXF;2025-06-22;22
5L3V1H;2025-06-22;857
7J7DXM;2025-06-22;8461
6T2PXJ;2025-06-22;52
9W8SXR;2025-06-22;16065
3K9V1H;2025-06-22;2527
2W12R1D;2025-06-22;11880
4T11G3A;2025-06-22;16129
9M2KXX;2025-06-22;3629
10H7K1A;2025-06-22;20981
10Z9B1H;2025-06-22;3588
2G7GXM;2025-06-22;16916
8B5V1C;2025-06-22;67
8Z8B1A;2025-06-22;0
1W7E1U;2025-06-22;558
4W12GXH;2025-06-22;5382
4F2ZXD;2025-06-22;14095
9B11R1G;2025-06-22;6793
6M9B3S;2025-06-22;21314
12C6B1D;2025-06-22;15286
7Z6L2F;2025-06-22;5721
7F3MXU;2025-06-22;811
4K5D1A;2025-06-22;4717
3G8GXJ;2025-06-22;11350
6F10L1F;2025-06-21;4163
6F10L1F;2025-06-22;372
3S8R1G;2025-06-22;11725
12W10B2R;2025-06-21;11173
12W10B2R;2025-06-22;2155
5U3B1R;2025-06-22;2088
8G2B2C;2025-06-22;4031
10W12MXM;2025-06-22;5228
1A7TXJ;2025-06-21;388
1A7TXJ;2025-06-22;860
12Z5L2M;2025-06-22;3906
3M2B2K;2025-06-22;7204
2L7HXA;2025-06-22;13827
9S11M3D;2025-06-23;4654
0L3S1J;2025-06-23;7195
8F5P1K;2025-06-23;8700
2F11GXA;2025-06-23;6425
9B11R1G;2025-06-23;7573
1S2CXW;2025-06-23;6635
12C6B1D;2025-06-23;8335
5W2SXE;2025-06-23;173
3K9V1H;2025-06-23;1434
7C3E1I;2025-06-23;6325
11W4Y1H;2025-06-23;11366
3G8GXJ;2025-06-23;6574
1S6M3E;2025-06-23;3437
7J7DXM;2025-06-23;5665
4L5S1E;2025-06-23;11779
5F6GXO;2025-06-22;4000
5F6GXO;2025-06-23;3775
6T2PXJ;2025-06-23;6239
4L4J1E;2025-06-23;5210
5S4G1W;2025-06-23;8844
8B5V1C;2025-06-23;2012
4Z11FXF;2025-06-23;4019
12W4H1U;2025-06-23;4375
4T11G3A;2025-06-23;2691
9W8SXR;2025-06-23;3293
9M2KXX;2025-06-23;3025
10H7K1A;2025-06-23;1541
5U3B1R;2025-06-23;3688
1W7E1U;2025-06-23;3819
10Z9B1H;2025-06-23;7649
2E7B3M;2025-06-23;9454
4F2ZXD;2025-06-23;0
4W12GXH;2025-06-23;5522
2L7HXA;2025-06-23;8322
9P3WXJ;2025-06-22;6251
9P3WXJ;2025-06-23;3410
8Z8B1A;2025-06-23;0
2W12R1D;2025-06-23;5928
6F10L1F;2025-06-23;2720
5L3V1H;2025-06-23;8076
6M9B3S;2025-06-23;5380
1A7TXJ;2025-06-23;3450
12Z5L2M;2025-06-23;8379
3S8R1G;2025-06-23;9716
3M2B2K;2025-06-23;4118
7F3MXU;2025-06-23;6384
7Z6L2F;2025-06-23;4853
10W12MXM;2025-06-23;4811
7G7W3W;2025-06-22;3358
7G7W3W;2025-06-23;403
12W10B2R;2025-06-23;3793
2G7GXM;2025-06-23;12360
8G2B2C;2025-06-23;5637
0L3S1J;2025-06-24;11027
5W2SXE;2025-06-24;428
9B11R1G;2025-06-24;9103
1S6M3E;2025-06-24;2921
6T2PXJ;2025-06-24;6850
1S2CXW;2025-06-24;18323
9S11M3D;2025-06-24;3399
2F11GXA;2025-06-24;6355
4L5S1E;2025-06-24;14807
11W4Y1H;2025-06-24;9994
3K9V1H;2025-06-24;2258
12W10B2R;2025-06-24;5498
7C3E1I;2025-06-24;0
3M2B2K;2025-06-24;4820
5S4G1W;2025-06-24;8595
9W8SXR;2025-06-24;4036
4Z11FXF;2025-06-24;5549
5F6GXO;2025-06-24;6221
4L4J1E;2025-06-24;6852
7J7DXM;2025-06-24;7077
9M2KXX;2025-06-24;2091
12C6B1D;2025-06-24;10014
12W4H1U;2025-06-24;5429
4T11G3A;2025-06-24;49
10Z9B1H;2025-06-24;10548
8B5V1C;2025-06-24;2566
4F2ZXD;2025-06-24;6
6M9B3S;2025-06-24;3761
1W7E1U;2025-06-24;2628
2E7B3M;2025-06-24;8627
8Z8B1A;2025-06-24;0
2W12R1D;2025-06-24;7497
2L7HXA;2025-06-24;14972
10H7K1A;2025-06-24;2060
5L3V1H;2025-06-24;8873
2G7GXM;2025-06-24;7068
10W12MXM;2025-06-24;8909
6F10L1F;2025-06-24;2659
4K5D1A;2025-06-24;2039
9P3WXJ;2025-06-24;5628
5U3B1R;2025-06-24;6505
7Z6L2F;2025-06-25;10471
0L3S1J;2025-06-25;14429
5W2SXE;2025-06-25;299
1S2CXW;2025-06-25;5435
9B11R1G;2025-06-25;12911
9P3WXJ;2025-06-25;7017
9W8SXR;2025-06-25;6711
12W4H1U;2025-06-25;5138
4Z11FXF;2025-06-25;3822
5S4G1W;2025-06-25;11773
11W4Y1H;2025-06-25;6157
7J7DXM;2025-06-25;12308
9S11M3D;2025-06-25;2011
4L4J1E;2025-06-25;13623
6T2PXJ;2025-06-25;7007
5F6GXO;2025-06-25;3720
2F11GXA;2025-06-25;11586
4T11G3A;2025-06-25;7744
3K9V1H;2025-06-25;1556
4L5S1E;2025-06-25;11778
4W12GXH;2025-06-25;11000
7C3E1I;2025-06-25;11478
10W12MXM;2025-06-25;4888
5L3V1H;2025-06-25;9082
9M2KXX;2025-06-25;2162
4F2ZXD;2025-06-25;3597
10H7K1A;2025-06-25;3484
2W12R1D;2025-06-25;1517
8B5V1C;2025-06-25;8745
1W7E1U;2025-06-25;1111
4K5D1A;2025-06-25;4417
5U3B1R;2025-06-25;1730
8Z8B1A;2025-06-25;0
6M9B3S;2025-06-25;3627
1S6M3E;2025-06-25;6106
3M2B2K;2025-06-25;3938
2G7GXM;2025-06-25;11047
2E7B3M;2025-06-25;4696
2L7HXA;2025-06-25;16831
12Z5L2M;2025-06-25;9900
12C6B1D;2025-06-25;10036
8G2B2C;2025-06-25;16997
7F3MXU;2025-06-25;2813
6F10L1F;2025-06-25;1108
3G8GXJ;2025-06-24;7458
3G8GXJ;2025-06-25;5196
0L3S1J;2025-06-26;9157
9B11R1G;2025-06-26;13626
2F11GXA;2025-06-26;5399
5W2SXE;2025-06-26;2018
1W7E1U;2025-06-26;1941
1S2CXW;2025-06-26;5481
4L4J1E;2025-06-26;11862
9S11M3D;2025-06-26;2034
11W4Y1H;2025-06-26;17859
1S6M3E;2025-06-26;2269
9M2KXX;2025-06-26;4635
6F10L1F;2025-06-26;3917
4Z11FXF;2025-06-26;1903
9W8SXR;2025-06-26;3522
4L5S1E;2025-06-26;15349
12W4H1U;2025-06-26;10079
7J7DXM;2025-06-26;10218
6T2PXJ;2025-06-26;462
3K9V1H;2025-06-26;2952
7C3E1I;2025-06-26;6671
5S4G1W;2025-06-26;8389
9P3WXJ;2025-06-26;4465
4T11G3A;2025-06-26;2575
8Z8B1A;2025-06-26;0
5L3V1H;2025-06-26;5678
10H7K1A;2025-06-26;2499
8B5V1C;2025-06-26;2872
4F2ZXD;2025-06-26;5217
10Z9B1H;2025-06-25;10194
10Z9B1H;2025-06-26;97
6M9B3S;2025-06-26;8985
5F6GXO;2025-06-26;3443
4W12GXH;2025-06-26;9752
2W12R1D;2025-06-26;9242
3G8GXJ;2025-06-26;8305
2G7GXM;2025-06-26;12500
2L7HXA;2025-06-26;5142
7Z6L2F;2025-06-26;4652
10W12MXM;2025-06-26;6432
7F3MXU;2025-06-26;6755
5U3B1R;2025-06-26;6623
3M2B2K;2025-06-26;8938
12W10B2R;2025-06-25;8256
12W10B2R;2025-06-26;3986
4K5D1A;2025-06-26;5789
2E7B3M;2025-06-26;1919
12Z5L2M;2025-06-26;3630
2W12R1D;2025-06-27;5052
2F11GXA;2025-06-27;5251
5W2SXE;2025-06-27;6737
5L3V1H;2025-06-27;5888
4L4J1E;2025-06-27;1299
1S2CXW;2025-06-27;11090
2L7HXA;2025-06-27;5489
9S11M3D;2025-06-27;12505
2E7B3M;2025-06-27;4052
4L5S1E;2025-06-27;20483
10W12MXM;2025-06-27;16591
0L3S1J;2025-06-27;16857
1W7E1U;2025-06-27;3420
7J7DXM;2025-06-27;11532
5S4G1W;2025-06-27;8478
6T2PXJ;2025-06-27;690
7C3E1I;2025-06-27;6516
4K5D1A;2025-06-27;4776
12W4H1U;2025-06-27;21243
9W8SXR;2025-06-27;5935
5F6GXO;2025-06-27;6039
3K9V1H;2025-06-27;12101
1S6M3E;2025-06-27;12493
4Z11FXF;2025-06-27;5058
4T11G3A;2025-06-27;24894
3M2B2K;2025-06-27;6123
8B5V1C;2025-06-27;2300
4F2ZXD;2025-06-27;397
7Z6L2F;2025-06-27;9957
10H7K1A;2025-06-27;2956
9M2KXX;2025-06-27;2010
4W12GXH;2025-06-27;16376
2G7GXM;2025-06-27;8415
9B11R1G;2025-06-27;15613
8Z8B1A;2025-06-27;0
5U3B1R;2025-06-27;117
3G8GXJ;2025-06-27;13675
9P3WXJ;2025-06-27;5434
6M9B3S;2025-06-27;8277
6F10L1F;2025-06-27;644
12W10B2R;2025-06-27;10488
10Z9B1H;2025-06-27;17157
1A7TXJ;2025-06-24;7419
1A7TXJ;2025-06-25;441
1A7TXJ;2025-06-26;2466
1A7TXJ;2025-06-27;3215
7F3MXU;2025-06-27;7430
12Z5L2M;2025-06-27;5290
11W4Y1H;2025-06-27;9996
4W12GXH;2025-09-01;5011
9S11M3D;2025-06-28;6731
8G2B2C;2025-06-26;6767
8G2B2C;2025-06-27;16818
2F11GXA;2025-06-28;10084
0L3S1J;2025-06-28;4953
5W2SXE;2025-06-28;878
7Z6L2F;2025-06-28;11725
4K5D1A;2025-06-28;8689
9M2KXX;2025-06-28;4093
7J7DXM;2025-06-28;8519
7C3E1I;2025-06-28;3155
4L4J1E;2025-06-28;3790
2E7B3M;2025-06-28;8493
5U3B1R;2025-06-28;5327
5L3V1H;2025-06-28;4731
11W4Y1H;2025-06-28;6105
2L7HXA;2025-06-28;22294
10W12MXM;2025-06-28;17070
12W4H1U;2025-06-28;21489
9W8SXR;2025-06-28;8538
4Z11FXF;2025-06-28;78
1S6M3E;2025-06-28;8129
6T2PXJ;2025-06-28;7758
3K9V1H;2025-06-28;6064
6B10M2M;2025-06-28;0
1W7E1U;2025-06-28;7390
4T11G3A;2025-06-28;11092
8B5V1C;2025-06-28;796
2W12R1D;2025-06-28;6070
8Z8B1A;2025-06-28;0
10H7K1A;2025-06-28;1473
4F2ZXD;2025-06-28;0
2G7GXM;2025-06-28;5614
9B11R1G;2025-06-28;11926
5S4G1W;2025-06-28;9257
6M9B3S;2025-06-28;155
10Z9B1H;2025-06-28;1161
7F3MXU;2025-06-28;3680
1A7TXJ;2025-06-28;521
6F10L1F;2025-06-28;3099
3G8GXJ;2025-06-28;8833
12W10B2R;2025-06-28;4818
3M2B2K;2025-06-28;7188
4W12GXH;2025-06-28;19236
4L5S1E;2025-06-28;11933
1W7E1U;2025-06-29;497
9S11M3D;2025-06-29;526
5W2SXE;2025-06-29;4148
2F11GXA;2025-06-29;8918
7Z6L2F;2025-06-29;13268
0L3S1J;2025-06-29;23876
10W12MXM;2025-06-29;19388
12W4H1U;2025-06-29;19682
6T2PXJ;2025-06-29;496
1S6M3E;2025-06-29;10220
6B10M2M;2025-06-29;1112
11W4Y1H;2025-06-29;9361
8B5V1C;2025-06-29;1596
5S4G1W;2025-06-29;20052
4L5S1E;2025-06-29;0
7J7DXM;2025-06-29;6025
3K9V1H;2025-06-29;16
4Z11FXF;2025-06-29;3733
9W8SXR;2025-06-29;8384
5F6GXO;2025-06-28;7781
5F6GXO;2025-06-29;1613
7C3E1I;2025-06-29;894
4W12GXH;2025-06-29;3087
4K5D1A;2025-06-29;7034
5L3V1H;2025-06-29;1897
9M2KXX;2025-06-29;25
4T11G3A;2025-06-29;10254
10H7K1A;2025-06-29;1586
4L4J1E;2025-06-29;7293
2W12R1D;2025-06-29;4745
4F2ZXD;2025-06-29;5855
2E7B3M;2025-06-29;7403
6F10L1F;2025-06-29;513
6M9B3S;2025-06-29;3734
10Z9B1H;2025-06-29;3351
2G7GXM;2025-06-29;5009
2L7HXA;2025-06-29;6892
7F3MXU;2025-06-29;4776
3G8GXJ;2025-06-29;7477
9P3WXJ;2025-06-28;9020
9P3WXJ;2025-06-29;1586
1A7TXJ;2025-06-29;390
12Z5L2M;2025-06-28;5574
12Z5L2M;2025-06-29;5794
3M2B2K;2025-06-29;4007
9B11R1G;2025-06-29;9906
12W10B2R;2025-06-29;4941
5W2SXE;2025-06-30;71
0L3S1J;2025-06-30;14564
2F11GXA;2025-06-30;5989
9B11R1G;2025-06-30;3212
6M9B3S;2025-06-30;7373
1S6M3E;2025-06-30;4518
10W12MXM;2025-06-30;3124
6T2PXJ;2025-06-30;5925
12W10B2R;2025-06-30;9256
7C3E1I;2025-06-30;5806
12W4H1U;2025-06-30;6607
11W4Y1H;2025-06-30;8116
6F10L1F;2025-06-30;5265
5L3V1H;2025-06-30;7804
4L5S1E;2025-06-30;19093
9W8SXR;2025-06-30;5688
3K9V1H;2025-06-30;2680
4Z11FXF;2025-06-30;2203
3G8GXJ;2025-06-30;6926
5S4G1W;2025-06-30;5004
4F2ZXD;2025-06-30;2044
7J7DXM;2025-06-30;8999
9M2KXX;2025-06-30;770
8B5V1C;2025-06-30;2055
9S11M3D;2025-06-30;2875
8Z8B1A;2025-06-30;0
10Z9B1H;2025-06-30;11769
4T11G3A;2025-06-30;3516
10H7K1A;2025-06-30;2342
1W7E1U;2025-06-30;2909
2E7B3M;2025-06-30;7854
2W12R1D;2025-06-30;6252
4L4J1E;2025-06-30;6934
4K5D1A;2025-06-30;1790
5F6GXO;2025-06-30;5799
2G7GXM;2025-06-30;5286
4L5S1E;2025-09-01;9452
7Z6L2F;2025-06-30;5703
12Z5L2M;2025-06-30;12429
7F3MXU;2025-06-30;7493
4W12GXH;2025-06-30;10058
3M2B2K;2025-06-30;6519
9P3WXJ;2025-06-30;2858
8G2B2C;2025-06-28;12548
8G2B2C;2025-06-29;3952
5L3V1H;2025-07-01;8619
5W2SXE;2025-07-01;2066
0L3S1J;2025-07-01;11548
2F11GXA;2025-07-01;6900
2G7GXM;2025-07-01;13173
6T2PXJ;2025-07-01;3625
3K9V1H;2025-07-01;3179
5S4G1W;2025-07-01;8054
1S6M3E;2025-07-01;7701
4Z11FXF;2025-07-01;2864
7J7DXM;2025-07-01;12474
11W4Y1H;2025-07-01;8192
10W12MXM;2025-07-01;4666
9W8SXR;2025-07-01;7737
1A7TXJ;2025-06-30;7372
1A7TXJ;2025-07-01;3452
4L5S1E;2025-07-01;2624
5F6GXO;2025-07-01;5401
4L4J1E;2025-07-01;5222
6B10M2M;2025-07-01;0
7C3E1I;2025-07-01;529
4W12GXH;2025-07-01;3141
4T11G3A;2025-07-01;3558
9M2KXX;2025-07-01;4831
10Z9B1H;2025-07-01;9555
6M9B3S;2025-07-02;2455
9B11R1G;2025-07-01;6831
8B5V1C;2025-07-01;308
8Z8B1A;2025-07-01;0
4F2ZXD;2025-07-01;3384
1W7E1U;2025-07-01;1913
2W12R1D;2025-07-01;4639
12Z5L2M;2025-07-01;12029
6M9B3S;2025-07-01;8322
6F10L1F;2025-07-01;2297
12W4H1U;2025-07-01;2519
10H7K1A;2025-07-01;3805
7Z6L2F;2025-07-01;8183
3G8GXJ;2025-07-01;9488
9S11M3D;2025-07-01;2946
7F3MXU;2025-07-01;2944
2E7B3M;2025-07-01;8908
3M2B2K;2025-07-01;4264
10Z12S2G;2025-06-25;5437
10Z12S2G;2025-06-26;4809
10Z12S2G;2025-06-27;6081
10Z12S2G;2025-06-28;15694
10Z12S2G;2025-06-29;8145
10Z12S2G;2025-06-30;8496
10Z12S2G;2025-07-01;7600
12W10B2R;2025-07-01;5920
10W12MXM;2025-07-02;3732
4L5S1E;2025-06-25;0
5U3B1R;2025-06-29;6617
4L5S1E;2025-06-26;0
5U3B1R;2025-06-30;36
4L5S1E;2025-06-27;0
5U3B1R;2025-07-01;55
4L5S1E;2025-06-28;0
4L5S1E;2025-06-29;0
4L5S1E;2025-06-30;0
1W7E1U;2025-07-02;2073
4L5S1E;2025-07-01;0
4K5D1A;2025-07-01;7062
2L7HXA;2025-06-30;3452
2L7HXA;2025-07-01;1073
9P3WXJ;2025-07-01;5632
5W2SXE;2025-07-02;392
7Z6L2F;2025-07-02;7978
10H7K1A;2025-07-02;6214
12W10B2R;2025-07-02;2558
5L3V1H;2025-07-02;5675
2F11GXA;2025-07-02;9695
4L4J1E;2025-07-02;5563
0L3S1J;2025-07-02;3722
9B11R1G;2025-07-02;5962
4L5S1E;2025-07-02;297
7J7DXM;2025-07-02;24279
12Z5L2M;2025-07-02;10527
4L5S1E;2025-07-02;20519
1S6M3E;2025-07-02;3501
7C3E1I;2025-07-02;1804
8B5V1C;2025-07-02;3534
6T2PXJ;2025-07-02;3229
9W8SXR;2025-07-02;8795
3K9V1H;2025-07-02;2689
9S11M3D;2025-07-02;2710
5S4G1W;2025-07-02;8593
11W4Y1H;2025-07-02;13971
4Z11FXF;2025-07-02;2510
5F6GXO;2025-07-02;4308
4W12GXH;2025-07-02;8982
9M2KXX;2025-07-02;10743
4T11G3A;2025-07-02;1228
2E7B3M;2025-07-02;6988
4F2ZXD;2025-07-02;0
2W12R1D;2025-07-02;713
7F3MXU;2025-07-02;697
8Z8B1A;2025-07-02;0
4K5D1A;2025-07-02;3389
2G7GXM;2025-07-02;5587
3G8GXJ;2025-07-02;10822
12W4H1U;2025-07-02;8496
1A7TXJ;2025-07-02;4784
10Z12S2G;2025-07-02;4467
3M2B2K;2025-07-02;5215
9P3WXJ;2025-07-02;4822
6F10L1F;2025-07-02;6727
8G2B2C;2025-06-30;7397
8G2B2C;2025-07-01;9494
4L4J1E;2025-07-03;9240
8G2B2C;2025-07-02;11703
2L7HXA;2025-07-02;5506
5W2SXE;2025-07-03;203
6M9B3S;2025-07-03;7412
2F11GXA;2025-07-03;8632
9P3WXJ;2025-07-03;2205
9B11R1G;2025-07-03;10463
0L3S1J;2025-07-03;13716
4Z11FXF;2025-07-03;23
4L5S1E;2025-07-03;0
11W4Y1H;2025-07-03;10692
5S4G1W;2025-07-03;14124
3M2B2K;2025-07-03;5963
6F10L1F;2025-07-03;717
5F6GXO;2025-07-03;7619
9S11M3D;2025-07-03;3857
6T2PXJ;2025-07-03;4573
3K9V1H;2025-07-03;3069
7C3E1I;2025-07-03;1458
5L3V1H;2025-07-03;8863
4L5S1E;2025-07-03;9769
9W8SXR;2025-07-03;6828
4T11G3A;2025-07-03;6470
4W12GXH;2025-07-03;5764
1S6M3E;2025-07-03;2542
6B10M2M;2025-07-03;0
9M2KXX;2025-07-03;5683
7J7DXM;2025-07-03;17187
7F3MXU;2025-07-03;4814
10H7K1A;2025-07-03;2672
8Z8B1A;2025-07-03;0
10Z9B1H;2025-07-02;12870
10Z9B1H;2025-07-03;1608
3G8GXJ;2025-07-03;12488
8B5V1C;2025-07-03;2481
2W12R1D;2025-07-03;6059
4F2ZXD;2025-07-03;2238
10W12MXM;2025-07-03;7344
7J7DXM;2025-09-01;6110
1W7E1U;2025-07-03;2186
12W4H1U;2025-07-03;9109
12W10B2R;2025-07-03;5398
8G2B2C;2025-07-03;8952
7Z6L2F;2025-07-03;6800
2E7B3M;2025-07-03;5144
12Z5L2M;2025-07-03;9932
1A7TXJ;2025-07-03;10173
10Z12S2G;2025-07-03;5379
2G7GXM;2025-07-03;7579
2L7HXA;2025-07-03;15907
4K5D1A;2025-07-03;5555
12W10B2R;2025-07-04;9279
2F11GXA;2025-07-04;8290
7C3E1I;2025-07-04;8
0L3S1J;2025-07-04;9284
1S6M3E;2025-07-04;4476
5W2SXE;2025-07-04;2198
9P3WXJ;2025-07-04;2487
9M2KXX;2025-07-04;6688
7F3MXU;2025-07-04;4740
4L5S1E;2025-07-04;0
4L4J1E;2025-07-04;11169
5F6GXO;2025-07-04;13951
8G2B2C;2025-07-04;8045
4L5S1E;2025-07-04;4298
8B5V1C;2025-07-04;3591
5L3V1H;2025-07-04;8259
9W8SXR;2025-07-04;4261
11W4Y1H;2025-07-04;5842
4Z11FXF;2025-07-04;4066
3K9V1H;2025-07-04;1689
7J7DXM;2025-07-04;10968
1A7TXJ;2025-07-04;4953
6T2PXJ;2025-07-04;4189
4F2ZXD;2025-07-04;1461
4T11G3A;2025-07-04;18159
5S4G1W;2025-07-04;10207
9B11R1G;2025-07-04;12250
2W12R1D;2025-07-04;323
10H7K1A;2025-07-04;3052
4K5D1A;2025-07-04;1730
2E7B3M;2025-07-04;4072
3M2B2K;2025-07-04;8783
8Z8B1A;2025-07-04;0
2G7GXM;2025-07-04;8141
12Z5L2M;2025-07-04;10076
6M9B3S;2025-07-04;5242
6F10L1F;2025-07-04;355
9S11M3D;2025-07-04;3313
7Z6L2F;2025-07-04;7653
10Z12S2G;2025-07-04;3004
4W12GXH;2025-07-04;15980
12W4H1U;2025-07-04;5594
10Z9B1H;2025-07-04;17441
2L7HXA;2025-07-04;4703
1W7E1U;2025-07-04;3101
3G8GXJ;2025-07-04;24448
7P1P2P;2025-06-28;2993
3G8GXJ;2025-07-05;16463
7P1P2P;2025-06-29;3528
3K9V1H;2025-07-05;2696
7P1P2P;2025-06-30;3549
2L7HXA;2025-07-05;16283
7P1P2P;2025-07-01;2988
4L5S1E;2025-07-05;0
7P1P2P;2025-07-02;3757
6T2PXJ;2025-07-05;6871
7P1P2P;2025-07-03;3213
4L5S1E;2025-07-05;15831
7P1P2P;2025-07-04;909
0L3S1J;2025-07-05;10130
2F11GXA;2025-07-05;14630
5W2SXE;2025-07-05;4226
5F6GXO;2025-07-05;11250
12W4H1U;2025-07-05;9688
4L4J1E;2025-07-05;11628
12W10B2R;2025-07-05;7611
2E7B3M;2025-07-05;5835
5L3V1H;2025-07-05;5752
6M9B3S;2025-07-05;7458
7J7DXM;2025-07-05;9986
4K5D1A;2025-07-05;4885
7P1P2P;2025-07-05;6602
4Z11FXF;2025-07-05;1226
1S6M3E;2025-07-05;7211
5S4G1W;2025-07-05;9693
9W8SXR;2025-07-05;7451
4T11G3A;2025-07-05;7202
8G2B2C;2025-07-05;20287
4F2ZXD;2025-07-05;4453
9M2KXX;2025-07-05;6522
4W12GXH;2025-07-05;12783
8B5V1C;2025-07-05;9493
10Z9B1H;2025-07-05;6972
7F3MXU;2025-07-05;3512
10H7K1A;2025-07-05;5367
2W12R1D;2025-07-05;3077
8Z8B1A;2025-07-05;0
3M2B2K;2025-07-05;6259
9B11R1G;2025-07-05;26104
2G7GXM;2025-07-05;15841
11W4Y1H;2025-07-05;15013
10Z12S2G;2025-07-05;6054
9P3WXJ;2025-07-05;2248
1W7E1U;2025-07-05;1717
7Z6L2F;2025-07-05;6524
12Z5L2M;2025-07-05;6561
1A7TXJ;2025-07-05;377
9S11M3D;2025-07-05;6195
9B11R1G;2025-07-06;26730
2F11GXA;2025-07-06;1341
5W2SXE;2025-07-06;127
12W4H1U;2025-07-06;10343
0L3S1J;2025-07-06;10759
5U3B1R;2025-07-04;8899
5U3B1R;2025-07-05;2023
4L5S1E;2025-07-06;0
12W10B2R;2025-07-06;3355
3K9V1H;2025-07-06;836
2L7HXA;2025-07-06;5794
6T2PXJ;2025-07-06;5426
4Z11FXF;2025-07-06;83
1S6M3E;2025-07-06;2126
9P3WXJ;2025-07-06;1969
6B10M2M;2025-07-06;2434
5S4G1W;2025-07-06;7384
11W4Y1H;2025-07-06;21254
8B5V1C;2025-07-06;562
4L5S1E;2025-07-06;12377
9W8SXR;2025-07-06;836
7J7DXM;2025-07-06;6365
4F2ZXD;2025-07-06;0
9S11M3D;2025-07-06;2082
4T11G3A;2025-07-06;538
5L3V1H;2025-07-06;4705
9M2KXX;2025-07-06;1319
10H7K1A;2025-07-06;3700
11W4Y1H;2025-08-31;6243
5U3B1R;2025-07-07;8198
7P1P2P;2025-07-06;1078
8Z8B1A;2025-07-06;0
2E7B3M;2025-07-06;3287
10Z9B1H;2025-07-06;12040
4W12GXH;2025-07-06;10710
5F6GXO;2025-07-06;4743
10W12MXM;2025-07-04;8189
10W12MXM;2025-07-05;7108
10W12MXM;2025-07-06;5584
7F3MXU;2025-07-06;8638
1W7E1U;2025-07-06;3180
8G2B2C;2025-07-06;11098
12Z5L2M;2025-07-06;5093
4L5S1E;2025-07-08;0
7Z6L2F;2025-07-06;7703
4K5D1A;2025-07-06;6232
10Z12S2G;2025-07-06;7657
3M2B2K;2025-07-06;4483
12S9J1P;2025-06-18;0
6M9B3S;2025-07-06;2606
2W12R1D;2025-07-06;6003
4L5S1E;2025-06-30;0
4L5S1E;2025-07-01;0
4L5S1E;2025-07-02;0
4L5S1E;2025-07-03;0
4L5S1E;2025-07-04;0
4L5S1E;2025-07-05;0
4L5S1E;2025-07-06;0
2G7GXM;2025-07-06;11465
6F10L1F;2025-07-05;2843
6F10L1F;2025-07-06;436
0L3S1J;2025-07-07;10791
2F11GXA;2025-07-07;5679
6F10L1F;2025-07-07;117
9B11R1G;2025-07-07;5761
4L5S1E;2025-07-07;3293
5W2SXE;2025-07-07;99
12W10B2R;2025-07-07;8405
6B10M2M;2025-07-07;0
4L5S1E;2025-07-07;0
1S6M3E;2025-07-07;2707
7J7DXM;2025-07-07;9750
6T2PXJ;2025-07-07;740
4L5S1E;2025-07-07;6688
4Z11FXF;2025-07-07;88
3K9V1H;2025-07-07;1389
9W8SXR;2025-07-07;4487
5S4G1W;2025-07-07;4486
5L3V1H;2025-07-07;4268
8B5V1C;2025-07-07;1004
4W12GXH;2025-07-07;7541
9M2KXX;2025-07-07;56
9S11M3D;2025-07-07;2825
4F2ZXD;2025-07-07;4963
10H7K1A;2025-07-07;1443
1W7E1U;2025-07-07;2224
11W4Y1H;2025-07-07;7570
9P3WXJ;2025-07-07;3523
7J7DXM;2025-07-08;9058
7P1P2P;2025-07-07;2659
12S9J1P;2025-07-07;13
2E7B3M;2025-07-07;11732
6M9B3S;2025-07-07;6264
2W12R1D;2025-07-07;3197
7F3MXU;2025-07-07;5225
5F6GXO;2025-07-07;4346
2G7GXM;2025-07-07;3151
10Z9B1H;2025-07-07;19020
1A7TXJ;2025-07-06;270
1A7TXJ;2025-07-07;358
10W12MXM;2025-07-07;6709
8G2B2C;2025-07-07;11092
4T11G3A;2025-07-07;12034
10Z12S2G;2025-07-07;6365
7Z6L2F;2025-07-07;6386
12Z5L2M;2025-07-07;9703
2L7HXA;2025-07-07;4972
3G8GXJ;2025-07-06;9294
3G8GXJ;2025-07-07;10955
12W4H1U;2025-07-07;5657
3M2B2K;2025-07-07;10901
4K5D1A;2025-07-07;2008
5L3V1H;2025-07-08;3989
9P3WXJ;2025-07-08;1455
5W2SXE;2025-07-08;803
2F11GXA;2025-07-08;6038
5S4G1W;2025-07-08;7286
0L3S1J;2025-07-08;15040
9W8SXR;2025-07-08;2339
4L5S1E;2025-07-08;17
9B11R1G;2025-07-08;11897
1A7TXJ;2025-07-08;6328
8B5V1C;2025-07-08;2487
1S6M3E;2025-07-08;6391
6T2PXJ;2025-07-08;4973
4Z11FXF;2025-07-08;3090
11W4Y1H;2025-07-08;9153
4L5S1E;2025-07-08;2468
3K9V1H;2025-07-08;1536
4T11G3A;2025-07-08;7449
4W12GXH;2025-07-08;5595
9M2KXX;2025-07-08;2365
2W12R1D;2025-07-08;6747
12S9J1P;2025-07-08;3774
4F2ZXD;2025-07-08;3872
8Z8B1A;2025-07-08;0
1W7E1U;2025-07-08;2099
12W4H1U;2025-07-08;9062
6M9B3S;2025-07-08;5513
4K5D1A;2025-07-08;1559
5F6GXO;2025-07-08;4831
5U3B1R;2025-07-08;5887
2E7B3M;2025-07-08;8526
10W12MXM;2025-07-08;9714
3G8GXJ;2025-07-08;18469
8G2B2C;2025-07-08;4787
12Z5L2M;2025-07-08;11849
2L7HXA;2025-07-08;4585
10H7K1A;2025-07-08;9116
5W2RXT;2025-07-05;373
7Z6L2F;2025-07-08;4731
7F3MXU;2025-07-08;2336
5U3B1R;2025-07-02;77
5U3B1R;2025-07-03;7470
5U3B1R;2025-07-06;138
0Q1Q9Q;2025-07-02;77
0Q1Q9Q;2025-07-03;7470
0Q1Q9Q;2025-07-04;8899
0Q1Q9Q;2025-07-05;2023
0Q1Q9Q;2025-07-06;138
0Q1Q9Q;2025-07-07;8198
0Q1Q9Q;2025-07-08;5887
10Z9B1H;2025-07-08;8272
3M2B2K;2025-07-08;18615
12W10B2R;2025-07-08;9453
10Z12S2G;2025-07-08;6174
2G7GXM;2025-07-08;9208
9S11M3D;2025-07-08;2321
7P1P2P;2025-07-08;3998
6F10L1F;2025-07-08;2698
2F11GXA;2025-07-09;5889
0L3S1J;2025-07-09;11350
7Z6L2F;2025-07-09;3857
5W2SXE;2025-07-09;1239
5S4G1W;2025-07-09;5333
10H7K1A;2025-07-09;1421
8B5V1C;2025-07-09;2370
4Z11FXF;2025-07-09;19
9B11R1G;2025-07-09;7346
4L5S1E;2025-07-09;0
1S6M3E;2025-07-09;2833
11W4Y1H;2025-07-09;12822
6T2PXJ;2025-07-09;347
4L5S1E;2025-07-09;15982
7J7DXM;2025-07-09;10944
9W8SXR;2025-07-09;4087
5F6GXO;2025-07-09;4420
3K9V1H;2025-07-09;264
9S11M3D;2025-07-09;3406
4W12GXH;2025-07-09;5299
9M2KXX;2025-07-09;6510
12W4H1U;2025-07-09;4000
2W12R1D;2025-07-09;4673
4F2ZXD;2025-07-09;121
9P3WXJ;2025-07-09;2473
6M9B3S;2025-07-09;3289
2G7GXM;2025-07-09;5371
0Q1Q9Q;2025-07-09;6691
1W7E1U;2025-07-09;1398
8Z8B1A;2025-07-09;0
4K5D1A;2025-07-09;7808
7F3MXU;2025-07-09;2863
2E7B3M;2025-07-09;7444
10W12MXM;2025-07-09;6095
10Z12S2G;2025-07-09;5578
12S9J1P;2025-07-09;5007
1A7TXJ;2025-07-09;330
4T11G3A;2025-07-09;14511
1G2T1K;2025-07-03;21997
1G2T1K;2025-07-04;17516
1G2T1K;2025-07-05;9789
1G2T1K;2025-07-06;18726
1G2T1K;2025-07-07;270
1G2T1K;2025-07-08;432
1G2T1K;2025-07-09;5562
4B12HXW;2025-07-03;5658
4B12HXW;2025-07-04;4735
4B12HXW;2025-07-05;3490
4B12HXW;2025-07-06;214
4B12HXW;2025-07-07;195
4B12HXW;2025-07-08;3906
4B12HXW;2025-07-09;4526
2L7HXA;2025-07-09;3231
5L3V1H;2025-07-09;7392
12W10B2R;2025-07-09;4178
3M2B2K;2025-07-09;8364
10Z9B1H;2025-07-09;2976
7P1P2P;2025-07-09;4672
12Z5L2M;2025-07-09;11886
5W2RXT;2025-07-03;5829
1S6M3E;2025-07-10;2818
5W2RXT;2025-07-04;4761
4Z11FXF;2025-07-10;2634
5W2RXT;2025-07-06;93
1A7TXJ;2025-07-10;4277
5W2RXT;2025-07-07;1479
3K9V1H;2025-07-10;3961
5W2RXT;2025-07-08;2160
6T2PXJ;2025-07-10;6557
5W2RXT;2025-07-09;673
5W2SXE;2025-07-10;2540
10H7K1A;2025-07-10;1420
0L3S1J;2025-07-10;11710
9M2KXX;2025-07-10;3127
2F11GXA;2025-07-10;6976
5L3V1H;2025-07-10;6028
9B11R1G;2025-07-10;14207
2E7B3M;2025-07-10;8014
12W10B2R;2025-07-10;11177
4L5S1E;2025-07-10;0
4L5S1E;2025-07-10;16769
5S4G1W;2025-07-10;218
9W8SXR;2025-07-10;5752
9P3WXJ;2025-07-10;3250
1G2T1K;2025-07-10;8568
7J7DXM;2025-07-10;11103
4W12GXH;2025-07-10;7491
9S11M3D;2025-07-10;2890
4T11G3A;2025-07-10;11763
10Z9B1H;2025-07-10;9695
4F2ZXD;2025-07-10;1847
8B5V1C;2025-07-10;1001
4K5D1A;2025-07-10;6271
2W12R1D;2025-07-10;7391
8Z8B1A;2025-07-10;0
12S9J1P;2025-07-10;1160
4B12HXW;2025-07-10;4033
5F6GXO;2025-07-10;3773
1W7E1U;2025-07-10;594
7F3MXU;2025-07-10;4939
0Q1Q9Q;2025-07-10;7464
6M9B3S;2025-07-10;8287
7P1P2P;2025-07-10;5560
8G2B2C;2025-07-09;6348
8G2B2C;2025-07-10;198
10W12MXM;2025-07-10;10805
2L7HXA;2025-07-10;6043
1N10D1M;2025-07-04;1268
1N10D1M;2025-07-05;8863
1N10D1M;2025-07-06;5764
1N10D1M;2025-07-07;8765
1N10D1M;2025-07-08;7539
1N10D1M;2025-07-09;9255
1N10D1M;2025-07-10;7208
7Z6L2F;2025-07-10;2016
2G7GXM;2025-07-10;6686
10Z12S2G;2025-07-10;5279
6B10M2M;2025-07-10;0
12W4H1U;2025-07-10;8054
3M2B2K;2025-07-10;2787
11W4Y1H;2025-07-10;13124
8G2B2C;2025-07-11;7461
2E7B3M;2025-07-11;4882
5W2SXE;2025-07-11;3091
2W12R1D;2025-07-11;2951
0L3S1J;2025-07-11;11805
10W12MXM;2025-07-11;12051
5L3V1H;2025-07-11;11146
2F11GXA;2025-07-11;9063
4T11G3A;2025-07-11;12609
9B11R1G;2025-07-11;10856
10H7K1A;2025-07-11;8767
9P3WXJ;2025-07-11;9201
1A7TXJ;2025-07-11;287
4L5S1E;2025-07-11;0
12W10B2R;2025-07-11;9452
7P1P2P;2025-07-11;4459
12S9J1P;2025-07-11;3255
7Z6L2F;2025-07-11;7037
4L5S1E;2025-07-11;5191
1S6M3E;2025-07-11;7526
9M2KXX;2025-07-11;3620
11W4Y1H;2025-07-11;12336
6F10L1F;2025-07-09;4306
6F10L1F;2025-07-10;8228
6F10L1F;2025-07-11;517
6T2PXJ;2025-07-11;11769
7J7DXM;2025-07-11;21386
9W8SXR;2025-07-11;3485
1N10D1M;2025-07-11;9016
6B10M2M;2025-07-11;0
5F6GXO;2025-07-11;5505
3K9V1H;2025-07-11;9536
5S4G1W;2025-07-11;0
4K5D1A;2025-07-11;7188
1G2T1K;2025-07-11;350
8B5V1C;2025-07-11;1733
4Z11FXF;2025-07-11;1271
4F2ZXD;2025-07-11;4394
4B12HXW;2025-07-11;11783
7F3MXU;2025-07-11;3475
12W4H1U;2025-07-11;1822
8Z8B1A;2025-07-11;0
12S9J1P;2025-07-12;6322
6M9B3S;2025-07-11;3230
1W7E1U;2025-07-11;1521
3G8GXJ;2025-07-09;11250
3G8GXJ;2025-07-10;3766
3G8GXJ;2025-07-11;14236
0Q1Q9Q;2025-07-11;6740
9S11M3D;2025-07-11;3856
12Z5L2M;2025-07-10;8332
12Z5L2M;2025-07-11;7157
2G7GXM;2025-07-11;8195
2L7HXA;2025-07-11;5078
4W12GXH;2025-07-11;7897
3M2B2K;2025-07-11;7139
5L3V1H;2025-07-12;9020
6M9B3S;2025-07-12;5453
2E7B3M;2025-07-12;9891
12W4H1U;2025-07-12;12435
4B12HXW;2025-07-12;5124
2F11GXA;2025-07-12;2219
12W10B2R;2025-07-12;6822
1N10D1M;2025-07-12;10908
9B11R1G;2025-07-12;11618
5W2SXE;2025-07-12;5232
0L3S1J;2025-07-12;22203
8G2B2C;2025-07-12;6609
10W12MXM;2025-07-12;8793
9W8SXR;2025-07-12;1972
11W4Y1H;2025-07-12;4085
6T2PXJ;2025-07-12;8564
9S11M3D;2025-07-12;2057
3K9V1H;2025-07-12;3636
4Z11FXF;2025-07-12;2807
4L5S1E;2025-07-12;21146
7Z6L2F;2025-07-12;10760
8B5V1C;2025-07-12;973
4F2ZXD;2025-07-12;10048
7F3MXU;2025-07-12;6556
5S4G1W;2025-07-12;10415
4W12GXH;2025-07-12;9459
4T11G3A;2025-07-12;5425
10H7K1A;2025-07-12;32287
9M2KXX;2025-07-12;10074
1S6M3E;2025-07-12;7494
7J7DXM;2025-07-12;8590
1G2T1K;2025-07-12;7400
3S4W1F;2025-07-09;8910
7P1P2P;2025-07-12;2494
1W7E1U;2025-07-12;1020
8Z8B1A;2025-07-12;0
0Q1Q9Q;2025-07-12;11466
4K5D1A;2025-07-12;7272
2W12R1D;2025-07-12;9954
10Z9B1H;2025-07-11;10326
10Z9B1H;2025-07-12;434
1A7TXJ;2025-07-12;2476
3S4W1F;2025-07-06;6551
3S4W1F;2025-07-07;4882
3S4W1F;2025-07-08;8606
3S4W1F;2025-07-10;7294
3S4W1F;2025-07-11;4323
3S4W1F;2025-07-12;1418
2G7GXM;2025-07-12;11965
2L7HXA;2025-07-12;8968
3M2B2K;2025-07-12;9593
7L5E1F;2025-07-06;249
7L5E1F;2025-07-07;64
7L5E1F;2025-07-08;701
7L5E1F;2025-07-09;67
7L5E1F;2025-07-10;354
7L5E1F;2025-07-11;2108
7L5E1F;2025-07-12;349
9P3WXJ;2025-07-12;3783
12Z5L2M;2025-07-12;6085
0L3S1J;2025-07-13;3820
2E7B3M;2025-07-13;11290
5L3V1H;2025-07-13;11312
2F11GXA;2025-07-13;8031
5W2SXE;2025-07-13;299
2W12R1D;2025-07-13;3701
9B11R1G;2025-07-13;8704
10H7K1A;2025-07-13;31470
3S4W1F;2025-07-13;4511
7Z6L2F;2025-07-13;6269
12W10B2R;2025-07-13;7952
8Z8B1A;2025-07-13;0
1S6M3E;2025-07-13;1528
12W4H1U;2025-07-13;3278
3K9V1H;2025-07-13;746
9W8SXR;2025-07-13;5037
3M2B2K;2025-07-13;5782
1A7TXJ;2025-07-13;935
5S4G1W;2025-07-13;12330
6T2PXJ;2025-07-13;10468
4Z11FXF;2025-07-13;611
7J7DXM;2025-07-13;6496
4L5S1E;2025-07-13;10838
4W12GXH;2025-07-13;11839
1N10D1M;2025-07-13;10422
9M2KXX;2025-07-13;2702
0Q1Q9Q;2025-07-13;4450
11W4Y1H;2025-07-13;9150
8B5V1C;2025-07-13;307
4T11G3A;2025-07-13;7212
12S9J1P;2025-07-13;3290
8G2B2C;2025-07-13;5587
9P3WXJ;2025-07-13;3606
4F2ZXD;2025-07-13;8066
1W7E1U;2025-07-13;14
5F6GXO;2025-07-12;3849
5F6GXO;2025-07-13;1348
6M9B3S;2025-07-13;2939
12Z5L2M;2025-07-13;4284
7F3MXU;2025-07-13;1691
10W12MXM;2025-07-13;4008
7P1P2P;2025-07-13;1842
9S11M3D;2025-07-13;9175
2G7GXM;2025-07-13;16830
2L7HXA;2025-07-13;18513
10Z9B1H;2025-07-13;7212
10Z12S2G;2025-07-11;5580
10Z12S2G;2025-07-12;2709
10Z12S2G;2025-07-13;1419
0L3S1J;2025-07-14;9655
1A7TXJ;2025-07-15;710
10H7K1A;2025-07-14;1886
2F11GXA;2025-07-14;7009
5L3V1H;2025-07-15;10562
12W4H1U;2025-07-14;278
5W2SXE;2025-07-14;2966
7Z6L2F;2025-07-14;5335
5L3V1H;2025-07-14;23977
9B11R1G;2025-07-14;5009
1A7TXJ;2025-07-14;1034
3S4W1F;2025-07-14;4507
12W10B2R;2025-07-14;7814
5S4G1W;2025-07-14;18907
1S6M3E;2025-07-14;5355
6T2PXJ;2025-07-14;12851
4Z11FXF;2025-07-14;6043
9M2KXX;2025-07-14;3828
3K9V1H;2025-07-14;1070
1N10D1M;2025-07-14;8904
4L5S1E;2025-07-14;11286
9W8SXR;2025-07-14;2505
9P3WXJ;2025-07-14;5441
4F2ZXD;2025-07-14;22
7J7DXM;2025-07-14;5960
4W12GXH;2025-07-14;7729
8B5V1C;2025-07-14;2508
4K5D1A;2025-07-13;3775
4K5D1A;2025-07-14;1560
2E7B3M;2025-07-14;3179
4T11G3A;2025-07-14;24468
12S9J1P;2025-07-14;170
0Q1Q9Q;2025-07-14;5541
11W4Y1H;2025-07-14;10037
2W12R1D;2025-07-14;3190
6M9B3S;2025-07-14;8167
5F6GXO;2025-07-14;5218
8G2B2C;2025-07-14;10378
12Z5L2M;2025-07-14;8695
3M2B2K;2025-07-14;1527
1W7E1U;2025-07-14;3122
2L7HXA;2025-07-14;3700
7P1P2P;2025-07-14;3352
9S11M3D;2025-07-14;4179
8Z8B1A;2025-07-14;0
3G8GXJ;2025-07-12;19769
3G8GXJ;2025-07-13;13185
3G8GXJ;2025-07-14;10507
2G7GXM;2025-07-14;15088
7F3MXU;2025-07-14;5653
1G2T1K;2025-07-13;5393
1G2T1K;2025-07-14;1521
10W12MXM;2025-07-14;18198
0L3S1J;2025-07-15;23780
5W2SXE;2025-07-15;567
10H7K1A;2025-07-15;1981
2F11GXA;2025-07-15;9305
12W10B2R;2025-07-15;9015
3S4W1F;2025-07-15;10322
5S4G1W;2025-07-15;10523
2E7B3M;2025-07-15;8985
1S6M3E;2025-07-15;10330
9B11R1G;2025-07-15;8211
6T2PXJ;2025-07-15;0
9P3WXJ;2025-07-15;3979
4W12GXH;2025-07-15;6449
3K9V1H;2025-07-15;1934
4Z11FXF;2025-07-15;1712
11W4Y1H;2025-07-15;6943
9W8SXR;2025-07-15;2164
4L5S1E;2025-07-15;9141
7J7DXM;2025-07-15;5453
7P1P2P;2025-07-15;2078
6B10M2M;2025-07-15;0
12Z5L2M;2025-07-15;5489
4F2ZXD;2025-07-15;4993
4T11G3A;2025-07-15;20191
9M2KXX;2025-07-15;4005
12S9J1P;2025-07-15;9243
2W12R1D;2025-07-15;5315
10W12MXM;2025-07-15;5509
6M9B3S;2025-07-15;7221
5F6GXO;2025-07-15;6522
10Z12S2G;2025-07-14;7570
10Z12S2G;2025-07-15;3682
1W7E1U;2025-07-15;1830
8G2B2C;2025-07-15;6993
3G8GXJ;2025-07-15;11671
9M2KXX;2025-07-17;2900
2L7HXA;2025-07-15;5549
2G7GXM;2025-07-15;9616
7F3MXU;2025-07-15;7136
4K5D1A;2025-07-15;797
3M2B2K;2025-07-15;1353
7Z6L2F;2025-07-15;7725
8B5V1C;2025-07-15;1127
1G2T1K;2025-07-15;10124
6F10L1F;2025-07-12;5148
6F10L1F;2025-07-13;469
6F10L1F;2025-07-14;906
6F10L1F;2025-07-15;521
9S11M3D;2025-07-15;3936
8Z8B1A;2025-07-15;0
10Z9B1H;2025-07-14;9106
10Z9B1H;2025-07-15;250
0Q1Q9Q;2025-07-15;5854
12W4H1U;2025-07-15;7980
0L3S1J;2025-07-16;13647
2F11GXA;2025-07-16;7170
7Z6L2F;2025-07-16;5425
10H7K1A;2025-07-16;1049
2E7B3M;2025-07-16;5669
9P3WXJ;2025-07-16;2739
4L5S1E;2025-07-16;12774
1A7TXJ;2025-07-16;229
5W2SXE;2025-07-16;1504
3S4W1F;2025-07-16;19645
9B11R1G;2025-07-16;9923
4W12GXH;2025-07-16;6147
11W4Y1H;2025-07-16;4955
5F6GXO;2025-07-16;4469
3K9V1H;2025-07-16;2668
8B5V1C;2025-07-16;1235
12W10B2R;2025-07-16;8935
4Z11FXF;2025-07-16;1793
6T2PXJ;2025-07-16;13258
9M2KXX;2025-07-16;3112
2W12R1D;2025-07-16;3886
9W8SXR;2025-07-16;5835
4T11G3A;2025-07-16;10656
4K5D1A;2025-07-16;3933
12S9J1P;2025-07-16;225
9S11M3D;2025-07-16;2350
5S4G1W;2025-07-16;22779
7F3MXU;2025-07-16;5277
4F2ZXD;2025-07-16;2629
6F10L1F;2025-07-16;8186
6M9B3S;2025-07-16;3408
0Q1Q9Q;2025-07-16;3958
1W7E1U;2025-07-16;2166
1S6M3E;2025-07-16;22816
12W4H1U;2025-07-16;701
7P1P2P;2025-07-16;2065
3G8GXJ;2025-07-16;3199
2G7GXM;2025-07-16;7942
2L7HXA;2025-07-16;5201
10W12MXM;2025-07-16;8553
5L3V1H;2025-07-16;10652
3M2B2K;2025-07-16;4773
8Z8B1A;2025-07-16;0
7J7DXM;2025-07-16;7080
10Z12S2G;2025-07-16;4879
8G2B2C;2025-07-16;6867
1G2T1K;2025-07-16;13529
10Z9B1H;2025-07-16;14004
12Z5L2M;2025-07-16;2262
0L3S1J;2025-07-17;15892
3S4W1F;2025-07-17;8553
5W2SXE;2025-07-17;2933
5L3V1H;2025-07-17;9692
2F11GXA;2025-07-17;9070
10H7K1A;2025-07-17;4090
7Z6L2F;2025-07-17;11186
2E7B3M;2025-07-17;2367
1A7TXJ;2025-07-17;1513
9B11R1G;2025-07-17;8871
3K9V1H;2025-07-17;1714
11W4Y1H;2025-07-17;15758
3M2B2K;2025-07-17;7027
12Z5L2M;2025-07-17;6618
1S6M3E;2025-07-17;2521
6F10L1F;2025-07-17;5048
2R9BXL;2025-07-11;13644
8G2B2C;2025-07-17;7434
6T2PXJ;2025-07-17;8807
5F6GXO;2025-07-17;4871
8B5V1C;2025-07-17;2524
2R9BXL;2025-07-12;5473
2R9BXL;2025-07-13;4506
2R9BXL;2025-07-14;11842
2R9BXL;2025-07-15;8081
2R9BXL;2025-07-16;18207
6B10M2M;2025-07-17;0
4L5S1E;2025-07-17;14417
2R9BXL;2025-07-17;18783
9W8SXR;2025-07-17;6781
4Z11FXF;2025-07-17;2372
4W12GXH;2025-07-17;7475
12S9J1P;2025-07-17;1240
4T11G3A;2025-07-17;18525
5S4G1W;2025-07-17;13381
4F2ZXD;2025-07-17;4504
9S11M3D;2025-07-17;5507
1G2T1K;2025-07-17;3135
9P3WXJ;2025-07-17;8141
4K5D1A;2025-07-17;5247
6M9B3S;2025-07-17;5517
1W7E1U;2025-07-17;3161
2L7HXA;2025-07-17;6154
12W4H1U;2025-07-17;2984
0Q1Q9Q;2025-07-17;5718
10Z9B1H;2025-07-17;10359
2G7GXM;2025-07-17;8875
7P1P2P;2025-07-17;1461
8Z8B1A;2025-07-17;0
7F3MXU;2025-07-17;11986
12W10B2R;2025-07-17;8199
10Z12S2G;2025-07-17;7945
10W12MXM;2025-07-17;8196
2R9BXL;2025-07-18;20022
3G8GXJ;2025-07-17;1430
2W12R1D;2025-07-17;5078
0L3S1J;2025-07-18;36482
2E7B3M;2025-07-18;2958
9W8SXR;2025-07-18;9406
6M9B3S;2025-07-18;1337
9S11M3D;2025-07-18;5150
5W2SXE;2025-07-18;1099
9B11R1G;2025-07-18;9685
0Q1Q9Q;2025-07-18;5183
5S4G1W;2025-07-18;11942
6F10L1F;2025-07-18;919
10H7K1A;2025-07-18;19663
11W4Y1H;2025-07-18;7948
6T2PXJ;2025-07-18;13429
3K9V1H;2025-07-18;1420
4Z11FXF;2025-07-18;3447
5F6GXO;2025-07-18;6544
4L5S1E;2025-07-18;13295
2F11GXA;2025-07-18;6861
3S4W1F;2025-07-18;10000
4T11G3A;2025-07-18;14934
4F2ZXD;2025-07-18;16
12S9J1P;2025-07-18;3725
1G2T1K;2025-07-18;2428
9M2KXX;2025-07-18;4947
4K5D1A;2025-07-18;3963
1S6M3E;2025-07-18;123
7Z6L2F;2025-07-18;7949
1A7TXJ;2025-07-18;261
1W7E1U;2025-07-18;899
4W12GXH;2025-07-18;11925
8B5V1C;2025-07-18;1493
7P1P2P;2025-07-18;2342
8G2B2C;2025-07-18;15433
2G7GXM;2025-07-18;10335
2L7HXA;2025-07-18;4200
8Z8B1A;2025-07-18;0
10Z9B1H;2025-07-18;12998
2W12R1D;2025-07-18;3935
12W4H1U;2025-07-18;2737
3G8GXJ;2025-07-18;9735
10W12MXM;2025-07-18;7498
12W10B2R;2025-07-18;8662
5L3V1H;2025-07-18;12461
5F6GXO;2025-07-20;3923
2R9BXL;2025-07-19;22413
7F3MXU;2025-07-18;6809
3M2B2K;2025-07-18;6246
0L3S1J;2025-07-19;29532
2E7B3M;2025-07-19;3840
5W2SXE;2025-07-19;583
2F11GXA;2025-07-19;23262
9S11M3D;2025-07-19;2794
10H7K1A;2025-07-19;4530
6M9B3S;2025-07-19;6683
3M2B2K;2025-07-19;3853
9M2KXX;2025-07-19;3220
8G2B2C;2025-07-19;14380
7F3MXU;2025-07-19;4371
4Z11FXF;2025-07-19;2365
2W12R1D;2025-07-19;6183
3K9V1H;2025-07-19;4976
4L5S1E;2025-07-19;17800
6B10M2M;2025-07-19;0
6T2PXJ;2025-07-19;17335
6F10L1F;2025-07-19;3141
5F6GXO;2025-07-19;4273
9W8SXR;2025-07-19;9958
1A7TXJ;2025-07-19;3091
4T11G3A;2025-07-19;13640
1G2T1K;2025-07-19;20742
1S6M3E;2025-07-19;5191
4W12GXH;2025-07-19;10844
11W4Y1H;2025-07-19;3654
12S9J1P;2025-07-19;3431
2G7GXM;2025-07-19;3155
8B5V1C;2025-07-19;18
4F2ZXD;2025-07-19;317
9B11R1G;2025-07-19;10853
2L7HXA;2025-07-19;10899
7P1P2P;2025-07-19;1309
4K5D1A;2025-07-19;7624
5S4G1W;2025-07-19;13784
12W10B2R;2025-07-19;7450
8Z8B1A;2025-07-19;0
0Q1Q9Q;2025-07-19;5073
10Z9B1H;2025-07-19;11959
3G8GXJ;2025-07-19;5116
7Z6L2F;2025-07-19;7611
12W4H1U;2025-07-19;834
7J7DXM;2025-07-17;0
2R9BXL;2025-07-20;10520
0L3S1J;2025-07-20;6715
5W2SXE;2025-07-20;1436
7Z6L2F;2025-07-20;2289
6F10L1F;2025-07-20;1355
2F11GXA;2025-07-20;24159
2E7B3M;2025-07-20;3866
9W8SXR;2025-07-20;1186
9S11M3D;2025-07-20;2354
8B5V1C;2025-07-20;7292
4Z11FXF;2025-07-20;23
4L5S1E;2025-07-20;12205
6T2PXJ;2025-07-20;11431
7J7DXM;2025-07-20;133
9M2KXX;2025-07-20;11255
3K9V1H;2025-07-20;581
5S4G1W;2025-07-20;18172
1S6M3E;2025-07-20;4332
4W12GXH;2025-07-20;9205
4T11G3A;2025-07-20;10087
12S9J1P;2025-07-20;0
1G2T1K;2025-07-20;1995
4F2ZXD;2025-07-20;0
7F3MXU;2025-07-20;12735
6M9B3S;2025-07-20;5024
12W4H1U;2025-07-20;5223
2W12R1D;2025-07-20;3048
0Q1Q9Q;2025-07-20;4128
8Z8B1A;2025-07-20;0
8G2B2C;2025-07-20;11934
3M2B2K;2025-07-20;5962
3G8GXJ;2025-07-20;9205
7P1P2P;2025-07-20;2349
10Z12S2G;2025-07-18;5695
10Z12S2G;2025-07-19;3226
10Z12S2G;2025-07-20;5521
2L7HXA;2025-07-20;15237
10H7K1A;2025-07-20;1351
2G7GXM;2025-07-20;17000
1A7TXJ;2025-07-20;269
11W4Y1H;2025-07-20;15934
10Z9B1H;2025-07-20;3859
9B11R1G;2025-07-20;5867
12W10B2R;2025-07-20;2436
6F10L1F;2025-07-21;1719
5W2SXE;2025-07-21;75
2F11GXA;2025-07-21;22665
2E7B3M;2025-07-21;7674
6M9B3S;2025-07-21;4226
11W4Y1H;2025-07-21;2617
4L5S1E;2025-07-21;4935
3K9V1H;2025-07-21;2142
8Z8B1A;2025-07-21;0
6T2PXJ;2025-07-21;13430
1S6M3E;2025-07-21;900
4W12GXH;2025-07-21;6357
7Z6L2F;2025-07-21;8340
4Z11FXF;2025-07-21;1408
7J7DXM;2025-07-21;7468
4F2ZXD;2025-07-21;2902
1G2T1K;2025-07-21;124
9W8SXR;2025-07-21;4958
4T11G3A;2025-07-21;17296
12S9J1P;2025-07-21;0
9M2KXX;2025-07-21;1884
2W12R1D;2025-07-21;5790
5F6GXO;2025-07-21;5082
9S11M3D;2025-07-21;1694
12W4H1U;2025-07-21;678
8B5V1C;2025-07-21;0
7F3MXU;2025-07-21;2404
9B11R1G;2025-07-21;2643
2L7HXA;2025-07-21;5240
5L3V1H;2025-07-19;5264
5L3V1H;2025-07-20;750
5L3V1H;2025-07-21;8401
3G8GXJ;2025-07-21;5919
1A7TXJ;2025-07-21;1182
2G7GXM;2025-07-21;7052
5S4G1W;2025-07-21;6922
3M2B2K;2025-07-21;6206
12W10B2R;2025-07-21;8045
10H7K1A;2025-07-21;14438
9P3WXJ;2025-07-18;6877
9P3WXJ;2025-07-19;5258
9P3WXJ;2025-07-20;5027
9P3WXJ;2025-07-21;4783
10Z9B1H;2025-07-21;3743
8G2B2C;2025-07-21;5425
9B11R1G;2025-07-22;11314
2F11GXA;2025-07-22;12347
12W10B2R;2025-07-22;4062
5W2SXE;2025-07-22;409
7Z6L2F;2025-07-22;9961
2E7B3M;2025-07-22;9242
10H7K1A;2025-07-22;36595
1S6M3E;2025-07-22;1801
5S4G1W;2025-07-22;10502
6F10L1F;2025-07-22;923
3K9V1H;2025-07-22;2083
4L5S1E;2025-07-22;4259
4Z11FXF;2025-07-22;3214
7J7DXM;2025-07-22;19244
6T2PXJ;2025-07-22;10907
9W8SXR;2025-07-22;2588
4F2ZXD;2025-07-22;4365
9M2KXX;2025-07-22;2059
2W12R1D;2025-07-23;5115
12W4H1U;2025-07-22;4055
7F3MXU;2025-07-22;6079
4W12GXH;2025-07-22;4574
12S9J1P;2025-07-22;0
4T11G3A;2025-07-22;25244
1G2T1K;2025-07-22;1390
3M2B2K;2025-07-22;6632
5F6GXO;2025-07-22;7218
6M9B3S;2025-07-22;1264
8G2B2C;2025-07-22;5228
10Z12S2G;2025-07-21;4054
10Z12S2G;2025-07-22;3927
2L7HXA;2025-07-22;4823
2G7GXM;2025-07-22;4870
8Z8B1A;2025-07-22;0
1A7TXJ;2025-07-22;6304
8B5V1C;2025-07-22;2097
3G8GXJ;2025-07-22;5211
9P3WXJ;2025-07-22;6874
10Z9B1H;2025-07-22;6727
2R9BXL;2025-07-21;11968
2R9BXL;2025-07-22;2895
2W12R1D;2025-07-22;5744
11W4Y1H;2025-07-22;6577
12W10B2R;2025-07-23;9961
2F11GXA;2025-07-23;20597
6F10L1F;2025-07-23;5888
5W2SXE;2025-07-23;158
2E7B3M;2025-07-23;10064
10H7K1A;2025-07-23;2160
6M9B3S;2025-07-23;3300
9M2KXX;2025-07-23;3814
9W8SXR;2025-07-23;4034
5L3V1H;2025-07-22;8365
5L3V1H;2025-07-23;6916
3K9V1H;2025-07-23;121
9S11M3D;2025-07-22;1933
9S11M3D;2025-07-23;2607
7P1P2P;2025-07-21;2013
7P1P2P;2025-07-22;1454
7P1P2P;2025-07-23;940
6T2PXJ;2025-07-23;12414
4Z11FXF;2025-07-23;1990
4L5S1E;2025-07-23;775
1S6M3E;2025-07-23;211
4W12GXH;2025-07-23;8663
5S4G1W;2025-07-23;11068
4T11G3A;2025-07-23;14244
11W4Y1H;2025-07-23;6814
12W4H1U;2025-07-23;5654
7F3MXU;2025-07-23;6109
4F2ZXD;2025-07-23;1554
8B5V1C;2025-07-23;3355
7J7DXM;2025-07-23;5067
5F6GXO;2025-07-23;3916
1G2T1K;2025-07-23;6291
8Z8B1A;2025-07-23;0
8G2B2C;2025-07-23;8672
2L7HXA;2025-07-23;2744
7L5E1F;2025-07-17;547
10Z9B1H;2025-07-23;7770
10Z12S2G;2025-07-23;7518
3G8GXJ;2025-07-23;19614
3M2B2K;2025-07-23;5830
2G7GXM;2025-07-23;9687
7L5E1F;2025-07-18;475
7L5E1F;2025-07-19;394
7L5E1F;2025-07-20;379
7L5E1F;2025-07-21;738
7L5E1F;2025-07-22;114
7L5E1F;2025-07-23;1651
9B11R1G;2025-07-23;20271
7Z6L2F;2025-07-23;3773
9P3WXJ;2025-07-23;7351
1A7TXJ;2025-07-23;6649
6F10L1F;2025-07-24;12112
5W2SXE;2025-07-24;1352
9B11R1G;2025-07-24;10171
12W10B2R;2025-07-24;4485
2F11GXA;2025-07-24;18392
4Z11FXF;2025-07-24;4070
2L7HXA;2025-07-24;3348
5S4G1W;2025-07-24;3501
7Z6L2F;2025-07-24;9982
4L5S1E;2025-07-24;3117
3K9V1H;2025-07-24;3345
6T2PXJ;2025-07-24;11611
9W8SXR;2025-07-24;6583
10H7K1A;2025-07-24;8330
4T11G3A;2025-07-24;10311
9M2KXX;2025-07-24;4731
4F2ZXD;2025-07-24;6
12S9J1P;2025-07-23;0
7P1P2P;2025-07-24;4447
8B5V1C;2025-07-24;3689
5F6GXO;2025-07-24;5674
6M9B3S;2025-07-24;325
8Z8B1A;2025-07-24;0
7F3MXU;2025-07-24;185
3G8GXJ;2025-07-24;4508
2G7GXM;2025-07-24;10424
2E7B3M;2025-07-24;11410
7J7DXM;2025-07-24;12931
10Z12S2G;2025-07-24;6639
1S6M3E;2025-07-24;1420
9P3WXJ;2025-07-24;3155
1A7TXJ;2025-07-24;4698
4W12GXH;2025-07-24;4260
12W4H1U;2025-07-24;3800
11W4Y1H;2025-07-24;10502
5L3V1H;2025-07-24;8258
10Z9B1H;2025-07-24;3149
8G2B2C;2025-07-24;13805
1G2T1K;2025-07-24;1622
2W12R1D;2025-07-24;5979
2W12R1D;2025-07-26;7770
2F11GXA;2025-07-25;22572
5W2SXE;2025-07-25;1228
4L5S1E;2025-07-25;2157
2E7B3M;2025-07-25;14595
12W4H1U;2025-07-25;3830
5S4G1W;2025-07-25;8337
4Z11FXF;2025-07-25;1763
2L7HXA;2025-07-25;4738
3K9V1H;2025-07-25;1569
10H7K1A;2025-07-25;5484
7J7DXM;2025-07-25;12196
12S9J1P;2025-07-25;0
6T2PXJ;2025-07-25;16131
5F6GXO;2025-07-25;5365
1A7TXJ;2025-07-25;4523
9W8SXR;2025-07-25;16202
6F10L1F;2025-07-25;1815
1S6M3E;2025-07-25;1193
4F2ZXD;2025-07-25;3618
9M2KXX;2025-07-25;3152
9B11R1G;2025-07-25;2920
8B5V1C;2025-07-25;327
2G7GXM;2025-07-25;17191
6B10M2M;2025-07-25;0
4W12GXH;2025-07-25;9453
7F3MXU;2025-07-25;3994
10Z9B1H;2025-07-25;6743
3G8GXJ;2025-07-25;3173
8Z8B1A;2025-07-25;0
2W12R1D;2025-07-25;1031
12W10B2R;2025-07-25;3640
7P1P2P;2025-07-25;5495
3M2B2K;2025-07-24;3760
3M2B2K;2025-07-25;2977
10Z12S2G;2025-07-25;6071
1G2T1K;2025-07-25;1644
11W4Y1H;2025-07-25;7714
8G2B2C;2025-07-25;4019
9P3WXJ;2025-07-25;11152
4T11G3A;2025-07-25;14073
7Z6L2F;2025-07-25;6042
6M9B3S;2025-07-25;14
8B5V1C;2025-07-26;2433
2E7B3M;2025-07-26;11713
6M9B3S;2025-07-26;28
2F11GXA;2025-07-26;25000
5W2SXE;2025-07-26;531
9B11R1G;2025-07-26;10002
12W10B2R;2025-07-26;5783
8G2B2C;2025-07-26;3579
9W8SXR;2025-07-26;10252
4Z11FXF;2025-07-26;2063
12W4H1U;2025-07-26;7706
5F6GXO;2025-07-26;3951
6T2PXJ;2025-07-26;10399
3K9V1H;2025-07-26;1671
5S4G1W;2025-07-26;20962
4L5S1E;2025-07-26;7684
7J7DXM;2025-07-26;10966
9M2KXX;2025-07-26;2365
1S6M3E;2025-07-26;0
4F2ZXD;2025-07-26;5617
7F3MXU;2025-07-26;4004
2G7GXM;2025-07-26;11417
8Z8B1A;2025-07-26;0
4T11G3A;2025-07-26;17441
6F10L1F;2025-07-26;7302
3G8GXJ;2025-07-26;4313
10H7K1A;2025-07-26;2601
4W12GXH;2025-07-26;12904
9P3WXJ;2025-07-26;10570
1A7TXJ;2025-07-26;10503
3M2B2K;2025-07-26;3040
7Z6L2F;2025-07-26;7709
2L7HXA;2025-07-26;5766
10Z9B1H;2025-07-26;5860
11W4Y1H;2025-07-26;5878
10S9HXD;2025-07-20;4912
10S9HXD;2025-07-21;3943
10S9HXD;2025-07-22;5235
10S9HXD;2025-07-23;6365
10S9HXD;2025-07-24;2599
10S9HXD;2025-07-25;4025
10S9HXD;2025-07-26;4987
2E7B3M;2025-07-27;2196
2F11GXA;2025-07-27;22748
5W2SXE;2025-07-27;2791
10S9HXD;2025-07-27;588
9B11R1G;2025-07-27;16145
4L5S1E;2025-07-27;9909
12W10B2R;2025-07-27;2886
7Z6L2F;2025-07-27;6132
3K9V1H;2025-07-27;363
4Z11FXF;2025-07-27;2309
4W12GXH;2025-07-27;6028
1A7TXJ;2025-07-27;8414
6T2PXJ;2025-07-27;7717
5S4G1W;2025-07-27;879
7J7DXM;2025-07-27;4382
11W4Y1H;2025-07-27;4418
3G8GXJ;2025-07-27;4857
9M2KXX;2025-07-27;4903
9W8SXR;2025-07-27;4445
5F6GXO;2025-07-27;794
8G2B2C;2025-07-27;9468
9P3WXJ;2025-07-27;5220
4F2ZXD;2025-07-27;0
7F3MXU;2025-07-27;97
8Z8B1A;2025-07-27;0
8B5V1C;2025-07-27;31
6M9B3S;2025-07-27;4229
5L3V1H;2025-07-25;8575
5L3V1H;2025-07-26;2694
5L3V1H;2025-07-27;584
3M2B2K;2025-07-27;6607
1S6M3E;2025-07-27;10
10Z12S2G;2025-07-26;10858
10Z12S2G;2025-07-27;1069
2L7HXA;2025-07-27;12097
4T11G3A;2025-07-27;15955
10H7K1A;2025-07-27;4567
6F10L1F;2025-07-27;395
7P1P2P;2025-07-26;2728
7P1P2P;2025-07-27;2298
2G7GXM;2025-07-27;10931
10W12MXM;2025-07-21;3687
10W12MXM;2025-07-22;14816
10W12MXM;2025-07-23;5393
10W12MXM;2025-07-24;2037
10W12MXM;2025-07-25;4707
10W12MXM;2025-07-26;7959
10W12MXM;2025-07-27;8002
1G2T1K;2025-07-26;1953
1G2T1K;2025-07-27;226
10Z9B1H;2025-07-27;5044
12W4H1U;2025-07-27;38
2F11GXA;2025-07-28;23379
5W2SXE;2025-07-28;2637
12W10B2R;2025-07-28;6091
2E7B3M;2025-07-28;5855
9B11R1G;2025-07-28;23409
7F3MXU;2025-07-28;8773
4Z11FXF;2025-07-28;20
7Z6L2F;2025-07-28;7489
4T11G3A;2025-07-28;16096
1A7TXJ;2025-07-28;13377
3K9V1H;2025-07-28;1605
4L5S1E;2025-07-28;9428
12S9J1P;2025-07-26;0
7J7DXM;2025-07-28;1704
10S9HXD;2025-07-28;8775
6T2PXJ;2025-07-28;11431
5S4G1W;2025-07-28;737
9W8SXR;2025-07-28;3606
4W12GXH;2025-07-28;1943
1S6M3E;2025-07-28;0
8G2B2C;2025-07-28;10021
4F2ZXD;2025-07-28;3526
11W4Y1H;2025-07-28;6277
9P3WXJ;2025-07-28;5015
8Z8B1A;2025-07-28;0
2W12R1D;2025-07-27;898
2W12R1D;2025-07-28;605
8B5V1C;2025-07-28;446
9M2KXX;2025-07-28;2823
5F6GXO;2025-07-28;4846
10W12MXM;2025-07-28;5778
2L7HXA;2025-07-28;4329
10Z12S2G;2025-07-28;8501
2G7GXM;2025-07-28;11748
10H7K1A;2025-07-28;4627
7P1P2P;2025-07-28;8738
6M9B3S;2025-07-28;12966
3M2B2K;2025-07-28;6267
12W4H1U;2025-07-28;1072
3G8GXJ;2025-07-28;7966
8G2B2C;2025-07-29;13645
2E7B3M;2025-07-29;6595
2F11GXA;2025-07-29;22214
6M9B3S;2025-07-29;13722
12W10B2R;2025-07-29;6823
5W2SXE;2025-07-29;276
1A7TXJ;2025-07-29;6558
6T2PXJ;2025-07-29;9489
7J7DXM;2025-07-29;8666
9P3WXJ;2025-07-29;9714
5S4G1W;2025-07-29;1343
3K9V1H;2025-07-29;1766
4Z11FXF;2025-07-29;2160
7Z6L2F;2025-07-29;6766
4T11G3A;2025-07-29;8501
9W8SXR;2025-07-29;3115
4L5S1E;2025-07-29;8318
1S6M3E;2025-07-29;0
2W12R1D;2025-07-29;6247
10S9HXD;2025-07-29;3820
4F2ZXD;2025-07-29;1926
11W4Y1H;2025-07-29;6242
9M2KXX;2025-07-29;5494
12W4H1U;2025-07-29;2321
1G2T1K;2025-07-28;5682
1G2T1K;2025-07-29;357
5F6GXO;2025-07-29;5359
8Z8B1A;2025-07-29;0
4W12GXH;2025-07-29;9230
8B5V1C;2025-07-29;10763
2L7HXA;2025-07-29;4928
7P1P2P;2025-07-29;4058
7F3MXU;2025-07-29;6549
2G7GXM;2025-07-29;8998
9B11R1G;2025-07-29;18465
10W12MXM;2025-07-29;5035
3G8GXJ;2025-07-29;5952
10H7K1A;2025-07-29;7869
10Z9B1H;2025-07-28;7587
10Z9B1H;2025-07-29;691
3M2B2K;2025-07-29;4611
9S11M3D;2025-07-24;3605
9S11M3D;2025-07-25;3524
9S11M3D;2025-07-26;3175
9S11M3D;2025-07-27;2998
9S11M3D;2025-07-28;2640
9S11M3D;2025-07-29;5771
6F10L1F;2025-07-28;7207
6F10L1F;2025-07-29;932
2E7B3M;2025-07-30;5767
5W2SXE;2025-07-30;507
9B11R1G;2025-07-30;16869
6M9B3S;2025-07-30;5257
2F11GXA;2025-07-30;786
11W4Y1H;2025-07-30;11810
10W12MXM;2025-07-30;3475
4L5S1E;2025-07-30;22130
12W10B2R;2025-07-30;4685
6T2PXJ;2025-07-30;11012
5F6GXO;2025-07-30;3553
5S4G1W;2025-07-30;9224
1A7TXJ;2025-07-30;560
1S6M3E;2025-07-30;376
9W8SXR;2025-07-30;3624
12S9J1P;2025-07-29;0
3K9V1H;2025-07-30;3849
7J7DXM;2025-07-30;11029
6F10L1F;2025-07-30;680
4Z11FXF;2025-07-30;2436
3G8GXJ;2025-07-30;10364
8G2B2C;2025-07-30;3804
6B10M2M;2025-07-30;0
9M2KXX;2025-07-30;611
4F2ZXD;2025-07-30;274
8Z8B1A;2025-07-30;0
8B5V1C;2025-07-30;2821
2W12R1D;2025-07-30;4982
2L7HXA;2025-07-30;4766
4T11G3A;2025-07-30;2064
1G2T1K;2025-07-30;3885
7Z6L2F;2025-07-30;3749
10Z9B1H;2025-07-30;5375
2G7GXM;2025-07-30;9173
3M2B2K;2025-07-30;3713
10H7K1A;2025-07-30;5581
5L3V1H;2025-07-28;7752
5L3V1H;2025-07-29;8516
5L3V1H;2025-07-30;10993
7F3MXU;2025-07-30;24291
10Z12S2G;2025-07-29;4282
10Z12S2G;2025-07-30;2093
4W12GXH;2025-07-30;9598
9S11M3D;2025-07-30;3845
7P1P2P;2025-07-30;2802
12W4H1U;2025-07-30;4192
9P3WXJ;2025-07-30;9263
9B11R1G;2025-07-31;16807
3G8GXJ;2025-08-01;7248
12W10B2R;2025-07-31;7858
7J7DXM;2025-07-31;3494
5W2SXE;2025-07-31;738
2F11GXA;2025-07-31;21307
9S11M3D;2025-07-31;1660
2E7B3M;2025-07-31;8224
9P3WXJ;2025-07-31;4180
5F6GXO;2025-07-31;6452
11W4Y1H;2025-07-31;6739
6T2PXJ;2025-07-31;8712
7Z6L2F;2025-07-31;7257
5S4G1W;2025-07-31;14905
4Z11FXF;2025-07-31;3903
4L5S1E;2025-07-31;23216
10W12MXM;2025-07-31;7259
3K9V1H;2025-07-31;1796
6F10L1F;2025-07-31;1340
4W12GXH;2025-07-31;8224
9W8SXR;2025-07-31;2732
9M2KXX;2025-07-31;1622
8B5V1C;2025-07-31;10192
8Z8B1A;2025-07-31;0
5L3V1H;2025-07-31;12186
4F2ZXD;2025-07-31;4599
1G2T1K;2025-08-01;16804
6M9B3S;2025-07-31;2603
2L7HXA;2025-07-31;8112
3M2B2K;2025-07-31;5989
10H7K1A;2025-07-31;2419
1G2T1K;2025-07-31;17979
7P1P2P;2025-07-31;1034
2G7GXM;2025-07-31;11293
8G2B2C;2025-07-31;19330
7F3MXU;2025-07-31;12996
10Z12S2G;2025-07-31;4311
4T11G3A;2025-07-31;5956
2W12R1D;2025-07-31;1179
1S6M3E;2025-07-31;0
2E7B3M;2025-08-01;13243
9B11R1G;2025-08-01;14451
5W2SXE;2025-08-01;834
2F11GXA;2025-08-01;12041
9S11M3D;2025-08-01;2626
12W10B2R;2025-08-01;2588
1S6M3E;2025-08-01;270
2L7HXA;2025-08-01;6245
7F3MXU;2025-08-01;17273
7J7DXM;2025-08-01;10762
6F10L1F;2025-08-01;3359
10W12MXM;2025-08-01;4623
6M9B3S;2025-08-01;1269
6T2PXJ;2025-08-01;10572
3K9V1H;2025-08-01;702
9W8SXR;2025-08-01;9604
4L5S1E;2025-08-01;18411
4Z11FXF;2025-08-01;4323
5S4G1W;2025-08-01;5227
9M2KXX;2025-08-01;4783
4W12GXH;2025-08-01;5720
8B5V1C;2025-08-01;978
4F2ZXD;2025-08-01;6025
8Z8B1A;2025-08-01;0
2W12R1D;2025-08-01;6607
10Z9B1H;2025-07-31;6048
10Z9B1H;2025-08-01;417
9P3WXJ;2025-08-01;8971
3G8GXJ;2025-07-31;4908
4T11G3A;2025-08-01;10268
2G7GXM;2025-08-01;6976
8G2B2C;2025-08-01;13125
5F6GXO;2025-08-01;3246
3M2B2K;2025-08-01;4507
7Z6L2F;2025-08-01;6412
10H7K1A;2025-08-01;1905
11W4Y1H;2025-08-01;1613
10Z12S2G;2025-08-01;2809
12W4H1U;2025-07-31;4389
12W4H1U;2025-08-01;330
9S11M3D;2025-08-02;2365
2E7B3M;2025-08-02;6693
9B11R1G;2025-08-02;5921
5W2SXE;2025-08-02;1195
4W12GXH;2025-08-02;6542
2F11GXA;2025-08-02;18933
6M9B3S;2025-08-02;2143
5S4G1W;2025-08-02;3040
12W10B2R;2025-08-02;4718
4L5S1E;2025-08-02;7591
7J7DXM;2025-08-02;3302
6F10L1F;2025-08-02;1480
12S9J1P;2025-08-01;0
6T2PXJ;2025-08-02;13238
3K9V1H;2025-08-02;4981
9W8SXR;2025-08-02;22504
1S6M3E;2025-08-02;0
4Z11FXF;2025-08-02;2442
4F2ZXD;2025-08-02;10982
9M2KXX;2025-08-02;1259
7Z6L2F;2025-08-02;6248
12Z5L2M;2025-07-27;959
12Z5L2M;2025-07-28;321
12Z5L2M;2025-07-29;261
12Z5L2M;2025-07-30;85
12Z5L2M;2025-07-31;0
12Z5L2M;2025-08-01;0
12Z5L2M;2025-08-02;0
2W12R1D;2025-08-02;1315
2G7GXM;2025-08-02;12712
2L7HXA;2025-08-02;4079
10H7K1A;2025-08-02;5482
8G2B2C;2025-08-02;4621
8Z8B1A;2025-08-02;0
12W4H1U;2025-08-02;1224
4T11G3A;2025-08-02;6141
7F3MXU;2025-08-02;13788
3G8GXJ;2025-08-02;16494
1G2T1K;2025-08-02;17039
3M2B2K;2025-08-02;7978
5F6GXO;2025-08-02;2220
10W12MXM;2025-08-02;11386
7P1P2P;2025-08-01;4447
7P1P2P;2025-08-02;2468
11W4Y1H;2025-08-02;7984
8B5V1C;2025-08-02;0
2E7B3M;2025-08-03;6653
5L3V1H;2025-08-02;3435
5W2SXE;2025-08-03;97
12W10B2R;2025-08-03;9689
2F11GXA;2025-08-03;15522
9B11R1G;2025-08-03;16088
9W8SXR;2025-08-03;12114
9S11M3D;2025-08-03;2306
4W12GXH;2025-08-03;6778
6T2PXJ;2025-08-03;12317
5S4G1W;2025-08-03;6877
4L5S1E;2025-08-03;9333
7J7DXM;2025-08-03;10420
3K9V1H;2025-08-03;16398
4Z11FXF;2025-08-03;906
8Z8B1A;2025-08-03;0
2W12R1D;2025-08-03;1196
6B10M2M;2025-08-03;60
8G2B2C;2025-08-03;16438
1G2T1K;2025-08-03;17369
5F6GXO;2025-08-03;3121
9M2KXX;2025-08-03;2257
6M9B3S;2025-08-03;6686
2L7HXA;2025-08-03;3593
2G7GXM;2025-08-03;12456
7Z6L2F;2025-08-03;6606
10H7K1A;2025-08-03;3926
12W4H1U;2025-08-03;9191
12Z5L2M;2025-08-03;8667
4T11G3A;2025-08-03;16428
10Z12S2G;2025-08-02;5252
10Z12S2G;2025-08-03;868
4L5S1E;2025-07-28;0
4L5S1E;2025-07-29;0
4L5S1E;2025-07-30;0
4L5S1E;2025-07-31;0
4L5S1E;2025-08-01;0
4L5S1E;2025-08-02;0
4L5S1E;2025-08-03;0
7F3MXU;2025-08-03;11783
10Z9B1H;2025-08-02;8404
10Z9B1H;2025-08-03;82
6F10L1F;2025-08-03;4375
3M2B2K;2025-08-03;15977
11W4Y1H;2025-08-03;6651
10W12MXM;2025-08-03;3146
3G8GXJ;2025-08-03;6751
8B5V1C;2025-08-03;0
1S6M3E;2025-08-03;0
2F11GXA;2025-08-04;35227
2E7B3M;2025-08-04;5659
12W10B2R;2025-08-04;11835
5W2SXE;2025-08-04;185
4L5S1E;2025-08-04;3109
3K9V1H;2025-08-04;976
11W4Y1H;2025-08-04;5556
5S4G1W;2025-08-04;8328
4L5S1E;2025-08-04;8357
7J7DXM;2025-08-04;8725
9W8SXR;2025-08-04;1696
12S9J1P;2025-08-03;0
6T2PXJ;2025-08-04;7558
4W12GXH;2025-08-04;10965
8G2B2C;2025-08-04;7064
1S6M3E;2025-08-04;0
1G2T1K;2025-08-04;10602
2W12R1D;2025-08-04;6058
2L7HXA;2025-08-04;15636
5F6GXO;2025-08-04;4990
8Z8B1A;2025-08-04;0
9S11M3D;2025-08-04;5690
5L3V1H;2025-08-01;4593
5L3V1H;2025-08-03;417
5L3V1H;2025-08-04;8138
12W4H1U;2025-08-04;4196
9M2KXX;2025-08-04;11103
7Z6L2F;2025-08-04;3948
6M9B3S;2025-08-04;8379
6B10M2M;2025-08-04;0
10Z12S2G;2025-08-04;3316
10H7K1A;2025-08-04;4502
6F10L1F;2025-08-04;6757
10Z9B1H;2025-08-04;3608
1A7TXJ;2025-07-31;3012
1A7TXJ;2025-08-01;229
1A7TXJ;2025-08-02;231
1A7TXJ;2025-08-03;574
1A7TXJ;2025-08-04;2270
3M2B2K;2025-08-04;2519
7F3MXU;2025-08-04;5476
1W7E1U;2025-07-29;4353
1W7E1U;2025-07-30;6428
1W7E1U;2025-07-31;15563
1W7E1U;2025-08-01;4934
1W7E1U;2025-08-02;8039
1W7E1U;2025-08-03;6721
4Z11FXF;2025-08-04;0
1W7E1U;2025-08-04;4732
3G8GXJ;2025-08-04;4942
4T11G3A;2025-08-04;5309
2G7GXM;2025-08-04;4235
10W12MXM;2025-08-04;3117
9P3WXJ;2025-08-02;9177
9P3WXJ;2025-08-03;6050
9P3WXJ;2025-08-04;6910
7P1P2P;2025-08-03;7125
7P1P2P;2025-08-04;3066
9B11R1G;2025-08-04;17816
8B5V1C;2025-08-04;0
2F11GXA;2025-08-05;30568
2E7B3M;2025-08-05;7371
5W2SXE;2025-08-05;1790
1G2T1K;2025-08-05;1759
12W10B2R;2025-08-05;10711
1S6M3E;2025-08-05;0
5F6GXO;2025-08-05;2817
10W12MXM;2025-08-05;5932
11W4Y1H;2025-08-05;20736
6T2PXJ;2025-08-05;2698
7J7DXM;2025-08-05;11661
9W8SXR;2025-08-05;3748
12S9J1P;2025-08-05;0
4L5S1E;2025-08-05;3905
3K9V1H;2025-08-05;2455
5S4G1W;2025-08-05;8680
4W12GXH;2025-08-05;6345
4F2ZXD;2025-08-05;0
4T11G3A;2025-08-05;4850
8Z8B1A;2025-08-05;0
10H7K1A;2025-08-05;2777
2W12R1D;2025-08-05;5192
9S11M3D;2025-08-05;3969
6M9B3S;2025-08-05;13615
8G2B2C;2025-08-05;7107
2L7HXA;2025-08-05;4680
1W7E1U;2025-08-05;1815
7P1P2P;2025-08-05;8152
7Z6L2F;2025-08-05;4607
6F10L1F;2025-08-05;1259
10Z9B1H;2025-08-05;4407
3G8GXJ;2025-08-05;13313
9P3WXJ;2025-08-05;8430
10Z12S2G;2025-08-05;3209
7F3MXU;2025-08-05;6711
3M2B2K;2025-08-05;5761
9M2KXX;2025-08-05;5645
12W4H1U;2025-08-05;3756
9B11R1G;2025-08-05;13521
2G7GXM;2025-08-05;5611
5L3V1H;2025-08-05;8888
8B5V1C;2025-08-05;0
6B10M2M;2025-08-05;0
2E7B3M;2025-08-06;7127
5W2SXE;2025-08-06;5398
9S11M3D;2025-08-06;4339
12W10B2R;2025-08-06;6036
3M2B2K;2025-08-06;12289
4L5S1E;2025-08-06;9390
3K9V1H;2025-08-06;3598
6T2PXJ;2025-08-06;28
10H7K1A;2025-08-06;6715
5S4G1W;2025-08-06;10394
9W8SXR;2025-08-06;5186
1A7TXJ;2025-08-05;4256
1A7TXJ;2025-08-06;188
4W12GXH;2025-08-06;4500
1G2T1K;2025-08-06;129
9B11R1G;2025-08-06;35559
7J7DXM;2025-08-06;16795
4Z11FXF;2025-08-06;1790
2W12R1D;2025-08-06;4921
2L7HXA;2025-08-06;7457
8Z8B1A;2025-08-06;0
6F10L1F;2025-08-06;1486
2F11GXA;2025-08-06;18513
5F6GXO;2025-08-06;4832
6M9B3S;2025-08-06;5547
12W4H1U;2025-08-06;3126
2G7GXM;2025-08-06;14601
8G2B2C;2025-08-06;14597
7Z6L2F;2025-08-06;5798
8B5V1C;2025-08-06;0
1W7E1U;2025-08-06;9817
11W4Y1H;2025-08-06;20308
7F3MXU;2025-08-06;3644
9P3WXJ;2025-08-06;10435
10Z12S2G;2025-08-06;3030
3G8GXJ;2025-08-06;8760
10Z9B1H;2025-08-06;2132
1S6M3E;2025-08-06;0
10W12MXM;2025-08-06;5616
4T11G3A;2025-08-06;7200
7P1P2P;2025-08-06;5252
7Z6L2F;2025-08-07;5676
2E7B3M;2025-08-07;6321
3K9V1H;2025-08-07;2573
9S11M3D;2025-08-07;2180
5W2SXE;2025-08-07;135
12W10B2R;2025-08-07;5795
9B11R1G;2025-08-07;27898
6T2PXJ;2025-08-07;5164
9W8SXR;2025-08-07;4394
2F11GXA;2025-08-07;25438
6F10L1F;2025-08-07;1382
4Z11FXF;2025-08-07;27
7J7DXM;2025-08-07;10322
5S4G1W;2025-08-07;14166
4L5S1E;2025-08-07;3715
1S6M3E;2025-08-07;0
10Z12S2G;2025-08-07;3846
10W12MXM;2025-08-07;5436
1G2T1K;2025-08-07;13348
6M9B3S;2025-08-07;3934
8Z8B1A;2025-08-07;0
2W12R1D;2025-08-07;5498
5F6GXO;2025-08-07;8848
1W7E1U;2025-08-07;4773
3M2B2K;2025-08-07;5761
1A7TXJ;2025-08-07;525
5L3V1H;2025-08-06;8779
5L3V1H;2025-08-07;5008
2L7HXA;2025-08-07;4065
7P1P2P;2025-08-07;4120
11W4Y1H;2025-08-07;12633
2G7GXM;2025-08-07;21374
9P3WXJ;2025-08-07;8205
4T11G3A;2025-08-07;31230
10H7K1A;2025-08-07;15765
8B5V1C;2025-08-07;3630
10Z9B1H;2025-08-07;11439
3G8GXJ;2025-08-07;7719
7F3MXU;2025-08-07;11734
4W12GXH;2025-08-07;12351
12W4H1U;2025-08-07;7366
8G2B2C;2025-08-07;6860
4L5S1E;2025-08-05;0
2E7B3M;2025-08-08;7113
9S11M3D;2025-08-08;2484
6T2PXJ;2025-08-08;2002
7Z6L2F;2025-08-08;7274
10Z9B1H;2025-08-08;7904
4Z11FXF;2025-08-08;26
4L5S1E;2025-08-08;10612
12W4H1U;2025-08-08;2387
9W8SXR;2025-08-08;1062
5F6GXO;2025-08-08;8676
11W4Y1H;2025-09-01;3432
5S4G1W;2025-08-08;12803
7J7DXM;2025-08-08;17318
7P1P2P;2025-08-08;10412
8B5V1C;2025-08-08;4428
9B11R1G;2025-08-08;9897
10H7K1A;2025-08-08;1905
8Z8B1A;2025-08-08;0
3K9V1H;2025-08-08;1970
6M9B3S;2025-08-08;4733
1W7E1U;2025-08-08;2227
2G7GXM;2025-08-08;10200
2W12R1D;2025-08-08;3877
2L7HXA;2025-08-08;3497
4T11G3A;2025-08-08;17668
1A7TXJ;2025-08-08;2017
12W10B2R;2025-08-08;6915
5W2SXE;2025-08-08;4429
12Z5L2M;2025-08-04;3743
12Z5L2M;2025-08-05;2370
12Z5L2M;2025-08-06;11020
12Z5L2M;2025-08-07;1338
12Z5L2M;2025-08-08;5963
10W12MXM;2025-08-08;4462
8G2B2C;2025-08-08;6507
1G2T1K;2025-08-08;744
7F3MXU;2025-08-08;12535
3G8GXJ;2025-08-08;13252
6F10L1F;2025-08-08;92
3M2B2K;2025-08-08;8451
9P3WXJ;2025-08-08;12198
5L3V1H;2025-08-08;6683
4W12GXH;2025-08-08;4987
11W4Y1H;2025-08-08;8421
2E7B3M;2025-08-09;8374
5W2SXE;2025-08-09;1102
4L5S1E;2025-08-10;121
9S11M3D;2025-08-09;2775
9B11R1G;2025-08-09;15614
10Z9B1H;2025-08-09;10900
9W8SXR;2025-08-09;11042
4Z11FXF;2025-08-09;1225
7Z6L2F;2025-08-09;14963
2L7HXA;2025-08-09;6160
9P3WXJ;2025-08-09;4573
6T2PXJ;2025-08-09;10176
10Z12S2G;2025-08-08;21842
10Z12S2G;2025-08-09;5304
4L5S1E;2025-08-09;7741
5S4G1W;2025-08-09;8636
7J7DXM;2025-08-09;12661
8B5V1C;2025-08-09;0
6M9B3S;2025-08-09;7194
4F2ZXD;2025-08-09;0
1W7E1U;2025-08-09;10265
8Z8B1A;2025-08-09;0
3K9V1H;2025-08-09;9323
2W12R1D;2025-08-09;10241
3M2B2K;2025-08-09;5450
10H7K1A;2025-08-09;21569
4W12GXH;2025-08-09;9825
4T11G3A;2025-08-09;21541
12W4H1U;2025-08-09;10500
7F3MXU;2025-08-09;14396
5F6GXO;2025-08-09;2258
2G7GXM;2025-08-09;8720
10W12MXM;2025-08-09;11827
1A7TXJ;2025-08-09;3519
11W4Y1H;2025-08-09;11567
12S9J1P;2025-08-06;0
8G2B2C;2025-08-09;11307
12W10B2R;2025-08-09;6871
5L3V1H;2025-08-09;12556
7P1P2P;2025-08-09;2804
5W2SXE;2025-08-10;598
9S11M3D;2025-08-10;3115
8B5V1C;2025-08-10;3416
5S4G1W;2025-08-10;15361
2E7B3M;2025-08-10;5722
7J7DXM;2025-08-10;7509
4Z11FXF;2025-08-10;2203
3K9V1H;2025-08-10;1904
6T2PXJ;2025-08-10;690
9W8SXR;2025-08-10;571
4L5S1E;2025-08-10;14356
6B10M2M;2025-08-10;0
4W12GXH;2025-08-10;13311
2L7HXA;2025-08-10;6267
2W12R1D;2025-08-10;832
10H7K1A;2025-08-10;1908
1W7E1U;2025-08-10;1456
1A7TXJ;2025-08-10;2333
5F6GXO;2025-08-10;2622
10Z9B1H;2025-08-10;7339
8Z8B1A;2025-08-10;0
8G2B2C;2025-08-10;2828
6M9B3S;2025-08-10;8444
7Z6L2F;2025-08-10;8242
9P3WXJ;2025-08-10;11228
3M2B2K;2025-08-10;16447
1S6M3E;2025-08-08;0
10Z12S2G;2025-08-10;9480
7F3MXU;2025-08-10;3111
1G2T1K;2025-08-09;8153
1G2T1K;2025-08-10;272
11W4Y1H;2025-08-10;23109
7P1P2P;2025-08-10;1788
4T11G3A;2025-08-10;20449
2G7GXM;2025-08-10;6255
12W10B2R;2025-08-10;4713
5W2SXE;2025-08-11;3713
3M2B2K;2025-08-11;5623
6M9B3S;2025-08-11;2803
9S11M3D;2025-08-11;2436
4L5S1E;2025-08-11;14044
4Z11FXF;2025-08-11;1345
5S4G1W;2025-08-11;9071
5F6GXO;2025-08-11;3429
9W8SXR;2025-08-11;8589
3K9V1H;2025-08-11;845
6T2PXJ;2025-08-11;7733
4L5S1E;2025-08-07;0
4L5S1E;2025-08-08;0
4L5S1E;2025-08-11;6060
1S6M3E;2025-08-11;0
7J7DXM;2025-08-11;9473
4W12GXH;2025-08-11;8104
2W12R1D;2025-08-11;6568
10H7K1A;2025-08-11;4615
8Z8B1A;2025-08-11;0
4T11G3A;2025-08-11;7163
1A7TXJ;2025-08-11;2620
2G7GXM;2025-08-11;9290
7F3MXU;2025-08-13;4315
1W7E1U;2025-08-11;1785
9P3WXJ;2025-08-11;13656
2L7HXA;2025-08-11;7205
8B5V1C;2025-08-11;3507
10Z9B1H;2025-08-11;10275
5L3V1H;2025-08-10;6592
5L3V1H;2025-08-11;8371
7Z6L2F;2025-08-11;3596
7F3MXU;2025-08-11;9020
12W10B2R;2025-08-11;7796
2E7B3M;2025-08-11;15556
0Q1Q9Q;2025-08-05;6830
0Q1Q9Q;2025-08-06;4007
0Q1Q9Q;2025-08-07;6100
0Q1Q9Q;2025-08-08;5715
0Q1Q9Q;2025-08-09;19866
0Q1Q9Q;2025-08-10;2981
0Q1Q9Q;2025-08-11;5328
1G2T1K;2025-08-11;6839
7P1P2P;2025-08-11;2598
11W4Y1H;2025-08-11;12624
8G2B2C;2025-08-11;4996
4L5S1E;2025-08-12;2438
4L5S1E;2025-08-13;3988
8G2B2C;2025-08-12;5366
5W2SXE;2025-08-12;2594
8B5V1C;2025-08-12;3552
9S11M3D;2025-08-12;3566
7Z6L2F;2025-08-12;7153
5S4G1W;2025-08-12;6262
3K9V1H;2025-08-12;1911
7P1P2P;2025-08-12;1555
9W8SXR;2025-08-12;6642
4Z11FXF;2025-08-12;1935
6T2PXJ;2025-08-12;1898
1S6M3E;2025-08-12;305
4L5S1E;2025-08-12;9240
7J7DXM;2025-08-12;14887
4W12GXH;2025-08-12;6963
4T11G3A;2025-08-12;10063
1W7E1U;2025-08-12;2252
10H7K1A;2025-08-12;2720
10Z9B1H;2025-08-12;5640
2W12R1D;2025-08-12;3672
8Z8B1A;2025-08-12;0
9M2KXX;2025-08-12;1538
5F6GXO;2025-08-12;4298
1G2T1K;2025-08-12;10225
2L7HXA;2025-08-12;5977
6M9B3S;2025-08-12;9762
7F3MXU;2025-08-12;5971
0Q1Q9Q;2025-08-12;9083
5L3V1H;2025-08-12;7785
11W4Y1H;2025-08-12;10229
2E7B3M;2025-08-12;9830
12W10B2R;2025-08-12;6485
9P3WXJ;2025-08-12;9871
3M2B2K;2025-08-12;1354
10Z12S2G;2025-08-11;5330
10Z12S2G;2025-08-12;5279
10Z9B1H;2025-08-13;10713
0Q1Q9Q;2025-08-14;5624
4L5S1E;2025-08-14;12102
4L5S1E;2025-08-06;5739
5W2SXE;2025-08-14;2323
2G7GXM;2025-08-12;10060
3K9V1H;2025-08-13;1722
5W2SXE;2025-08-13;101
4L5S1E;2025-08-13;10432
2E7B3M;2025-08-13;10939
11W4Y1H;2025-08-13;12990
4T11G3A;2025-08-13;2038
7J7DXM;2025-08-13;6814
5F6GXO;2025-08-13;7215
5S4G1W;2025-08-13;5201
6T2PXJ;2025-08-13;7289
9W8SXR;2025-08-13;8514
6B10M2M;2025-08-13;0
6M9B3S;2025-08-13;9080
4Z11FXF;2025-08-13;3234
4W12GXH;2025-08-13;6588
12S9J1P;2025-08-10;0
9M2KXX;2025-08-13;3197
10H7K1A;2025-08-13;5387
8Z8B1A;2025-08-13;0
8B5V1C;2025-08-13;5787
2W12R1D;2025-08-13;6325
4F2ZXD;2025-08-13;6
1W7E1U;2025-08-13;5474
2G7GXM;2025-08-13;7765
0Q1Q9Q;2025-08-13;8788
2L7HXA;2025-08-13;7478
1G2T1K;2025-08-13;9143
8G2B2C;2025-08-13;8836
12W10B2R;2025-08-13;3668
3M2B2K;2025-08-13;5854
7Z6L2F;2025-08-13;5387
9P3WXJ;2025-08-13;8405
7P1P2P;2025-08-13;5621
3M2B2K;2025-08-14;3553
4L5S1E;2025-08-07;0
4L5S1E;2025-08-08;0
4L5S1E;2025-08-09;0
4L5S1E;2025-08-10;0
4L5S1E;2025-08-11;0
4L5S1E;2025-08-12;0
4L5S1E;2025-08-13;0
10Z12S2G;2025-08-13;3217
4L5S1E;2025-08-09;1502
4L5S1E;2025-08-14;0
10H7K1A;2025-08-14;4227
4L5S1E;2025-08-14;7751
7P1P2P;2025-08-14;2314
9W8SXR;2025-08-14;17043
2G7GXM;2025-08-14;10298
4Z11FXF;2025-08-14;4283
8B5V1C;2025-08-14;6628
5S4G1W;2025-08-14;5047
4T11G3A;2025-08-14;7147
6T2PXJ;2025-08-14;8981
2W12R1D;2025-08-14;4341
9M2KXX;2025-08-14;1895
1W7E1U;2025-08-14;2449
10Z9B1H;2025-08-14;5103
3K9V1H;2025-08-14;4048
10Z12S2G;2025-08-14;7428
7J7DXM;2025-08-14;11124
8Z8B1A;2025-08-14;0
4F2ZXD;2025-08-14;0
6M9B3S;2025-08-14;4527
2L7HXA;2025-08-14;6102
5L3V1H;2025-08-13;4728
5L3V1H;2025-08-14;5360
7Z6L2F;2025-08-14;3771
4W12GXH;2025-08-14;8674
8G2B2C;2025-08-14;7928
9P3WXJ;2025-08-14;6408
5F6GXO;2025-08-14;3998
7F3MXU;2025-08-14;7507
2E7B3M;2025-08-14;4671
11W4Y1H;2025-08-14;23403
5F6GXO;2025-08-15;4004
5W2SXE;2025-08-15;610
3M2B2K;2025-08-15;7073
4L5S1E;2025-08-15;0
4L5S1E;2025-08-15;3150
6M9B3S;2025-08-15;912
9W8SXR;2025-08-15;16898
2L7HXA;2025-08-15;7600
0Q1Q9Q;2025-08-15;3197
4W12GXH;2025-08-15;12436
6T2PXJ;2025-08-15;6186
4L5S1E;2025-08-15;14517
7J7DXM;2025-08-15;14915
5S4G1W;2025-08-15;5848
4Z11FXF;2025-08-15;6795
4T11G3A;2025-08-15;4289
9M2KXX;2025-08-15;3733
10H7K1A;2025-08-15;2728
3K9V1H;2025-08-15;6001
4F2ZXD;2025-08-15;0
10Z9B1H;2025-08-15;11171
1W7E1U;2025-08-15;429
11W4Y1H;2025-08-15;23493
2G7GXM;2025-08-15;8302
8Z8B1A;2025-08-15;0
8B5V1C;2025-08-15;3080
2W12R1D;2025-08-15;2676
7F3MXU;2025-08-15;3582
8G2B2C;2025-08-15;5647
2E7B3M;2025-08-15;2741
9P3WXJ;2025-08-15;9949
7Z6L2F;2025-08-15;5415
7P1P2P;2025-08-15;1250
6T2PXJ;2025-08-16;3267
5W2SXE;2025-08-16;2167
2W12R1D;2025-08-16;12322
4L5S1E;2025-08-16;0
2L7HXA;2025-08-16;3894
6M9B3S;2025-08-16;4687
4L5S1E;2025-08-16;16200
7Z6L2F;2025-08-16;3026
8B5V1C;2025-08-16;3188
4Z11FXF;2025-08-16;36
9W8SXR;2025-08-16;12400
5S4G1W;2025-08-16;5799
3K9V1H;2025-08-16;6559
4W12GXH;2025-08-16;12173
9P3WXJ;2025-08-16;5288
12S9J1P;2025-08-14;0
7J7DXM;2025-08-16;10202
4T11G3A;2025-08-16;1520
9M2KXX;2025-08-16;5026
10Z9B1H;2025-08-16;6448
8Z8B1A;2025-08-16;0
1W7E1U;2025-08-16;1167
2E7B3M;2025-08-16;31359
3M2B2K;2025-08-16;5230
10H7K1A;2025-08-16;23929
0Q1Q9Q;2025-08-16;3472
2G7GXM;2025-08-16;10502
8G2B2C;2025-08-16;4138
7F3MXU;2025-08-16;5601
5F6GXO;2025-08-16;3548
9B11R1G;2025-08-10;8433
9B11R1G;2025-08-11;12924
9B11R1G;2025-08-12;6033
9B11R1G;2025-08-13;9579
9B11R1G;2025-08-14;7265
9B11R1G;2025-08-15;7849
9B11R1G;2025-08-16;12484
1A7TXJ;2025-08-12;6724
1A7TXJ;2025-08-13;2193
1A7TXJ;2025-08-14;4241
1A7TXJ;2025-08-15;1814
1A7TXJ;2025-08-16;1702
4L5S1E;2025-08-16;0
10Z12S2G;2025-08-15;7572
10Z12S2G;2025-08-16;3304
11W4Y1H;2025-08-16;16486
7P1P2P;2025-08-16;997
5W2SXE;2025-08-17;140
2L7HXA;2025-08-17;2411
4L5S1E;2025-08-17;0
6T2PXJ;2025-08-17;17
6B10M2M;2025-08-17;0
4W12GXH;2025-08-17;4889
7J7DXM;2025-08-17;8731
4L5S1E;2025-08-17;26843
4Z11FXF;2025-08-17;44
9P3WXJ;2025-08-17;3672
8B5V1C;2025-08-17;13
5S4G1W;2025-08-17;2329
4T11G3A;2025-08-17;6309
7P1P2P;2025-08-17;0
6M9B3S;2025-08-17;749
10Z9B1H;2025-08-17;6111
9M2KXX;2025-08-17;5944
8Z8B1A;2025-08-17;0
3K9V1H;2025-08-17;5809
9W8SXR;2025-08-17;10453
11W4Y1H;2025-08-17;5311
10H7K1A;2025-08-17;3236
4F2ZXD;2025-08-17;0
1W7E1U;2025-08-17;1148
1S6M3E;2025-08-13;300
2W12R1D;2025-08-17;5199
2E7B3M;2025-08-17;19287
2G7GXM;2025-08-17;2287
5F6GXO;2025-08-17;2985
7Z6L2F;2025-08-17;8586
4L5S1E;2025-08-17;0
8G2B2C;2025-08-17;6929
0Q1Q9Q;2025-08-17;7442
1A7TXJ;2025-08-17;1309
7F3MXU;2025-08-17;6776
10Z12S2G;2025-08-17;6552
12W10B2R;2025-08-14;8218
12W10B2R;2025-08-15;3348
12W10B2R;2025-08-16;4704
12W10B2R;2025-08-17;1620
3M2B2K;2025-08-17;3006
9B11R1G;2025-08-17;8932
5W2SXE;2025-08-18;1812
4L5S1E;2025-08-18;10267
4L5S1E;2025-08-18;3803
4L5S1E;2025-08-18;0
5S4G1W;2025-08-18;5049
12W10B2R;2025-08-18;8510
6T2PXJ;2025-08-18;689
11W4Y1H;2025-08-18;7346
4Z11FXF;2025-08-18;4727
5F6GXO;2025-08-18;5549
12S9J1P;2025-08-18;0
9M2KXX;2025-08-18;3871
10Z9B1H;2025-08-18;9768
9W8SXR;2025-08-18;3750
9B11R1G;2025-08-18;5772
8B5V1C;2025-08-18;6659
8Z8B1A;2025-08-18;0
7P1P2P;2025-08-18;3089
10H7K1A;2025-08-18;3359
2E7B3M;2025-08-18;11255
2W12R1D;2025-08-18;6149
1W7E1U;2025-08-18;7985
10Z12S2G;2025-08-18;2969
3K9V1H;2025-08-18;3538
7J7DXM;2025-08-18;14340
8G2B2C;2025-08-18;7889
6M9B3S;2025-08-18;6612
5L3V1H;2025-08-15;8209
5L3V1H;2025-08-16;3537
5L3V1H;2025-08-17;2110
5L3V1H;2025-08-18;8812
7F3MXU;2025-08-18;5376
0Q1Q9Q;2025-08-18;10617
2L7HXA;2025-08-18;6536
4W12GXH;2025-08-18;12491
7Z6L2F;2025-08-18;5872
9P3WXJ;2025-08-18;7945
3M2B2K;2025-08-18;2995
2G7GXM;2025-08-18;6772
4T11G3A;2025-08-18;10707
4L5S1E;2025-08-19;5434
5W2SXE;2025-08-19;191
9B11R1G;2025-08-19;7537
4L5S1E;2025-08-19;3041
4L5S1E;2025-08-19;9917
6B10M2M;2025-08-19;0
5S4G1W;2025-08-19;5811
6T2PXJ;2025-08-19;13949
10Z9B1H;2025-08-19;11893
9W8SXR;2025-08-19;1368
9M2KXX;2025-08-19;7704
11W4Y1H;2025-08-19;10963
7P1P2P;2025-08-19;4654
1W7E1U;2025-08-19;3630
7J7DXM;2025-08-19;11715
4Z11FXF;2025-08-19;3366
0Q1Q9Q;2025-08-19;7308
8Z8B1A;2025-08-19;0
5F6GXO;2025-08-19;6197
2L7HXA;2025-08-19;11355
8B5V1C;2025-08-19;2711
8G2B2C;2025-08-19;7213
3K9V1H;2025-08-19;7780
10Z12S2G;2025-08-19;7581
7Z6L2F;2025-08-19;8459
4W12GXH;2025-08-19;5918
6M9B3S;2025-08-19;3324
2L7HXA;2025-08-20;7168
12W10B2R;2025-08-19;10146
9P3WXJ;2025-08-19;5996
2E7B3M;2025-08-19;7469
4T11G3A;2025-08-19;110
3M2B2K;2025-08-19;2680
10H7K1A;2025-08-19;2882
2G7GXM;2025-08-19;3392
12W10B2R;2025-08-20;6885
5W2SXE;2025-08-20;1065
9B11R1G;2025-08-20;7493
7Z6L2F;2025-08-20;6265
4L5S1E;2025-08-20;3427
4L5S1E;2025-08-20;3413
2E7B3M;2025-08-20;1856
4L5S1E;2025-08-20;10095
9W8SXR;2025-08-20;3811
8B5V1C;2025-08-20;2545
6T2PXJ;2025-08-20;3494
5S4G1W;2025-08-20;4483
4Z11FXF;2025-08-20;6556
7J7DXM;2025-08-20;14398
9M2KXX;2025-08-20;2074
10Z9B1H;2025-08-20;8977
4W12GXH;2025-08-20;4266
11W4Y1H;2025-08-20;6213
10H7K1A;2025-08-20;2037
2W12R1D;2025-08-19;6550
2W12R1D;2025-08-20;686
10Z12S2G;2025-08-20;13194
5F6GXO;2025-08-20;6165
6M9B3S;2025-08-20;3483
8Z8B1A;2025-08-20;0
0Q1Q9Q;2025-08-20;6538
1W7E1U;2025-08-20;4291
8G2B2C;2025-08-20;10931
3K9V1H;2025-08-20;9537
7P1P2P;2025-08-20;10878
7F3MXU;2025-08-19;7240
7F3MXU;2025-08-20;1209
4T11G3A;2025-08-20;2478
9P3WXJ;2025-08-20;7561
2G7GXM;2025-08-20;5605
5W2SXE;2025-08-21;1019
9B11R1G;2025-08-21;5186
4L5S1E;2025-08-21;0
8G2B2C;2025-08-21;6905
4Z11FXF;2025-08-21;1485
8B5V1C;2025-08-21;4254
12W10B2R;2025-08-21;4500
4L5S1E;2025-08-21;0
9W8SXR;2025-08-21;3849
5S4G1W;2025-08-21;4951
5F6GXO;2025-08-21;8082
6T2PXJ;2025-08-21;1465
4L5S1E;2025-08-21;3993
9M2KXX;2025-08-21;4071
7P1P2P;2025-08-21;2486
8Z8B1A;2025-08-21;0
10Z9B1H;2025-08-21;5986
10H7K1A;2025-08-21;13835
7J7DXM;2025-08-21;11711
1W7E1U;2025-08-21;2667
4T11G3A;2025-08-21;5348
7Z6L2F;2025-08-21;7162
3K9V1H;2025-08-21;1394
6M9B3S;2025-08-21;4686
4W12GXH;2025-08-21;8186
2L7HXA;2025-08-21;3597
10Z12S2G;2025-08-21;8570
9P3WXJ;2025-08-21;8149
2W12R1D;2025-08-21;5152
2G7GXM;2025-08-21;7703
4T11G3A;2025-08-24;3642
0Q1Q9Q;2025-08-21;7530
11W4Y1H;2025-08-21;5025
2E7B3M;2025-08-21;7287
9B11R1G;2025-08-22;12333
4L5S1E;2025-08-22;0
10H7K1A;2025-08-22;6258
4L5S1E;2025-08-22;14011
5F6GXO;2025-08-22;7168
11W4Y1H;2025-08-22;5120
7Z6L2F;2025-08-22;5874
9W8SXR;2025-08-22;3097
9P3WXJ;2025-08-22;6736
5S4G1W;2025-08-22;6852
7J7DXM;2025-08-22;23919
6T2PXJ;2025-08-22;6893
4F2ZXD;2025-08-22;0
2G7GXM;2025-08-22;5025
4Z11FXF;2025-08-22;3363
9M2KXX;2025-08-22;4563
8B5V1C;2025-08-22;4784
6M9B3S;2025-08-22;8748
7P1P2P;2025-08-22;2161
3K9V1H;2025-08-22;8410
7F3MXU;2025-08-21;3132
7F3MXU;2025-08-22;59
5L3V1H;2025-08-19;9042
5L3V1H;2025-08-20;11131
5L3V1H;2025-08-21;15586
5L3V1H;2025-08-22;11927
8Z8B1A;2025-08-22;0
4W12GXH;2025-08-22;17929
8G2B2C;2025-08-22;13659
2L7HXA;2025-08-22;8331
2E7B3M;2025-08-22;6890
0Q1Q9Q;2025-08-22;7611
3M2B2K;2025-08-20;1239
3M2B2K;2025-08-21;2219
3M2B2K;2025-08-22;1161
2W12R1D;2025-08-22;3121
4T11G3A;2025-08-22;11155
12S9J1P;2025-08-19;0
7P1P2P;2025-08-23;4125
7J7DXM;2025-08-23;20548
2E7B3M;2025-08-23;16087
6M9B3S;2025-08-23;15148
9W8SXR;2025-08-23;3482
5L3V1H;2025-08-23;17431
5F6GXO;2025-08-23;6230
3K9V1H;2025-08-23;6599
5S4G1W;2025-08-23;14887
11W4Y1H;2025-08-23;5862
4L5S1E;2025-08-23;0
4Z11FXF;2025-08-23;2477
6T2PXJ;2025-08-23;16705
8B5V1C;2025-08-23;7762
6B10M2M;2025-08-23;0
4L5S1E;2025-08-23;30841
9M2KXX;2025-08-23;2144
9B11R1G;2025-08-23;14767
8Z8B1A;2025-08-23;0
4W12GXH;2025-08-23;7345
0Q1Q9Q;2025-08-23;10921
10H7K1A;2025-08-23;4417
2L7HXA;2025-08-23;3158
7Z6L2F;2025-08-23;5821
2W12R1D;2025-08-23;6101
9P3WXJ;2025-08-23;5592
7F3MXU;2025-08-23;3725
3M2B2K;2025-08-23;3343
2G7GXM;2025-08-23;16751
8G2B2C;2025-08-23;9178
4T11G3A;2025-08-23;2384
10Z12S2G;2025-08-22;8912
10Z12S2G;2025-08-23;8920
10Z9B1H;2025-08-22;10672
10Z9B1H;2025-08-23;286
9B11R1G;2025-08-24;13154
5L3V1H;2025-08-24;4044
4L5S1E;2025-08-24;0
4Z11FXF;2025-08-24;53
4L5S1E;2025-08-24;10529
8B5V1C;2025-08-24;5008
6T2PXJ;2025-08-24;999
5S4G1W;2025-08-24;10389
9W8SXR;2025-08-24;23960
7J7DXM;2025-08-24;20953
4W12GXH;2025-08-24;6454
8Z8B1A;2025-08-24;0
11W4Y1H;2025-08-24;11358
3K9V1H;2025-08-24;667
9M2KXX;2025-08-24;4677
6M9B3S;2025-08-24;4766
10Z12S2G;2025-08-24;901
5F6GXO;2025-08-24;4311
2E7B3M;2025-08-24;3951
9P3WXJ;2025-08-24;2369
7Z6L2F;2025-08-24;6247
8G2B2C;2025-08-24;11793
7P1P2P;2025-08-24;1933
2L7HXA;2025-08-24;20374
2G7GXM;2025-08-24;3153
7F3MXU;2025-08-24;3816
2W12R1D;2025-08-24;3454
10Z9B1H;2025-08-24;5558
5S4G1W;2025-08-25;8059
9B11R1G;2025-08-25;9944
4Z11FXF;2025-08-25;35
8B5V1C;2025-08-25;7464
11W4Y1H;2025-08-25;10503
5L3V1H;2025-08-25;9501
4L5S1E;2025-08-25;7015
6T2PXJ;2025-08-25;6530
9M2KXX;2025-08-25;5115
4W12GXH;2025-08-25;5976
10Z9B1H;2025-08-25;4939
9W8SXR;2025-08-25;2555
2W12R1D;2025-08-25;3702
3K9V1H;2025-08-25;3088
8Z8B1A;2025-08-25;0
7J7DXM;2025-08-25;9828
5F6GXO;2025-08-25;8562
2E7B3M;2025-08-25;5074
12S9J1P;2025-08-24;0
4T11G3A;2025-08-25;1086
10Z12S2G;2025-08-25;4973
6M9B3S;2025-08-25;6745
2G7GXM;2025-08-25;9755
2L7HXA;2025-08-25;5178
1W7E1U;2025-08-22;11538
1W7E1U;2025-08-23;24166
1W7E1U;2025-08-24;21596
1W7E1U;2025-08-25;2052
9P3WXJ;2025-08-25;5179
7F3MXU;2025-08-25;2808
8G2B2C;2025-08-25;7933
4G1S1C;2025-08-19;3767
4G1S1C;2025-08-20;6996
4G1S1C;2025-08-21;6688
4G1S1C;2025-08-22;2708
4G1S1C;2025-08-23;1248
4G1S1C;2025-08-24;2396
4G1S1C;2025-08-25;3831
7Z6L2F;2025-08-25;6872
1S6M3E;2025-08-18;364
7P1P2P;2025-08-25;3367
10H7K1A;2025-08-24;2972
10H7K1A;2025-08-25;714
3M2B2K;2025-08-24;3836
3M2B2K;2025-08-25;1114
12S1R1R;2025-08-19;6503
12S1R1R;2025-08-20;8080
12S1R1R;2025-08-21;3857
12S1R1R;2025-08-22;2482
12S1R1R;2025-08-23;6157
12S1R1R;2025-08-24;9239
12S1R1R;2025-08-25;6212
7J7DXM;2025-08-26;10384
4G1S1C;2025-08-26;6227
5F6GXO;2025-08-26;4539
6T2PXJ;2025-08-26;6074
4L5S1E;2025-08-26;5834
6B10M2M;2025-08-26;0
5S4G1W;2025-08-26;9183
8B5V1C;2025-08-26;2436
4Z11FXF;2025-08-26;2034
9B11R1G;2025-08-26;5498
9W8SXR;2025-08-26;4329
4W12GXH;2025-08-26;7527
10Z9B1H;2025-08-26;11772
9M2KXX;2025-08-26;5472
4T11G3A;2025-08-26;7133
2W12R1D;2025-08-26;5068
1W7E1U;2025-08-26;1575
12S1R1R;2025-08-26;10784
11W4Y1H;2025-08-26;10330
7F3MXU;2025-08-26;9869
2E7B3M;2025-08-26;6848
5L3V1H;2025-08-26;9791
4F2ZXD;2025-08-26;0
2L7HXA;2025-08-26;8136
6M9B3S;2025-08-26;3347
8G2B2C;2025-08-26;7958
8Z8B1A;2025-08-26;0
10Z12S2G;2025-08-26;7692
2G7GXM;2025-08-26;6229
7Z6L2F;2025-08-26;3959
3M2B2K;2025-08-26;2903
7P1P2P;2025-08-26;2889
9P3WXJ;2025-08-26;8691
4G1S1C;2025-08-27;8597
9B11R1G;2025-08-27;6960
6T2PXJ;2025-08-27;3023
5S4G1W;2025-08-27;7554
9P3WXJ;2025-08-27;6852
11W4Y1H;2025-08-27;18767
8B5V1C;2025-08-27;771
5L3V1H;2025-08-27;8026
7P1P2P;2025-08-27;5495
4L5S1E;2025-08-27;5736
9W8SXR;2025-08-27;962
4Z11FXF;2025-08-27;5302
4W12GXH;2025-08-27;4294
5S4G1W;2025-08-28;5042
12S1R1R;2025-08-27;6317
10H7K1A;2025-08-26;1410
10H7K1A;2025-08-27;1369
1W7E1U;2025-08-27;2180
7J7DXM;2025-08-27;10192
2W12R1D;2025-08-27;7376
2E7B3M;2025-08-27;5759
8Z8B1A;2025-08-27;0
5F6GXO;2025-08-27;4292
6M9B3S;2025-08-27;6233
9M2KXX;2025-08-27;329
4F2ZXD;2025-08-27;0
2G7GXM;2025-08-27;6292
7Z6L2F;2025-08-27;3905
2L7HXA;2025-08-27;9784
10Z12S2G;2025-08-27;6459
7F3MXU;2025-08-27;9048
3M2B2K;2025-08-27;3334
10Z9B1H;2025-08-27;6085
0Q1Q9Q;2025-08-24;6164
0Q1Q9Q;2025-08-25;7888
0Q1Q9Q;2025-08-26;10806
0Q1Q9Q;2025-08-27;10207
8G2B2C;2025-08-27;10874
4T11G3A;2025-08-27;579
9B11R1G;2025-08-28;12425
4G1S1C;2025-08-28;2913
8G2B2C;2025-08-28;138
7Z6L2F;2025-08-28;4757
6T2PXJ;2025-08-28;9389
5L3V1H;2025-08-28;9219
4L5S1E;2025-08-28;10389
9W8SXR;2025-08-28;4403
4Z11FXF;2025-08-28;2246
8B5V1C;2025-08-28;15
10Z9B1H;2025-08-28;7503
10H7K1A;2025-08-28;2390
1W7E1U;2025-08-28;687
9M2KXX;2025-08-28;3004
4F2ZXD;2025-08-28;0
7J7DXM;2025-08-28;17182
8Z8B1A;2025-08-28;0
5F6GXO;2025-08-28;4799
10Z12S2G;2025-08-28;14994
12S1R1R;2025-08-28;14734
7F3MXU;2025-08-28;9262
7P1P2P;2025-08-28;5374
6M9B3S;2025-08-28;1737
4T11G3A;2025-08-28;1417
4W12GXH;2025-08-28;6135
9P3WXJ;2025-08-28;9436
2G7GXM;2025-08-28;8870
2E7B3M;2025-08-28;6235
3M2B2K;2025-08-28;3368
2W12R1D;2025-08-28;6107
11W4Y1H;2025-08-28;7665
2L7HXA;2025-08-28;12411
9B11R1G;2025-08-29;8778
8G2B2C;2025-08-29;6511
6T2PXJ;2025-08-29;6564
9W8SXR;2025-08-29;1061
1W7E1U;2025-08-29;9803
5L3V1H;2025-08-29;4919
12S1R1R;2025-08-29;7928
7F3MXU;2025-08-31;2994
5F6GXO;2025-08-29;5856
5S4G1W;2025-08-29;9859
7J7DXM;2025-08-29;6112
4Z11FXF;2025-08-29;4710
2E7B3M;2025-08-29;5378
8B5V1C;2025-08-29;4912
4L5S1E;2025-08-29;5888
3M2B2K;2025-08-29;8718
8Z8B1A;2025-08-29;0
2L7HXA;2025-08-29;3017
9M2KXX;2025-08-29;395
2W12R1D;2025-08-29;2996
6M9B3S;2025-08-29;5975
10Z9B1H;2025-08-29;9185
4W12GXH;2025-08-29;2686
10H7K1A;2025-08-29;1635
7F3MXU;2025-08-29;5103
4L5S1E;2025-08-23;0
4L5S1E;2025-08-24;0
4L5S1E;2025-08-25;0
4L5S1E;2025-08-26;0
4L5S1E;2025-08-27;0
4L5S1E;2025-08-28;0
4L5S1E;2025-08-29;0
4T11G3A;2025-08-29;7523
7Z6L2F;2025-08-29;7118
9P3WXJ;2025-08-29;11375
4L5S1E;2025-08-25;0
4L5S1E;2025-08-26;0
4L5S1E;2025-08-27;0
4L5S1E;2025-08-28;0
4L5S1E;2025-08-29;0
0Q1Q9Q;2025-08-28;9562
0Q1Q9Q;2025-08-29;7890
7P1P2P;2025-08-29;1644
6M9B3S;2025-08-30;5025
7F3MXU;2025-08-30;11253
9B11R1G;2025-08-30;13598
4W12GXH;2025-08-30;10494
9P3WXJ;2025-08-30;5437
5L3V1H;2025-08-30;4931
4L5S1E;2025-08-30;0
6T2PXJ;2025-08-30;61
8B5V1C;2025-08-30;91
11W4Y1H;2025-08-29;4148
11W4Y1H;2025-08-30;8247
5S4G1W;2025-08-30;20280
9W8SXR;2025-08-30;5697
4L5S1E;2025-08-30;5945
4Z11FXF;2025-08-30;3367
7J7DXM;2025-08-30;17436
10Z9B1H;2025-08-30;4814
12S1R1R;2025-08-30;12052
1W7E1U;2025-08-30;7267
8G2B2C;2025-08-30;5718
8Z8B1A;2025-08-30;0
9M2KXX;2025-08-30;6992
10H7K1A;2025-08-30;2244
2G7GXM;2025-08-29;7188
2G7GXM;2025-08-30;3964
2W12R1D;2025-08-30;5493
2L7HXA;2025-08-30;3465
2E7B3M;2025-08-30;15435
3M2B2K;2025-08-30;4369
7Z6L2F;2025-08-30;6055
7P1P2P;2025-08-30;1063
10Z12S2G;2025-08-29;8311
10Z12S2G;2025-08-30;4655
5S4G1W;2025-08-31;5109
9B11R1G;2025-08-31;4316
4L5S1E;2025-08-31;5321
2E7B3M;2025-08-31;30834
5F6GXO;2025-08-30;2179
5F6GXO;2025-08-31;770
6T2PXJ;2025-08-31;4472
4Z11FXF;2025-08-31;2786
9W8SXR;2025-08-31;9869
8B5V1C;2025-08-31;6113
7J7DXM;2025-08-31;17482
12S1R1R;2025-08-31;13116
10Z9B1H;2025-08-31;3657
9P3WXJ;2025-08-31;6388
10H7K1A;2025-08-31;20392
8Z8B1A;2025-08-31;0
1W7E1U;2025-08-31;222
5L3V1H;2025-08-31;5170
6M9B3S;2025-08-31;4874
10Z12S2G;2025-08-31;5904
8G2B2C;2025-08-31;7752
2L7HXA;2025-08-31;14962
3M2B2K;2025-08-31;9995
2G7GXM;2025-08-31;13667
4L5S1E;2025-08-31;0
4F2ZXD;2025-08-31;0
7P1P2P;2025-08-31;3883
4W12GXH;2025-08-31;3847
4T11G3A;2025-08-30;6167
4T11G3A;2025-08-31;85
9M2KXX;2025-08-31;8613
7Z6L2F;2025-08-31;4877
2W12R1D;2025-08-31;17218
9W8SXR;2025-09-01;1811
5L3V1H;2025-09-01;7905
9B11R1G;2025-09-01;8556
6T2PXJ;2025-09-01;1671
4Z11FXF;2025-09-01;56
4L5S1E;2025-09-01;0
5S4G1W;2025-09-01;16856
7P1P2P;2025-09-01;4454
10Z9B1H;2025-09-01;8449
8B5V1C;2025-09-01;4565
9P3WXJ;2025-09-01;4080
12S1R1R;2025-09-01;9285
8Z8B1A;2025-09-01;0
10H7K1A;2025-09-01;1298
2L7HXA;2025-09-01;4724
1W7E1U;2025-09-01;541
2E7B3M;2025-09-01;7462
2W12R1D;2025-09-01;2448
5F6GXO;2025-09-01;5332
8G2B2C;2025-09-01;10520
2G7GXM;2025-09-01;13224
6M9B3S;2025-09-01;5561
10Z12S2G;2025-09-01;8247
4T11G3A;2025-09-01;6656
7F3MXU;2025-09-01;2688
9M2KXX;2025-09-01;2135
7Z6L2F;2025-09-01;6704
3M2B2K;2025-09-01;8202
0Q1Q9Q;2025-08-30;20732
0Q1Q9Q;2025-08-31;8275
0Q1Q9Q;2025-09-01;5822
9B11R1G;2025-09-02;7157
4L5S1E;2025-09-02;0
4L5S1E;2025-09-02;16375
6T2PXJ;2025-09-02;6497
5F6GXO;2025-09-02;3519
7P1P2P;2025-09-02;17556
5L3V1H;2025-09-02;8154
5S4G1W;2025-09-02;9455
4Z11FXF;2025-09-02;2430
10Z9B1H;2025-09-02;6920
2L7HXA;2025-09-02;5750
10H7K1A;2025-09-02;2973
12S1R1R;2025-09-02;6449
7J7DXM;2025-09-02;7397
8B5V1C;2025-09-02;5513
4T11G3A;2025-09-02;5277
8Z8B1A;2025-09-02;0
4W12GXH;2025-09-02;4510
9W8SXR;2025-09-02;3400
1W7E1U;2025-09-02;3123
8G2B2C;2025-09-02;6761
2G7GXM;2025-09-02;6022
2W12R1D;2025-09-02;7034
6M9B3S;2025-09-02;8330
2E7B3M;2025-09-02;7358
9P3WXJ;2025-09-02;5365
10Z12S2G;2025-09-02;10697
7Z6L2F;2025-09-02;4716
3M2B2K;2025-09-02;9827
7F3MXU;2025-09-02;3360
11W4Y1H;2025-09-02;5978
9M2KXX;2025-09-02;2113
0Q1Q9Q;2025-09-02;6178
6T2PXJ;2025-09-03;1722
7Z6L2F;2025-09-03;3575
7J7DXM;2025-09-03;10319
4L5S1E;2025-09-03;9643
5S4G1W;2025-09-03;5406
9W8SXR;2025-09-03;4638
11W4Y1H;2025-09-03;6711
4T11G3A;2025-09-03;16838
8B5V1C;2025-09-03;802
4Z11FXF;2025-09-03;699
1W7E1U;2025-09-03;1335
9M2KXX;2025-09-03;1828
12S1R1R;2025-09-03;6270
9P3WXJ;2025-09-03;10962
10H7K1A;2025-09-03;16505
2W12R1D;2025-09-03;5619
5F6GXO;2025-09-03;5745
8G2B2C;2025-09-03;10218
2G7GXM;2025-09-03;9313
6M9B3S;2025-09-03;6348
10Z12S2G;2025-09-03;6973
7P1P2P;2025-09-03;12393
9B11R1G;2025-09-03;6316
7F3MXU;2025-09-03;813
2L7HXA;2025-09-03;4176
10Z9B1H;2025-09-03;7185
2E7B3M;2025-09-03;6298
3M2B2K;2025-09-03;8840
5L3V1H;2025-09-03;8575
0Q1Q9Q;2025-09-03;6764
3S4W1F;2025-08-28;4730
3S4W1F;2025-08-29;8015
3S4W1F;2025-08-30;2425
3S4W1F;2025-08-31;6918
3S4W1F;2025-09-01;5832
3S4W1F;2025-09-02;12794
3S4W1F;2025-09-03;13311
9P3WXJ;2025-09-04;7234
3S4W1F;2025-09-04;10470
9B11R1G;2025-09-04;4649
4L5S1E;2025-09-04;6933
6T2PXJ;2025-09-04;4769
4Z11FXF;2025-09-04;3015
5S4G1W;2025-09-04;6859
9W8SXR;2025-09-04;4792
4T11G3A;2025-09-04;10436
8B5V1C;2025-09-04;3596
9M2KXX;2025-09-04;2653
8G2B2C;2025-09-04;5859
7J7DXM;2025-09-04;20904
10H7K1A;2025-09-04;8511
2W12R1D;2025-09-04;3723
12S1R1R;2025-09-04;6792
0Q1Q9Q;2025-09-04;8056
1W7E1U;2025-09-04;103
10Z12S2G;2025-09-04;10316
5F6GXO;2025-09-04;6343
5L3V1H;2025-09-04;9248
2E7B3M;2025-09-04;5486
7Z6L2F;2025-09-04;5988
7F3MXU;2025-09-04;3195
6M9B3S;2025-09-04;3140
3M2B2K;2025-09-04;10028
7P1P2P;2025-09-04;19683
2G7GXM;2025-09-04;8420
2L7HXA;2025-09-04;3259
10Z9B1H;2025-09-04;5487
2W12R1D;2025-09-05;460
9B11R1G;2025-09-05;4013
3S4W1F;2025-09-05;4243
8G2B2C;2025-09-05;1960
6M9B3S;2025-09-05;9477
3M2B2K;2025-09-05;15611
9W8SXR;2025-09-05;7323
4Z11FXF;2025-09-05;4103
2E7B3M;2025-09-05;6101
6T2PXJ;2025-09-05;5330
7Z6L2F;2025-09-05;5303
11W4Y1H;2025-09-04;5796
11W4Y1H;2025-09-05;3016
4L5S1E;2025-09-05;10382
8B5V1C;2025-09-05;4714
4T11G3A;2025-09-05;18598
4F2ZXD;2025-09-05;0
9P3WXJ;2025-09-05;10235
9M2KXX;2025-09-05;190
5S4G1W;2025-09-05;7900
7J7DXM;2025-09-05;8658
10H7K1A;2025-09-05;4556
12S1R1R;2025-09-05;10305
1W7E1U;2025-09-05;403
7F3MXU;2025-09-05;8878
7P1P2P;2025-09-05;4966
10Z12S2G;2025-09-05;9014
5F6GXO;2025-09-05;6120
1S6M3E;2025-08-26;0
2L7HXA;2025-09-05;5178
2G7GXM;2025-09-05;3515
10Z9B1H;2025-09-05;7404
0Q1Q9Q;2025-09-05;4859
3S4W1F;2025-09-06;11437
9B11R1G;2025-09-06;13160
4L5S1E;2025-09-06;17188
5F6GXO;2025-09-06;8989
2G7GXM;2025-09-06;6295
10H7K1A;2025-09-06;10871
3M2B2K;2025-09-06;6637
2W12R1D;2025-09-06;3569
6B10M2M;2025-09-06;0
7P1P2P;2025-09-06;6225
9W8SXR;2025-09-06;12637
6T2PXJ;2025-09-06;2807
7J7DXM;2025-09-06;13875
8B5V1C;2025-09-06;3848
5S4G1W;2025-09-06;2404
12S1R1R;2025-09-06;16950
9M2KXX;2025-09-06;4805
4Z11FXF;2025-09-06;2265
4T11G3A;2025-09-06;14472
4F2ZXD;2025-09-06;0
2E7B3M;2025-09-06;11660
9P3WXJ;2025-09-06;6811
7F3MXU;2025-09-06;1688
1W7E1U;2025-09-06;3656
0Q1Q9Q;2025-09-06;17416
6M9B3S;2025-09-06;11597
2L7HXA;2025-09-06;9859
8G2B2C;2025-09-06;19987
10Z9B1H;2025-09-06;4408
5L3V1H;2025-09-05;8387
5L3V1H;2025-09-06;9954
11W4Y1H;2025-09-06;6136
7Z6L2F;2025-09-06;6634
10Z12S2G;2025-09-06;6951
3S4W1F;2025-09-07;4206
9B11R1G;2025-09-07;12813
4L5S1E;2025-09-07;7426
9W8SXR;2025-09-07;18409
5S4G1W;2025-09-07;23334
7J7DXM;2025-09-07;23089
6T2PXJ;2025-09-07;9179
4Z11FXF;2025-09-07;6918
9M2KXX;2025-09-07;1428
8B5V1C;2025-09-07;532
9P3WXJ;2025-09-07;2130
4T11G3A;2025-09-07;6222
12S1R1R;2025-09-07;8632
0Q1Q9Q;2025-09-07;9484
2W12R1D;2025-09-07;1794
1W7E1U;2025-09-07;88
10H7K1A;2025-09-07;11172
8G2B2C;2025-09-07;4059
2G7GXM;2025-09-07;13712
10Z12S2G;2025-09-07;6440
6M9B3S;2025-09-07;9077
5F6GXO;2025-09-07;7809
2L7HXA;2025-09-07;24475
7Z6L2F;2025-09-07;3776
7P1P2P;2025-09-07;3511
4L5S1E;2025-09-03;0
4L5S1E;2025-09-04;0
4L5S1E;2025-09-05;0
4L5S1E;2025-09-06;0
4L5S1E;2025-09-07;0
7F3MXU;2025-09-07;1290
5L3V1H;2025-09-07;2173
3S4W1F;2025-09-08;6939
9B11R1G;2025-09-08;7974
5S4G1W;2025-09-08;10148
6T2PXJ;2025-09-08;1187
4Z11FXF;2025-09-08;15
9W8SXR;2025-09-08;17123
4L5S1E;2025-09-08;11899
5F6GXO;2025-09-08;4946
8B5V1C;2025-09-08;4123
9P3WXJ;2025-09-08;4774
4T11G3A;2025-09-08;130
0Q1Q9Q;2025-09-08;9118
1W7E1U;2025-09-08;1784
12S1R1R;2025-09-08;4793
9M2KXX;2025-09-08;5906
2W12R1D;2025-09-08;3508
10Z12S2G;2025-09-08;5747
10H7K1A;2025-09-08;2488
11W4Y1H;2025-09-07;4440
11W4Y1H;2025-09-08;4165
7J7DXM;2025-09-08;6778
3M2B2K;2025-09-08;1871
6M9B3S;2025-09-08;7701
2G7GXM;2025-09-08;9357
8G2B2C;2025-09-08;5285
2L7HXA;2025-09-08;4315
7P1P2P;2025-09-08;3337
5L3V1H;2025-09-08;4897
4L5S1E;2025-09-08;8228
7Z6L2F;2025-09-08;6215
2E7B3M;2025-09-07;11650
2E7B3M;2025-09-08;7070
7F3MXU;2025-09-08;10905
3M2B2K;2025-09-07;3810
6T2PXJ;2025-09-09;3626
3S4W1F;2025-09-09;10226
9B11R1G;2025-09-09;5508
4L5S1E;2025-09-09;5673
9M2KXX;2025-09-09;6930
10H7K1A;2025-09-09;8704
8B5V1C;2025-09-09;4120
7Z6L2F;2025-09-09;5679
9W8SXR;2025-09-09;3479
3M2B2K;2025-09-09;4789
5S4G1W;2025-09-09;8152
4Z11FXF;2025-09-09;6010
9P3WXJ;2025-09-09;6227
4T11G3A;2025-09-09;8505
2E7B3M;2025-09-09;14037
4F2ZXD;2025-09-09;0
1W7E1U;2025-09-09;2750
0Q1Q9Q;2025-09-09;6616
10Z12S2G;2025-09-09;10584
7J7DXM;2025-09-09;11094
5F6GXO;2025-09-09;4581
12S1R1R;2025-09-09;12688
2W12R1D;2025-09-09;5867
2L7HXA;2025-09-09;5584
6M9B3S;2025-09-09;7783
7P1P2P;2025-09-09;2353
8G2B2C;2025-09-09;7534
5L3V1H;2025-09-09;8206
4L5S1E;2025-09-09;0
2G7GXM;2025-09-09;7603
12W4H1U;2025-09-03;3042
12W4H1U;2025-09-04;4154
12W4H1U;2025-09-05;2239
12W4H1U;2025-09-06;4405
12W4H1U;2025-09-07;3971
12W4H1U;2025-09-08;6923
12W4H1U;2025-09-09;1449
4L5S1E;2025-09-10;7679
3S4W1F;2025-09-10;12068
8G2B2C;2025-09-10;10561
9W8SXR;2025-09-10;465
11W4Y1H;2025-09-09;9157
11W4Y1H;2025-09-10;3333
9B11R1G;2025-09-10;10031
6T2PXJ;2025-09-10;5562
5S4G1W;2025-09-10;4880
4L5S1E;2025-09-10;10458
9P3WXJ;2025-09-10;6401
7J7DXM;2025-09-10;15626
4Z11FXF;2025-09-10;3743
8B5V1C;2025-09-10;1244
0Q1Q9Q;2025-09-10;3571
2W12R1D;2025-09-10;1560
4T11G3A;2025-09-10;1517
9M2KXX;2025-09-10;7388
10H7K1A;2025-09-10;4451
1W7E1U;2025-09-10;1878
6M9B3S;2025-09-10;1894
2E7B3M;2025-09-10;9354
5F6GXO;2025-09-10;5057
5L3V1H;2025-09-10;8519
2L7HXA;2025-09-10;5233
12S1R1R;2025-09-10;11790
7Z6L2F;2025-09-10;6058
10Z12S2G;2025-09-10;11601
3M2B2K;2025-09-10;10589
7F3MXU;2025-09-09;7939
7F3MXU;2025-09-10;97
12W4H1U;2025-09-10;2186
7P1P2P;2025-09-10;5861
2G7GXM;2025-09-10;5521
4L5S1E;2025-09-11;6944
9B11R1G;2025-09-11;9961
3S4W1F;2025-09-11;7149
8G2B2C;2025-09-11;7369
12S1R1R;2025-09-11;12974
6T2PXJ;2025-09-11;5536
2E7B3M;2025-09-11;5635
7J7DXM;2025-09-11;12087
4Z11FXF;2025-09-11;14
9W8SXR;2025-09-11;8891
9P3WXJ;2025-09-11;8645
5S4G1W;2025-09-11;3467
4L5S1E;2025-09-11;10692
4T11G3A;2025-09-11;4855
8B5V1C;2025-09-11;2226
0Q1Q9Q;2025-09-11;4961
9M2KXX;2025-09-11;4043
3M2B2K;2025-09-11;12257
10H7K1A;2025-09-11;3114
2W12R1D;2025-09-11;8122
6M9B3S;2025-09-11;6182
1W7E1U;2025-09-11;2240
5F6GXO;2025-09-11;4088
10Z12S2G;2025-09-11;3002
2L7HXA;2025-09-11;7271
7P1P2P;2025-09-11;2053
2G7GXM;2025-09-11;3303
7Z6L2F;2025-09-11;3515
12W4H1U;2025-09-11;2940
5L3V1H;2025-09-11;8169
7F3MXU;2025-09-11;6893
11W4Y1H;2025-09-11;6526
3S4W1F;2025-09-12;9841
4L5S1E;2025-09-12;5371
9B11R1G;2025-09-12;25001
8G2B2C;2025-09-12;6833
4L5S1E;2025-09-12;7782
6T2PXJ;2025-09-12;5208
5S4G1W;2025-09-12;6926
9P3WXJ;2025-09-12;8093
9W8SXR;2025-09-12;5891
8B5V1C;2025-09-12;3633
7J7DXM;2025-09-12;10813
2L7HXA;2025-09-12;4655
4Z11FXF;2025-09-12;2733
4T11G3A;2025-09-12;21715
9M2KXX;2025-09-12;0
6M9B3S;2025-09-12;2628
7F3MXU;2025-09-12;6418
2W12R1D;2025-09-12;4559
12W4H1U;2025-09-12;1930
0Q1Q9Q;2025-09-12;5602
10Z12S2G;2025-09-12;14915
10H7K1A;2025-09-12;2305
5F6GXO;2025-09-12;3924
1W7E1U;2025-09-12;1999
12S1R1R;2025-09-12;25609
3M2B2K;2025-09-12;5244
2G7GXM;2025-09-12;10118
7P1P2P;2025-09-12;3316
7Z6L2F;2025-09-12;5005
11W4Y1H;2025-09-12;7543
2E7B3M;2025-09-12;7302
5L3V1H;2025-09-12;3965
5L3V1H;2025-09-13;11242
3S4W1F;2025-09-13;8763
12W4H1U;2025-09-13;10912
5S4G1W;2025-09-13;8725
7J7DXM;2025-09-13;10875
8B5V1C;2025-09-13;1144
2G7GXM;2025-09-13;11063
12S1R1R;2025-09-13;4565
6M9B3S;2025-09-13;14638
9W8SXR;2025-09-13;11995
4L5S1E;2025-09-13;6349
4L5S1E;2025-09-13;2
7P1P2P;2025-09-13;2497
6T2PXJ;2025-09-13;1285
2W12R1D;2025-09-13;5355
4Z11FXF;2025-09-13;0
10H7K1A;2025-09-13;34799
9M2KXX;2025-09-13;4807
9B11R1G;2025-09-13;24981
1W7E1U;2025-09-13;2284
2E7B3M;2025-09-13;7507
8G2B2C;2025-09-13;18035
0Q1Q9Q;2025-09-13;7682
2L7HXA;2025-09-13;11771
9P3WXJ;2025-09-13;7134
7Z6L2F;2025-09-13;4362
5F6GXO;2025-09-13;4345
3M2B2K;2025-09-13;7465
10Z12S2G;2025-09-13;14362
4T11G3A;2025-09-13;1899
7F3MXU;2025-09-13;4920
11W4Y1H;2025-09-13;8639
9B11R1G;2025-09-14;9360
6T2PXJ;2025-09-14;5673
9P3WXJ;2025-09-14;4195
4L5S1E;2025-09-14;7128
4L5S1E;2025-09-14;0
7J7DXM;2025-09-14;11235
5S4G1W;2025-09-14;7253
9W8SXR;2025-09-14;579
2W12R1D;2025-09-14;9919
4T11G3A;2025-09-14;4132
8B5V1C;2025-09-14;178
10Z12S2G;2025-09-14;4544
12S1R1R;2025-09-14;8009
0Q1Q9Q;2025-09-14;3494
5L3V1H;2025-09-14;5686
9M2KXX;2025-09-14;0
10H7K1A;2025-09-14;1774
1W7E1U;2025-09-14;2665
6M9B3S;2025-09-14;2435
5F6GXO;2025-09-14;2082
2G7GXM;2025-09-14;21987
12W4H1U;2025-09-14;4287
10H7K1A;2025-09-17;4069
5L3V1H;2025-09-17;8572
8G2B2C;2025-09-14;25927
2L7HXA;2025-09-14;8689
7P1P2P;2025-09-14;1166
7Z6L2F;2025-09-14;4918
7F3MXU;2025-09-14;6185
3S4W1F;2025-09-14;5931
2E7B3M;2025-09-14;4610
4Z11FXF;2025-09-14;0
3M2B2K;2025-09-14;4169
1W7E1U;2025-09-15;2571
9B11R1G;2025-09-15;7412
5L3V1H;2025-09-15;7149
5F6GXO;2025-09-15;2384
6T2PXJ;2025-09-15;8211
4L5S1E;2025-09-15;11325
7Z6L2F;2025-09-15;2212
2W12R1D;2025-09-15;8374
5S4G1W;2025-09-15;9327
8B5V1C;2025-09-15;4025
9M2KXX;2025-09-15;0
4T11G3A;2025-09-15;19433
7J7DXM;2025-09-15;17319
12S1R1R;2025-09-15;7577
6M9B3S;2025-09-15;1296
10Z12S2G;2025-09-15;8783
9W8SXR;2025-09-15;2564
9P3WXJ;2025-09-15;9290
10H7K1A;2025-09-15;7744
2E7B3M;2025-09-15;14603
0Q1Q9Q;2025-09-15;6505
11W4Y1H;2025-09-14;3483
11W4Y1H;2025-09-15;3205
7P1P2P;2025-09-15;2687
7F3MXU;2025-09-15;4619
2L7HXA;2025-09-15;5736
3S4W1F;2025-09-15;7812
12W4H1U;2025-09-15;3017
3M2B2K;2025-09-15;4419
2G7GXM;2025-09-15;8779
8G2B2C;2025-09-15;4501
9B11R1G;2025-09-16;5509
4L5S1E;2025-09-16;3253
8G2B2C;2025-09-16;7131
9M2KXX;2025-09-16;4022
6T2PXJ;2025-09-16;1134
5S4G1W;2025-09-16;11759
9W8SXR;2025-09-16;2376
9P3WXJ;2025-09-16;7917
12W4H1U;2025-09-16;2841
5L3V1H;2025-09-16;8697
2W12R1D;2025-09-16;8041
8B5V1C;2025-09-16;481
12S1R1R;2025-09-16;7936
4T11G3A;2025-09-16;8775
3S4W1F;2025-09-16;6378
6M9B3S;2025-09-16;1511
1W7E1U;2025-09-16;2270
10Z12S2G;2025-09-16;13878
7J7DXM;2025-09-16;7364
5F6GXO;2025-09-16;5001
2E7B3M;2025-09-16;5359
2G7GXM;2025-09-16;7678
7F3MXU;2025-09-16;5273
0Q1Q9Q;2025-09-16;10118
7Z6L2F;2025-09-16;6865
3M2B2K;2025-09-16;4100
7P1P2P;2025-09-16;1024
10H7K1A;2025-09-16;1826
2L7HXA;2025-09-16;8469
11W4Y1H;2025-09-16;6527
2W12R1D;2025-09-17;8036
11W4Y1H;2025-09-17;7765
6T2PXJ;2025-09-17;174
6M9B3S;2025-09-17;5998
9B11R1G;2025-09-17;17253
7Z6L2F;2025-09-17;2615
6B10M2M;2025-09-17;0
9P3WXJ;2025-09-17;7468
4L5S1E;2025-09-17;553
9W8SXR;2025-09-17;7000
5S4G1W;2025-09-17;10181
4T11G3A;2025-09-17;13922
9M2KXX;2025-09-17;1140
3S4W1F;2025-09-17;18110
12S1R1R;2025-09-17;17500
7J7DXM;2025-09-17;10980
5F6GXO;2025-09-17;4762
2E7B3M;2025-09-17;7494
1W7E1U;2025-09-17;1328
12W4H1U;2025-09-17;17289
8B5V1C;2025-09-17;2148
7P1P2P;2025-09-17;7185
8G2B2C;2025-09-17;4767
2G7GXM;2025-09-17;3326
7F3MXU;2025-09-17;9980
10Z12S2G;2025-09-17;6519
10Z9B1H;2025-09-11;7467
10Z9B1H;2025-09-12;7262
10Z9B1H;2025-09-13;792
10Z9B1H;2025-09-14;129
10Z9B1H;2025-09-15;2047
10Z9B1H;2025-09-16;9054
10Z9B1H;2025-09-17;5837
3M2B2K;2025-09-17;7942
2L7HXA;2025-09-17;3393
2W12R1D;2025-09-18;4635
11W4Y1H;2025-09-18;11663
9B11R1G;2025-09-18;11723
4L5S1E;2025-09-18;2087
3S4W1F;2025-09-18;8770
1B7SXH;2025-09-18;298
8B5V1C;2025-09-18;7174
7Z6L2F;2025-09-18;7158
5S4G1W;2025-09-18;5725
9W8SXR;2025-09-18;1158
6T2PXJ;2025-09-18;11840
7P1P2P;2025-09-18;1548
4T11G3A;2025-09-18;4884
7J7DXM;2025-09-18;13959
9M2KXX;2025-09-18;2892
2G7GXM;2025-09-18;7444
1W7E1U;2025-09-18;1097
10Z12S2G;2025-09-18;7546
10H7K1A;2025-09-18;3966
12S1R1R;2025-09-18;4037
5L3V1H;2025-09-18;7964
5F6GXO;2025-09-18;5795
2E7B3M;2025-09-18;7173
6M9B3S;2025-09-18;3301
9P3WXJ;2025-09-18;4849
12W4H1U;2025-09-18;7048
2L7HXA;2025-09-18;2908
7F3MXU;2025-09-18;8950
8G2B2C;2025-09-18;4778
3M2B2K;2025-09-18;1810
5F6GXO;2025-09-19;4799
5S4G1W;2025-09-19;5947
8B5V1C;2025-09-19;4591
2L7HXA;2025-09-19;2617
6B10M2M;2025-09-19;0
4L5S1E;2025-09-19;6102
9M2KXX;2025-09-19;567
7J7DXM;2025-09-19;9763
2W12R1D;2025-09-19;11421
9W8SXR;2025-09-19;6252
6T2PXJ;2025-09-19;13640
4T11G3A;2025-09-19;21406
11W4Y1H;2025-09-19;7936
5S4G1W;2025-09-21;6331
5L3V1H;2025-09-19;3229
3S4W1F;2025-09-19;10643
1B7SXH;2025-09-19;3019
9B11R1G;2025-09-19;10499
8G2B2C;2025-09-19;1105
4F2ZXD;2025-09-19;0
10H7K1A;2025-09-19;2387
1W7E1U;2025-09-19;2659
2E7B3M;2025-09-19;7799
12S1R1R;2025-09-19;10833
3M2B2K;2025-09-19;3444
6M9B3S;2025-09-19;3261
2G7GXM;2025-09-19;19191
7P1P2P;2025-09-19;2284
9P3WXJ;2025-09-19;4111
10Z12S2G;2025-09-19;10951
12W4H1U;2025-09-19;4277
7Z6L2F;2025-09-19;7511
7F3MXU;2025-09-19;4470
12S1R1R;2025-09-20;4973
3S4W1F;2025-09-20;0
9W8SXR;2025-09-20;6680
4T11G3A;2025-09-20;4096
11W4Y1H;2025-09-20;9916
6T2PXJ;2025-09-20;0
2W12R1D;2025-09-21;7032
9B11R1G;2025-09-20;9396
8B5V1C;2025-09-20;1696
2W12R1D;2025-09-20;7187
7J7DXM;2025-09-20;12431
4L5S1E;2025-09-20;6369
10H7K1A;2025-09-20;25388
5L3V1H;2025-09-20;4324
5S4G1W;2025-09-20;6431
1B7SXH;2025-09-20;1791
9M2KXX;2025-09-20;6763
6M9B3S;2025-09-20;1887
7F3MXU;2025-09-20;872
12W4H1U;2025-09-20;9288
1W7E1U;2025-09-20;1971
2G7GXM;2025-09-20;22058
2E7B3M;2025-09-20;18465
9P3WXJ;2025-09-20;5309
8G2B2C;2025-09-20;19794
3M2B2K;2025-09-20;14103
7Z6L2F;2025-09-20;3244
2L7HXA;2025-09-20;1060
5L3V1H;2025-09-21;17128
10Z12S2G;2025-09-20;4489
1W7E1U;2025-09-21;3047
9B11R1G;2025-09-21;7046
4L5S1E;2025-09-21;12811
7J7DXM;2025-09-21;14167
9W8SXR;2025-09-21;4106
6T2PXJ;2025-09-21;6103
4T11G3A;2025-09-21;3496
9M2KXX;2025-09-21;90
11W4Y1H;2025-09-21;11266
4F2ZXD;2025-09-21;0
1B7SXH;2025-09-21;4888
8B5V1C;2025-09-21;3398
3S4W1F;2025-09-21;1409
9P3WXJ;2025-09-21;2480
12S1R1R;2025-09-21;2179
10H7K1A;2025-09-21;2997
12W4H1U;2025-09-21;4378
7F3MXU;2025-09-21;8480
6M9B3S;2025-09-21;5790
3M2B2K;2025-09-21;4528
2L7HXA;2025-09-21;6055
2E7B3M;2025-09-21;6816
7Z6L2F;2025-09-21;3750
10Z12S2G;2025-09-21;2896
2G7GXM;2025-09-21;11941
5L3V1H;2025-09-22;21626
7P1P2P;2025-09-20;7213
7P1P2P;2025-09-21;619
5F6GXO;2025-09-20;0
5F6GXO;2025-09-21;325
9B11R1G;2025-09-22;12053
3S4W1F;2025-09-22;408
5S4G1W;2025-09-22;6026
4L5S1E;2025-09-22;5668
6T2PXJ;2025-09-22;16876
9W8SXR;2025-09-22;19779
11W4Y1H;2025-09-22;18114
2L7HXA;2025-09-22;6197
8B5V1C;2025-09-22;4363
9P3WXJ;2025-09-22;15176
2W12R1D;2025-09-22;4411
9M2KXX;2025-09-22;2660
12S1R1R;2025-09-22;5524
1B7SXH;2025-09-22;4353
7J7DXM;2025-09-22;13504
4F2ZXD;2025-09-22;0
4T11G3A;2025-09-22;1996
1W7E1U;2025-09-22;6483
10H7K1A;2025-09-22;2978
5F6GXO;2025-09-22;5254
2G7GXM;2025-09-22;3269
7F3MXU;2025-09-22;5490
6M9B3S;2025-09-22;6901
2E7B3M;2025-09-22;11908
8G2B2C;2025-09-21;5650
8G2B2C;2025-09-22;149
7P1P2P;2025-09-22;695
7Z6L2F;2025-09-22;4979
10Z12S2G;2025-09-22;5425
12W4H1U;2025-09-22;9350
10Z9B1H;2025-09-18;8326
10Z9B1H;2025-09-19;6325
10Z9B1H;2025-09-20;115
10Z9B1H;2025-09-21;5756
10Z9B1H;2025-09-22;224
10Z12S2G;2025-09-25;13442
9B11R1G;2025-09-23;4923
11W4Y1H;2025-09-23;8713
3S4W1F;2025-09-23;6120
5L3V1H;2025-09-23;12477
6T2PXJ;2025-09-23;2098
5F6GXO;2025-09-23;4567
2L7HXA;2025-09-23;6973
5S4G1W;2025-09-23;5975
9W8SXR;2025-09-23;28850
7J7DXM;2025-09-23;7291
4L5S1E;2025-09-23;3556
9P3WXJ;2025-09-23;19333
1W7E1U;2025-09-23;2184
4T11G3A;2025-09-23;2273
8B5V1C;2025-09-23;6987
2W12R1D;2025-09-23;5336
9M2KXX;2025-09-23;3254
6M9B3S;2025-09-23;4148
7P1P2P;2025-09-23;4857
12S1R1R;2025-09-23;10796
1B7SXH;2025-09-23;3610
2E7B3M;2025-09-23;4379
2G7GXM;2025-09-23;8696
7Z6L2F;2025-09-23;4931
8G2B2C;2025-09-23;7888
10Z12S2G;2025-09-23;5748
7F3MXU;2025-09-23;1331
10H7K1A;2025-09-23;1873
3M2B2K;2025-09-22;6473
3M2B2K;2025-09-23;1534
10Z9B1H;2025-09-23;7583
7J7DXM;2025-09-24;16102
9B11R1G;2025-09-24;7329
3S4W1F;2025-09-24;16545
11W4Y1H;2025-09-24;5120
2E7B3M;2025-09-24;11379
6T2PXJ;2025-09-24;3032
4L5S1E;2025-09-24;7769
5S4G1W;2025-09-24;3501
8B5V1C;2025-09-24;5718
9W8SXR;2025-09-24;10131
9P3WXJ;2025-09-24;13284
1B7SXH;2025-09-24;4978
12S1R1R;2025-09-24;12197
4T11G3A;2025-09-24;5646
12W4H1U;2025-09-23;2481
12W4H1U;2025-09-24;2963
9M2KXX;2025-09-24;3763
1W7E1U;2025-09-24;1860
10H7K1A;2025-09-24;7368
8G2B2C;2025-09-24;11477
4F2ZXD;2025-09-24;0
5F6GXO;2025-09-24;3788
10Z12S2G;2025-09-24;5044
7P1P2P;2025-09-24;6789
7Z6L2F;2025-09-24;7594
6M9B3S;2025-09-24;889
3M2B2K;2025-09-24;2360
2L7HXA;2025-09-24;11082
2G7GXM;2025-09-24;9362
7F3MXU;2025-09-24;4310
2W12R1D;2025-09-24;6784
2W12R1D;2025-09-25;6260
3S4W1F;2025-09-25;6405
11W4Y1H;2025-09-25;6174
9B11R1G;2025-09-25;9428
7Z6L2F;2025-09-25;4741
4L5S1E;2025-09-25;8362
12S1R1R;2025-09-25;8243
8B5V1C;2025-09-25;4835
5S4G1W;2025-09-25;4364
7P1P2P;2025-09-25;5652
7J7DXM;2025-09-25;21298
1B7SXH;2025-09-25;3990
6T2PXJ;2025-09-25;4757
4Z11FXF;2025-09-25;4446
4T11G3A;2025-09-25;1667
6M9B3S;2025-09-25;5263
9M2KXX;2025-09-25;3275
8G2B2C;2025-09-25;11911
2E7B3M;2025-09-25;5915
5F6GXO;2025-09-25;6106
1W7E1U;2025-09-25;2474
3M2B2K;2025-09-25;8320
9W8SXR;2025-09-25;9481
12W4H1U;2025-09-25;8194
2L7HXA;2025-09-25;18899
2G7GXM;2025-09-25;8820
9P3WXJ;2025-09-25;13430
1W7E1U;2025-09-26;1903
11W4Y1H;2025-09-26;9344
7J7DXM;2025-09-26;7933
9P3WXJ;2025-09-26;3317
3S4W1F;2025-09-26;7353
6M9B3S;2025-09-26;5933
4T11G3A;2025-09-26;5806
5S4G1W;2025-09-26;10325
12W4H1U;2025-09-26;6460
1B7SXH;2025-09-26;4234
9W8SXR;2025-09-26;14071
9B11R1G;2025-09-26;11075
12S1R1R;2025-09-26;7469
6T2PXJ;2025-09-26;4035
4L5S1E;2025-09-26;11111
8B5V1C;2025-09-26;3216
4Z11FXF;2025-09-26;4840
2W12R1D;2025-09-26;3427
9M2KXX;2025-09-26;2112
2G7GXM;2025-09-26;2226
2L7HXA;2025-09-26;3915
8G2B2C;2025-09-26;16426
7P1P2P;2025-09-26;173
2E7B3M;2025-09-26;9612
5F6GXO;2025-09-26;4663
3M2B2K;2025-09-26;1648
10Z9B1H;2025-09-24;8711
10Z9B1H;2025-09-25;7694
10Z9B1H;2025-09-26;9800
7Z6L2F;2025-09-26;5190
10Z12S2G;2025-09-26;4247
5L3V1H;2025-09-24;15612
5L3V1H;2025-09-25;9382
5L3V1H;2025-09-26;21585
5L3V1H;2025-09-27;11140
2W12R1D;2025-09-27;5721
11W4Y1H;2025-09-27;11371
9P3WXJ;2025-09-27;7363
3S4W1F;2025-09-27;10904
9B11R1G;2025-09-27;12942
7Z6L2F;2025-09-27;6132
4L5S1E;2025-09-27;11157
1B7SXH;2025-09-27;2282
6T2PXJ;2025-09-27;3306
5S4G1W;2025-09-27;110
12S1R1R;2025-09-27;9998
8B5V1C;2025-09-27;0
4Z11FXF;2025-09-27;1155
4T11G3A;2025-09-27;5502
9W8SXR;2025-09-27;15729
7J7DXM;2025-09-27;11343
9M2KXX;2025-09-27;174
2G7GXM;2025-09-27;15797
6M9B3S;2025-09-27;10827
8G2B2C;2025-09-27;34078
1W7E1U;2025-09-27;1394
10Z9B1H;2025-09-27;3790
2E7B3M;2025-09-27;7525
2L7HXA;2025-09-27;7549
12W4H1U;2025-09-27;10013
7P1P2P;2025-09-27;2611
3M2B2K;2025-09-27;3694
0Q1Q9Q;2025-09-21;13564
0Q1Q9Q;2025-09-22;4444
0Q1Q9Q;2025-09-23;6627
0Q1Q9Q;2025-09-24;22059
0Q1Q9Q;2025-09-25;6591
0Q1Q9Q;2025-09-26;4804
0Q1Q9Q;2025-09-27;4262
5F11B1P;2025-09-21;5866
5F11B1P;2025-09-22;3621
5F11B1P;2025-09-23;5031
5F11B1P;2025-09-24;7160
5F11B1P;2025-09-25;3190
5F11B1P;2025-09-26;3752
5F11B1P;2025-09-27;8733
5F11B1P;2025-09-28;4042
6M9B3S;2025-09-28;373
7J7DXM;2025-09-28;6830
9P3WXJ;2025-09-28;5173
11W4Y1H;2025-09-28;776
9B11R1G;2025-09-28;4352
4L5S1E;2025-09-28;8173
5S4G1W;2025-09-28;29494
1B7SXH;2025-09-28;104
6T2PXJ;2025-09-28;2022
7Z6L2F;2025-09-28;5691
2W12R1D;2025-09-28;6069
8B5V1C;2025-09-28;249
4T11G3A;2025-09-28;6655
4Z11FXF;2025-09-28;3785
9W8SXR;2025-09-28;24563
3M2B2K;2025-09-28;4752
1W7E1U;2025-09-28;1213
9M2KXX;2025-09-28;79
5F6GXO;2025-09-27;2204
5F6GXO;2025-09-28;277
2G7GXM;2025-09-28;10708
2E7B3M;2025-09-28;10028
3S4W1F;2025-09-28;7198
7P1P2P;2025-09-28;1372
12W4H1U;2025-09-28;3343
8G2B2C;2025-09-28;28745
6B10M2M;2025-09-28;0
10Z12S2G;2025-09-27;6131
10Z12S2G;2025-09-28;1016
2L7HXA;2025-09-28;12780
7F3MXU;2025-09-25;7446
7F3MXU;2025-09-26;1321
7F3MXU;2025-09-27;69
7F3MXU;2025-09-28;72
12S1R1R;2025-09-28;9322
5F11B1P;2025-09-29;3704
11W4Y1H;2025-09-29;2393
9B11R1G;2025-09-29;7976
1B7SXH;2025-09-29;3773
5L3V1H;2025-09-28;10006
5S4G1W;2025-09-29;3668
5L3V1H;2025-09-29;25701
4Z11FXF;2025-09-29;4140
6T2PXJ;2025-09-29;6226
9W8SXR;2025-09-29;350
4L5S1E;2025-09-29;3505
8B5V1C;2025-09-29;2248
4T11G3A;2025-09-29;4395
3S4W1F;2025-09-29;9800
9M2KXX;2025-09-29;6923
7J7DXM;2025-09-29;7544
10Z12S2G;2025-09-29;8743
2E7B3M;2025-09-29;7868
6M9B3S;2025-09-29;8485
2G7GXM;2025-09-29;8697
9P3WXJ;2025-09-29;11945
12W4H1U;2025-09-29;1519
5F6GXO;2025-09-29;3558
1W7E1U;2025-09-29;1830
3M2B2K;2025-09-29;5820
0Q1Q9Q;2025-09-28;3210
0Q1Q9Q;2025-09-29;5697
7P1P2P;2025-09-29;4261
12S1R1R;2025-09-29;6093
8G2B2C;2025-09-29;39219
2L7HXA;2025-09-29;8122
7F3MXU;2025-09-29;1626
5L3V1H;2025-09-30;20996
11W4Y1H;2025-09-30;822
7J7DXM;2025-09-30;10105
4L5S1E;2025-09-30;10639
5F11B1P;2025-09-30;9292
5S4G1W;2025-09-30;9497
1B7SXH;2025-09-30;2370
6T2PXJ;2025-09-30;1105
9W8SXR;2025-09-30;17684
4Z11FXF;2025-09-30;2800
4T11G3A;2025-09-30;8979
9M2KXX;2025-09-30;13
8B5V1C;2025-09-30;2811
3S4W1F;2025-09-30;7324
10Z12S2G;2025-09-30;8597
9P3WXJ;2025-09-30;19389
2G7GXM;2025-09-30;10548
5F6GXO;2025-09-30;4308
9B11R1G;2025-09-30;9423
6M9B3S;2025-09-30;2360
12S1R1R;2025-09-30;5449
7P1P2P;2025-09-30;3339
7Z6L2F;2025-09-29;7851
7Z6L2F;2025-09-30;4527
3M2B2K;2025-09-30;7021
8G2B2C;2025-09-30;25769
2E7B3M;2025-09-30;6571
12W4H1U;2025-09-30;3833
2L7HXA;2025-09-30;7455
7F3MXU;2025-09-30;2879
5L3V1H;2025-10-01;15797
11W4Y1H;2025-10-01;9180
5F11B1P;2025-10-01;2743
7F3MXU;2025-10-03;6587
12W4H1U;2025-10-03;7834
8G2B2C;2025-10-01;25361
9B11R1G;2025-10-01;7270
9W8SXR;2025-10-01;15399
6T2PXJ;2025-10-01;607
7Z6L2F;2025-10-01;7420
3M2B2K;2025-10-01;6305
7P1P2P;2025-10-01;6785
4L5S1E;2025-10-01;18060
8B5V1C;2025-10-01;411
4Z11FXF;2025-10-01;1365
1B7SXH;2025-10-01;9353
9M2KXX;2025-10-01;472
7J7DXM;2025-10-01;7943
6M9B3S;2025-10-01;2438
9P3WXJ;2025-10-01;11190
4F2ZXD;2025-10-01;0
5F6GXO;2025-10-01;5564
10Z12S2G;2025-10-01;13641
2G7GXM;2025-10-01;8112
5S4G1W;2025-10-01;5215
4T11G3A;2025-10-01;1157
7F3MXU;2025-10-01;3119
12S1R1R;2025-10-01;2843
3S4W1F;2025-10-01;8701
1W7E1U;2025-09-30;2035
1W7E1U;2025-10-01;1976
2L7HXA;2025-10-01;11866
10Z9B1H;2025-09-28;859
10Z9B1H;2025-09-29;324
10Z9B1H;2025-09-30;10122
10Z9B1H;2025-10-01;6273
5L3V1H;2025-10-02;8490
2E7B3M;2025-10-01;9959
9B11R1G;2025-10-02;9081
10Z12S2G;2025-10-02;21096
12S1R1R;2025-10-02;6105
7P1P2P;2025-10-02;2186
11W4Y1H;2025-10-02;10823
9W8SXR;2025-10-02;22716
4Z11FXF;2025-10-02;2403
6T2PXJ;2025-10-02;4678
1B7SXH;2025-10-02;3568
4L5S1E;2025-10-02;8381
7J7DXM;2025-10-02;15650
8B5V1C;2025-10-02;10964
12W4H1U;2025-10-01;2834
12W4H1U;2025-10-02;2001
9M2KXX;2025-10-02;3228
8G2B2C;2025-10-02;21841
5S4G1W;2025-10-02;3107
5F6GXO;2025-10-02;2634
4T11G3A;2025-10-02;1413
2E7B3M;2025-10-02;3387
6M9B3S;2025-10-02;4682
7Z6L2F;2025-10-02;4392
7F3MXU;2025-10-02;6799
2G7GXM;2025-10-02;12328
1W7E1U;2025-10-02;2067
2L7HXA;2025-10-02;13992
0Q1Q9Q;2025-09-30;18292
0Q1Q9Q;2025-10-01;4122
0Q1Q9Q;2025-10-02;5612
3S4W1F;2025-10-02;6391
10Z9B1H;2025-10-02;7930
8G2B2C;2025-10-03;22076
6T2PXJ;2025-10-03;4576
2L7HXA;2025-10-03;25461
9B11R1G;2025-10-03;6605
11W4Y1H;2025-10-03;2424
5S4G1W;2025-10-03;3374
8B5V1C;2025-10-03;1752
9W8SXR;2025-10-03;14251
7P1P2P;2025-10-03;1593
4L5S1E;2025-10-03;7851
7J7DXM;2025-10-03;10795
12S1R1R;2025-10-03;6315
7Z6L2F;2025-10-03;7118
4Z11FXF;2025-10-03;1536
1B7SXH;2025-10-03;6571
9M2KXX;2025-10-03;321
6M9B3S;2025-10-03;10565
2E7B3M;2025-10-03;6976
3S4W1F;2025-10-03;10156
5F6GXO;2025-10-03;3246
3M2B2K;2025-10-02;4079
3M2B2K;2025-10-03;1299
2G7GXM;2025-10-03;7116
10Z12S2G;2025-10-03;13823
6M9B3S;2025-10-04;4646
9B11R1G;2025-10-04;2755
4L5S1E;2025-10-04;12143
1B7SXH;2025-10-04;4290
7Z6L2F;2025-10-04;8192
7J7DXM;2025-10-04;13264
5S4G1W;2025-10-04;4466
6T2PXJ;2025-10-04;28
9W8SXR;2025-10-04;4566
4Z11FXF;2025-10-04;1366
2L7HXA;2025-10-04;9550
9M2KXX;2025-10-04;1437
8G2B2C;2025-10-04;14131
4T11G3A;2025-10-03;18979
4T11G3A;2025-10-04;1854
10Z9B1H;2025-10-03;9920
10Z9B1H;2025-10-04;6843
8B5V1C;2025-10-04;1569
12S1R1R;2025-10-04;12226
2E7B3M;2025-10-04;6535
12W4H1U;2025-10-04;5598
2G7GXM;2025-10-04;2917
3M2B2K;2025-10-04;3489
11W4Y1H;2025-10-04;12914
7F3MXU;2025-10-04;6550
3S4W1F;2025-10-04;16106
5F6GXO;2025-10-04;3198
9B11R1G;2025-10-05;5543
6M9B3S;2025-10-05;10325
9M2KXX;2025-10-05;295
8B5V1C;2025-10-05;3204
9W8SXR;2025-10-05;745
2E7B3M;2025-10-05;6806
11W4Y1H;2025-10-05;7303
4Z11FXF;2025-10-05;3065
4L5S1E;2025-10-05;10752
6T2PXJ;2025-10-05;0
5S4G1W;2025-10-05;13204
5F6GXO;2025-10-05;3475
1B7SXH;2025-10-05;143
7J7DXM;2025-10-05;6666
8G2B2C;2025-10-05;23329
7P1P2P;2025-10-04;1586
7P1P2P;2025-10-05;1834
2L7HXA;2025-10-05;5723
10Z12S2G;2025-10-04;4816
10Z12S2G;2025-10-05;1191
4T11G3A;2025-10-05;2845
2G7GXM;2025-10-05;4893
3M2B2K;2025-10-05;8862
7F3MXU;2025-10-05;3391
7Z6L2F;2025-10-05;6455
12S1R1R;2025-10-05;5352
3S4W1F;2025-10-05;7336
0Q1Q9Q;2025-10-03;8029
0Q1Q9Q;2025-10-04;9005
0Q1Q9Q;2025-10-05;9589
9P3WXJ;2025-10-02;6421
9P3WXJ;2025-10-03;2498
9P3WXJ;2025-10-04;601
9P3WXJ;2025-10-05;1160
3M2B2K;2025-10-06;6586
8G2B2C;2025-10-06;12017
9B11R1G;2025-10-06;16065
5S4G1W;2025-10-06;8137
7P1P2P;2025-10-06;2451
4L5S1E;2025-10-06;6704
6T2PXJ;2025-10-06;0
7J7DXM;2025-10-06;4802
1B7SXH;2025-10-06;4705
9W8SXR;2025-10-06;1182
3S4W1F;2025-10-06;5628
4Z11FXF;2025-10-06;3798
8B5V1C;2025-10-06;1962
11W4Y1H;2025-10-06;8767
7Z6L2F;2025-10-06;7254
2E7B3M;2025-10-06;8213
6M9B3S;2025-10-06;9519
9M2KXX;2025-10-06;751
2L7HXA;2025-10-06;7122
10Z12S2G;2025-10-06;4175
2G7GXM;2025-10-06;7170
7L5E1F;2025-09-30;645
7L5E1F;2025-10-01;1299
7L5E1F;2025-10-02;2688
7L5E1F;2025-10-03;86
7L5E1F;2025-10-04;4
7L5E1F;2025-10-05;154
7L5E1F;2025-10-06;769
12S1R1R;2025-10-06;2647
4T11G3A;2025-10-06;11099
7F3MXU;2025-10-06;12836
1W7E1U;2025-10-03;2835
1W7E1U;2025-10-04;2849
1W7E1U;2025-10-05;12
1W7E1U;2025-10-06;53
12W4H1U;2025-10-05;5683
12W4H1U;2025-10-06;1300
9P3WXJ;2025-10-06;2105
5F6GXO;2025-10-06;4274
7J7DXM;2025-10-07;3624
4L5S1E;2025-10-07;9427
9B11R1G;2025-10-07;29134
7P1P2P;2025-10-07;954
4Z11FXF;2025-10-07;8929
5S4G1W;2025-10-07;6962
3M2B2K;2025-10-07;6924
9P3WXJ;2025-10-07;7431
1B7SXH;2025-10-07;5430
9W8SXR;2025-10-07;3457
5F6GXO;2025-10-07;4932
2E7B3M;2025-10-07;6008
11W4Y1H;2025-10-07;4779
3S4W1F;2025-10-07;8899
12W4H1U;2025-10-07;854
8B5V1C;2025-10-07;556
9M2KXX;2025-10-07;250
10Z12S2G;2025-10-07;1391
2L7HXA;2025-10-07;8880
7Z6L2F;2025-10-07;5288
7F3MXU;2025-10-07;15240
8G2B2C;2025-10-07;9840
6M9B3S;2025-10-07;13158
12S1R1R;2025-10-07;3336
4T11G3A;2025-10-07;6312
2G7GXM;2025-10-07;7900
6T2PXJ;2025-10-07;71
7J7DXM;2025-10-08;8697
9B11R1G;2025-10-08;30796
11W4Y1H;2025-10-08;7260
6T2PXJ;2025-10-08;18
7Z6L2F;2025-10-08;4913
9W8SXR;2025-10-08;3792
4L5S1E;2025-10-08;7370
1B7SXH;2025-10-08;5364
4Z11FXF;2025-10-08;1385
8B5V1C;2025-10-08;863
5S4G1W;2025-10-08;10806
2E7B3M;2025-10-08;3596
9M2KXX;2025-10-08;2578
2L7HXA;2025-10-08;7427
2G7GXM;2025-10-08;5243
7P1P2P;2025-10-08;8264
9P3WXJ;2025-10-08;2303
7F3MXU;2025-10-08;8328
3S4W1F;2025-10-08;18943
6M9B3S;2025-10-08;0
3M2B2K;2025-10-08;10566
12W4H1U;2025-10-08;4714
4T11G3A;2025-10-08;9475
5F6GXO;2025-10-08;6929
4L5S1E;2025-10-02;0
4L5S1E;2025-10-05;0
4L5S1E;2025-10-04;0
4L5S1E;2025-10-06;0
8G2B2C;2025-10-08;9825
6M9B3S;2025-10-09;12871
1B7SXH;2025-10-09;4064
9B11R1G;2025-10-09;17173
5S4G1W;2025-10-09;5841
7J7DXM;2025-10-09;22099
9W8SXR;2025-10-09;3288
4L5S1E;2025-10-09;7933
7Z6L2F;2025-10-09;7241
3M2B2K;2025-10-09;11559
4Z11FXF;2025-10-09;3001
6T2PXJ;2025-10-09;1140
9P3WXJ;2025-10-09;3283
4T11G3A;2025-10-09;10001
8B5V1C;2025-10-09;8381
3S4W1F;2025-10-09;7078
9M2KXX;2025-10-09;1239
7F3MXU;2025-10-09;11186
2E7B3M;2025-10-09;9658
7P1P2P;2025-10-09;2734
8G2B2C;2025-10-09;7006
2L7HXA;2025-10-09;6601
4L5S1E;2025-10-03;0
11W4Y1H;2025-10-11;4523
3S4W1F;2025-10-11;11491
5F6GXO;2025-10-11;6763
1W7E1U;2025-10-11;143
11W4Y1H;2025-10-09;6292
12W4H1U;2025-10-09;2677
12S1R1R;2025-10-08;7420
12S1R1R;2025-10-09;2312
2G7GXM;2025-10-09;7112
5S4G1W;2025-10-10;9694
9W8SXR;2025-10-10;2907
12W4H1U;2025-10-10;2000
6T2PXJ;2025-10-10;11070
11W4Y1H;2025-10-10;24375
2E7B3M;2025-10-10;7151
7J7DXM;2025-10-10;9319
4L5S1E;2025-10-10;5276
4T11G3A;2025-10-10;3167
7Z6L2F;2025-10-10;13566
4Z11FXF;2025-10-10;11
1B7SXH;2025-10-10;4353
9B11R1G;2025-10-10;21330
10Z9B1H;2025-10-05;2476
10Z9B1H;2025-10-06;1751
10Z9B1H;2025-10-07;6247
10Z9B1H;2025-10-08;6365
10Z9B1H;2025-10-09;568
9M2KXX;2025-10-10;1138
7F3MXU;2025-10-10;1966
10Z9B1H;2025-10-10;1621
6M9B3S;2025-10-10;20464
9P3WXJ;2025-10-10;9347
7P1P2P;2025-10-10;2190
6B10M2M;2025-10-09;0
5F6GXO;2025-10-09;6110
5F6GXO;2025-10-10;9607
8B5V1C;2025-10-10;2573
3S4W1F;2025-10-10;11061
8G2B2C;2025-10-10;488
2L7HXA;2025-10-10;7508
2G7GXM;2025-10-10;3994
10Z12S2G;2025-10-08;3299
10Z12S2G;2025-10-09;2935
10Z12S2G;2025-10-10;2835
1W7E1U;2025-10-07;8084
1W7E1U;2025-10-08;6622
1W7E1U;2025-10-09;90
1W7E1U;2025-10-10;9
3M2B2K;2025-10-10;12476
12S1R1R;2025-10-10;2841
6M9B3S;2025-10-11;5743
9P3WXJ;2025-10-12;8312
2G7GXM;2025-10-12;9653
8G2B2C;2025-10-11;7869
9B11R1G;2025-10-11;8136
2L7HXA;2025-10-11;7527
7Z6L2F;2025-10-11;8545
6T2PXJ;2025-10-11;161
5S4G1W;2025-10-11;8020
9W8SXR;2025-10-11;7887
4L5S1E;2025-10-11;21582
1B7SXH;2025-10-11;4257
4Z11FXF;2025-10-11;3516
9W8SXR;2025-10-10;2521
2E7B3M;2025-10-11;8406
9M2KXX;2025-10-11;1840
7J7DXM;2025-10-11;7208
8B5V1C;2025-10-11;1191
7F3MXU;2025-10-11;10202
4L5S1E;2025-10-07;0
9B11R1G;2025-10-12;8442
4L5S1E;2025-10-08;0
9W8SXR;2025-10-12;583
4L5S1E;2025-10-09;2681
4L5S1E;2025-10-10;2391
4L5S1E;2025-10-11;0
2G7GXM;2025-10-11;12923
9P3WXJ;2025-10-11;4177
10Z12S2G;2025-10-11;1996
3M2B2K;2025-10-11;8084
7P1P2P;2025-10-11;2393
4L5S1E;2025-10-12;14093
5S4G1W;2025-10-12;13260
7J7DXM;2025-10-12;4913
2E7B3M;2025-10-12;25427
7Z6L2F;2025-10-12;3302
6T2PXJ;2025-10-12;0
8B5V1C;2025-10-12;2146
4Z11FXF;2025-10-12;1598
1B7SXH;2025-10-12;6930
4T11G3A;2025-10-11;3148
4T11G3A;2025-10-12;103
9M2KXX;2025-10-12;7332
6M9B3S;2025-10-12;12002
8G2B2C;2025-10-12;5190
2L7HXA;2025-10-12;21283
7P1P2P;2025-10-12;1630
4L5S1E;2025-10-12;27
7F3MXU;2025-10-12;6357
3M2B2K;2025-10-12;3793
1W7E1U;2025-10-12;1230
